[INFO] [1778710800.233708087] [centerline_scan_node]: ================================
[INFO] [1778710800.241492468] [centerline_scan_node]: CENTERLINE SCAN NODE STARTED
[INFO] [1778710800.257497628] [centerline_scan_node]: Route: 1L, 2R, 3L, 4R, 5L, 6R, 7L, 8R, then exit aisle
[INFO] [1778710800.271666129] [centerline_scan_node]: Centerline x=0.0, scan rows y=-3,-1,1,3
[INFO] [1778710800.280143219] [centerline_scan_node]: ================================
[INFO] [1778710800.287436592] [centerline_scan_node]: Waiting for /odom...
[INFO] [1778710800.393060163] [centerline_scan_node]: Mode=ALIGN_AISLE | x=-0.00, y=0.00, yaw=-0.00
[INFO] [1778710800.486374699] [centerline_scan_node]: Mode=ALIGN_AISLE | x=-0.00, y=0.00, yaw=-0.00
[INFO] [1778710800.586398687] [centerline_scan_node]: Mode=ALIGN_AISLE | x=-0.00, y=0.00, yaw=-0.00
[INFO] [1778710800.696527756] [centerline_scan_node]: Mode=ALIGN_AISLE | x=-0.00, y=0.00, yaw=-0.00
[INFO] [1778710800.792319997] [centerline_scan_node]: Mode=ALIGN_AISLE | x=-0.00, y=0.00, yaw=-0.00
[INFO] [1778710800.888075017] [centerline_scan_node]: Mode=ALIGN_AISLE | x=-0.00, y=0.00, yaw=-0.00
[INFO] [1778710800.986403478] [centerline_scan_node]: Mode=ALIGN_AISLE | x=-0.00, y=0.00, yaw=-0.00
[INFO] [1778710801.104949163] [centerline_scan_node]: Mode=ALIGN_AISLE | x=-0.00, y=0.00, yaw=-0.00
[INFO] [1778710801.188037288] [centerline_scan_node]: Mode=ALIGN_AISLE | x=-0.00, y=0.00, yaw=-0.00
[INFO] [1778710801.297648749] [centerline_scan_node]: Mode=ALIGN_AISLE | x=-0.00, y=0.00, yaw=-0.00
[INFO] [1778710801.391973917] [centerline_scan_node]: Mode=ALIGN_AISLE | x=-0.00, y=0.00, yaw=-0.00
[INFO] [1778710802.023691921] [centerline_scan_node]: Mode=ALIGN_AISLE | x=-0.00, y=0.00, yaw=-0.00
[INFO] [1778710802.086117812] [centerline_scan_node]: Mode=ALIGN_AISLE | x=-0.00, y=0.00, yaw=-0.00
[INFO] [1778710802.187110831] [centerline_scan_node]: Mode=ALIGN_AISLE | x=-0.00, y=0.00, yaw=-0.00
[INFO] [1778710802.291669086] [centerline_scan_node]: Mode=ALIGN_AISLE | x=-0.00, y=0.00, yaw=-0.00
[INFO] [1778710802.394079594] [centerline_scan_node]: Mode=ALIGN_AISLE | x=-0.00, y=0.00, yaw=-0.00
[INFO] [1778710802.487343520] [centerline_scan_node]: Mode=ALIGN_AISLE | x=-0.00, y=0.00, yaw=-0.00
[INFO] [1778710802.587359030] [centerline_scan_node]: Mode=ALIGN_AISLE | x=-0.00, y=0.00, yaw=-0.00
[INFO] [1778710802.689520481] [centerline_scan_node]: Mode=ALIGN_AISLE | x=-0.00, y=0.00, yaw=-0.00
[INFO] [1778710802.792555478] [centerline_scan_node]: Mode=ALIGN_AISLE | x=-0.00, y=0.00, yaw=-0.00
[INFO] [1778710802.892316943] [centerline_scan_node]: Mode=ALIGN_AISLE | x=-0.00, y=0.00, yaw=-0.00
[INFO] [1778710803.000494761] [centerline_scan_node]: Mode=ALIGN_AISLE | x=-0.00, y=0.00, yaw=-0.00
[INFO] [1778710803.092997028] [centerline_scan_node]: Mode=ALIGN_AISLE | x=-0.00, y=0.00, yaw=-0.00
[INFO] [1778710803.190354334] [centerline_scan_node]: Mode=ALIGN_AISLE | x=-0.00, y=0.00, yaw=-0.00
[INFO] [1778710803.291676623] [centerline_scan_node]: Mode=ALIGN_AISLE | x=-0.00, y=0.00, yaw=-0.00
[INFO] [1778710803.392800591] [centerline_scan_node]: Mode=ALIGN_AISLE | x=-0.00, y=0.00, yaw=-0.00
[INFO] [1778710803.486613584] [centerline_scan_node]: Mode=ALIGN_AISLE | x=-0.00, y=0.00, yaw=-0.00
[INFO] [1778710803.586772867] [centerline_scan_node]: Mode=ALIGN_AISLE | x=-0.00, y=0.00, yaw=-0.00
[INFO] [1778710803.696702664] [centerline_scan_node]: Mode=ALIGN_AISLE | x=-0.00, y=0.00, yaw=-0.00
[INFO] [1778710803.784839374] [centerline_scan_node]: Mode=ALIGN_AISLE | x=-0.00, y=0.00, yaw=-0.00
[INFO] [1778710803.885807137] [centerline_scan_node]: Mode=ALIGN_AISLE | x=-0.00, y=0.00, yaw=-0.00
[INFO] [1778710804.001651610] [centerline_scan_node]: Mode=ALIGN_AISLE | x=-0.00, y=0.00, yaw=-0.00
[INFO] [1778710804.241671660] [centerline_scan_node]: Mode=ALIGN_AISLE | x=-0.00, y=0.00, yaw=-0.00
[INFO] [1778710804.294104332] [centerline_scan_node]: Mode=ALIGN_AISLE | x=-0.00, y=0.00, yaw=-0.00
[INFO] [1778710804.339868609] [centerline_scan_node]: Mode=ALIGN_AISLE | x=-0.00, y=0.00, yaw=-0.00
[INFO] [1778710804.388151446] [centerline_scan_node]: Mode=ALIGN_AISLE | x=-0.00, y=0.00, yaw=-0.00
[INFO] [1778710804.496861913] [centerline_scan_node]: Mode=ALIGN_AISLE | x=-0.00, y=0.00, yaw=-0.00
[INFO] [1778710804.591297900] [centerline_scan_node]: Mode=ALIGN_AISLE | x=-0.00, y=0.00, yaw=-0.00
[INFO] [1778710804.693112976] [centerline_scan_node]: Mode=ALIGN_AISLE | x=-0.00, y=0.00, yaw=-0.00
[INFO] [1778710804.793067428] [centerline_scan_node]: Mode=ALIGN_AISLE | x=-0.00, y=0.00, yaw=-0.00
[INFO] [1778710804.890858892] [centerline_scan_node]: Mode=ALIGN_AISLE | x=-0.00, y=0.00, yaw=-0.00
[INFO] [1778710804.986620385] [centerline_scan_node]: Mode=ALIGN_AISLE | x=-0.00, y=0.00, yaw=-0.00
[INFO] [1778710805.088121819] [centerline_scan_node]: Mode=ALIGN_AISLE | x=-0.00, y=0.00, yaw=-0.00
[INFO] [1778710805.185961351] [centerline_scan_node]: Mode=ALIGN_AISLE | x=-0.00, y=0.00, yaw=-0.00
[INFO] [1778710805.289136192] [centerline_scan_node]: Mode=ALIGN_AISLE | x=-0.00, y=0.00, yaw=-0.00
[INFO] [1778710805.389865006] [centerline_scan_node]: Mode=ALIGN_AISLE | x=-0.00, y=0.00, yaw=-0.00
[INFO] [1778710805.485967812] [centerline_scan_node]: Mode=ALIGN_AISLE | x=-0.00, y=0.00, yaw=-0.00
[INFO] [1778710805.589448004] [centerline_scan_node]: Mode=ALIGN_AISLE | x=-0.00, y=0.00, yaw=-0.00
[INFO] [1778710805.685142704] [centerline_scan_node]: Mode=ALIGN_AISLE | x=-0.00, y=0.00, yaw=-0.00
[INFO] [1778710805.798323521] [centerline_scan_node]: Mode=ALIGN_AISLE | x=-0.00, y=0.00, yaw=-0.00
[INFO] [1778710805.885458236] [centerline_scan_node]: Mode=ALIGN_AISLE | x=-0.00, y=0.00, yaw=-0.00
[INFO] [1778710805.993538815] [centerline_scan_node]: Mode=ALIGN_AISLE | x=-0.00, y=0.00, yaw=-0.00
[INFO] [1778710806.088821996] [centerline_scan_node]: Mode=ALIGN_AISLE | x=-0.00, y=0.00, yaw=-0.00
[INFO] [1778710806.186011765] [centerline_scan_node]: Mode=ALIGN_AISLE | x=-0.00, y=0.00, yaw=-0.00
[INFO] [1778710806.287536036] [centerline_scan_node]: Mode=ALIGN_AISLE | x=-0.00, y=0.00, yaw=-0.00
[INFO] [1778710806.388470847] [centerline_scan_node]: Mode=ALIGN_AISLE | x=-0.00, y=0.00, yaw=-0.00
[INFO] [1778710806.490862948] [centerline_scan_node]: Mode=ALIGN_AISLE | x=-0.00, y=0.00, yaw=-0.00
[INFO] [1778710806.587681306] [centerline_scan_node]: Mode=ALIGN_AISLE | x=-0.00, y=0.00, yaw=-0.00
[INFO] [1778710806.691742796] [centerline_scan_node]: Mode=ALIGN_AISLE | x=-0.00, y=0.00, yaw=-0.00
[INFO] [1778710806.788304207] [centerline_scan_node]: Mode=ALIGN_AISLE | x=-0.00, y=0.00, yaw=-0.00
[INFO] [1778710806.892189002] [centerline_scan_node]: Mode=ALIGN_AISLE | x=-0.00, y=0.00, yaw=-0.00
[INFO] [1778710806.989302190] [centerline_scan_node]: Mode=ALIGN_AISLE | x=-0.00, y=0.00, yaw=-0.00
[INFO] [1778710807.095194751] [centerline_scan_node]: Mode=ALIGN_AISLE | x=-0.00, y=0.00, yaw=-0.00
[INFO] [1778710807.185469985] [centerline_scan_node]: Mode=ALIGN_AISLE | x=-0.00, y=0.00, yaw=-0.00
[INFO] [1778710807.285168572] [centerline_scan_node]: Mode=ALIGN_AISLE | x=-0.00, y=0.00, yaw=-0.00
[INFO] [1778710807.385058531] [centerline_scan_node]: Mode=ALIGN_AISLE | x=-0.00, y=0.00, yaw=-0.00
[INFO] [1778710807.491544461] [centerline_scan_node]: Mode=ALIGN_AISLE | x=-0.00, y=0.00, yaw=-0.00
[INFO] [1778710807.595787274] [centerline_scan_node]: Mode=ALIGN_AISLE | x=-0.00, y=0.00, yaw=-0.00
[INFO] [1778710807.698000190] [centerline_scan_node]: Mode=ALIGN_AISLE | x=-0.00, y=0.00, yaw=-0.00
[INFO] [1778710807.791801118] [centerline_scan_node]: Mode=ALIGN_AISLE | x=-0.00, y=0.00, yaw=-0.00
[INFO] [1778710807.894063840] [centerline_scan_node]: Mode=ALIGN_AISLE | x=-0.00, y=0.00, yaw=-0.00
[INFO] [1778710807.992626967] [centerline_scan_node]: Mode=ALIGN_AISLE | x=-0.00, y=0.00, yaw=-0.00
[INFO] [1778710808.094621187] [centerline_scan_node]: Mode=ALIGN_AISLE | x=-0.00, y=0.00, yaw=-0.00
[INFO] [1778710808.188577999] [centerline_scan_node]: Mode=ALIGN_AISLE | x=-0.00, y=0.00, yaw=-0.00
[INFO] [1778710808.295704997] [centerline_scan_node]: Mode=ALIGN_AISLE | x=-0.00, y=0.00, yaw=-0.00
[INFO] [1778710808.385369209] [centerline_scan_node]: Mode=ALIGN_AISLE | x=-0.00, y=0.00, yaw=-0.00
[INFO] [1778710808.491722148] [centerline_scan_node]: Mode=ALIGN_AISLE | x=-0.00, y=0.00, yaw=-0.00
[INFO] [1778710808.599657213] [centerline_scan_node]: Mode=ALIGN_AISLE | x=-0.00, y=0.00, yaw=-0.00
[INFO] [1778710808.688229444] [centerline_scan_node]: Mode=ALIGN_AISLE | x=-0.00, y=0.00, yaw=-0.00
[INFO] [1778710808.789656781] [centerline_scan_node]: Mode=ALIGN_AISLE | x=-0.00, y=0.00, yaw=-0.00
[INFO] [1778710808.888725464] [centerline_scan_node]: Mode=ALIGN_AISLE | x=-0.00, y=0.00, yaw=-0.00
[INFO] [1778710808.991769142] [centerline_scan_node]: Mode=ALIGN_AISLE | x=-0.00, y=0.00, yaw=-0.00
[INFO] [1778710809.086743523] [centerline_scan_node]: Mode=ALIGN_AISLE | x=-0.00, y=0.00, yaw=-0.00
[INFO] [1778710809.196067310] [centerline_scan_node]: Mode=ALIGN_AISLE | x=-0.00, y=0.00, yaw=-0.00
[INFO] [1778710809.290509217] [centerline_scan_node]: Mode=ALIGN_AISLE | x=-0.00, y=0.00, yaw=-0.00
[INFO] [1778710809.388535173] [centerline_scan_node]: Mode=ALIGN_AISLE | x=-0.00, y=0.00, yaw=-0.00
[INFO] [1778710809.488420768] [centerline_scan_node]: Mode=ALIGN_AISLE | x=-0.00, y=0.00, yaw=-0.00
[INFO] [1778710809.588640608] [centerline_scan_node]: Mode=ALIGN_AISLE | x=-0.00, y=0.00, yaw=-0.00
[INFO] [1778710809.691801643] [centerline_scan_node]: Mode=ALIGN_AISLE | x=-0.00, y=0.00, yaw=-0.00
[INFO] [1778710809.783384423] [centerline_scan_node]: Mode=ALIGN_AISLE | x=-0.00, y=0.00, yaw=-0.00
[INFO] [1778710809.891553943] [centerline_scan_node]: Mode=ALIGN_AISLE | x=-0.00, y=0.00, yaw=-0.00
[INFO] [1778710809.983917104] [centerline_scan_node]: Mode=ALIGN_AISLE | x=-0.00, y=0.00, yaw=-0.00
[INFO] [1778710810.090113218] [centerline_scan_node]: Mode=ALIGN_AISLE | x=-0.00, y=0.00, yaw=-0.00
[INFO] [1778710810.189146198] [centerline_scan_node]: Mode=ALIGN_AISLE | x=-0.00, y=0.00, yaw=-0.00
[INFO] [1778710810.290823403] [centerline_scan_node]: Mode=ALIGN_AISLE | x=-0.00, y=0.00, yaw=-0.00
[INFO] [1778710810.391284032] [centerline_scan_node]: Mode=ALIGN_AISLE | x=-0.00, y=0.00, yaw=-0.00
[INFO] [1778710810.492409539] [centerline_scan_node]: Mode=ALIGN_AISLE | x=-0.00, y=0.00, yaw=-0.00
[INFO] [1778710810.587438949] [centerline_scan_node]: Mode=ALIGN_AISLE | x=-0.00, y=0.00, yaw=-0.00
[INFO] [1778710810.686327681] [centerline_scan_node]: Mode=ALIGN_AISLE | x=-0.00, y=0.00, yaw=-0.00
[INFO] [1778710810.786375395] [centerline_scan_node]: Mode=ALIGN_AISLE | x=-0.00, y=0.00, yaw=-0.00
[INFO] [1778710810.887930557] [centerline_scan_node]: Mode=ALIGN_AISLE | x=-0.00, y=0.00, yaw=-0.00
[INFO] [1778710810.987298182] [centerline_scan_node]: Mode=ALIGN_AISLE | x=-0.00, y=0.00, yaw=-0.00
[INFO] [1778710811.089053319] [centerline_scan_node]: Mode=ALIGN_AISLE | x=-0.00, y=0.00, yaw=-0.00
[INFO] [1778710811.190629739] [centerline_scan_node]: Mode=ALIGN_AISLE | x=-0.00, y=0.00, yaw=-0.00
[INFO] [1778710811.293161346] [centerline_scan_node]: Mode=ALIGN_AISLE | x=-0.00, y=0.00, yaw=-0.00
[INFO] [1778710811.385352784] [centerline_scan_node]: Mode=ALIGN_AISLE | x=-0.00, y=0.00, yaw=-0.00
[INFO] [1778710811.490817964] [centerline_scan_node]: Mode=ALIGN_AISLE | x=-0.00, y=0.00, yaw=-0.00
[INFO] [1778710811.587918119] [centerline_scan_node]: Mode=ALIGN_AISLE | x=-0.00, y=0.00, yaw=-0.00
[INFO] [1778710811.692624925] [centerline_scan_node]: Mode=ALIGN_AISLE | x=-0.00, y=0.00, yaw=-0.00
[INFO] [1778710811.792502821] [centerline_scan_node]: Mode=ALIGN_AISLE | x=-0.00, y=0.00, yaw=-0.00
[INFO] [1778710811.894426030] [centerline_scan_node]: Mode=ALIGN_AISLE | x=-0.00, y=0.00, yaw=-0.00
[INFO] [1778710811.984093345] [centerline_scan_node]: Mode=ALIGN_AISLE | x=-0.00, y=0.00, yaw=-0.00
[INFO] [1778710812.090459909] [centerline_scan_node]: Mode=ALIGN_AISLE | x=-0.00, y=0.00, yaw=-0.00
[INFO] [1778710812.191696275] [centerline_scan_node]: Mode=ALIGN_AISLE | x=-0.00, y=0.00, yaw=-0.00
[INFO] [1778710812.286494981] [centerline_scan_node]: Mode=ALIGN_AISLE | x=-0.00, y=0.00, yaw=-0.00
[INFO] [1778710812.394344568] [centerline_scan_node]: Mode=ALIGN_AISLE | x=-0.00, y=0.00, yaw=-0.00
[INFO] [1778710812.492352693] [centerline_scan_node]: Mode=ALIGN_AISLE | x=-0.00, y=0.00, yaw=-0.00
[INFO] [1778710812.584930485] [centerline_scan_node]: Mode=ALIGN_AISLE | x=-0.00, y=0.00, yaw=-0.00
[INFO] [1778710812.691817814] [centerline_scan_node]: Mode=ALIGN_AISLE | x=-0.00, y=0.00, yaw=-0.00
[INFO] [1778710812.785060541] [centerline_scan_node]: Mode=ALIGN_AISLE | x=-0.00, y=0.00, yaw=-0.00
[INFO] [1778710812.889731690] [centerline_scan_node]: Mode=ALIGN_AISLE | x=-0.00, y=0.00, yaw=-0.00
[INFO] [1778710812.991642624] [centerline_scan_node]: Mode=ALIGN_AISLE | x=-0.00, y=0.00, yaw=-0.00
[INFO] [1778710813.089829808] [centerline_scan_node]: Mode=ALIGN_AISLE | x=-0.00, y=0.00, yaw=-0.00
[INFO] [1778710813.190653010] [centerline_scan_node]: Mode=ALIGN_AISLE | x=-0.00, y=0.00, yaw=-0.00
[INFO] [1778710813.291299932] [centerline_scan_node]: Mode=ALIGN_AISLE | x=-0.00, y=0.00, yaw=-0.00
[INFO] [1778710813.387716924] [centerline_scan_node]: Mode=ALIGN_AISLE | x=-0.00, y=0.00, yaw=-0.00
[INFO] [1778710813.488517962] [centerline_scan_node]: Mode=ALIGN_AISLE | x=-0.00, y=0.00, yaw=-0.00
[INFO] [1778710813.590049061] [centerline_scan_node]: Mode=ALIGN_AISLE | x=-0.00, y=0.00, yaw=-0.00
[INFO] [1778710813.688137626] [centerline_scan_node]: Mode=ALIGN_AISLE | x=-0.00, y=0.00, yaw=-0.00
[INFO] [1778710813.789277160] [centerline_scan_node]: Mode=ALIGN_AISLE | x=-0.00, y=0.00, yaw=-0.00
[INFO] [1778710813.889084995] [centerline_scan_node]: Mode=ALIGN_AISLE | x=-0.00, y=0.00, yaw=-0.00
[INFO] [1778710813.986059162] [centerline_scan_node]: Mode=ALIGN_AISLE | x=-0.00, y=0.00, yaw=-0.00
[INFO] [1778710814.091387967] [centerline_scan_node]: Mode=ALIGN_AISLE | x=-0.00, y=0.00, yaw=-0.00
[INFO] [1778710814.188179321] [centerline_scan_node]: Mode=ALIGN_AISLE | x=-0.00, y=0.00, yaw=-0.00
[INFO] [1778710814.293386258] [centerline_scan_node]: Mode=ALIGN_AISLE | x=-0.00, y=0.00, yaw=-0.00
[INFO] [1778710814.388320846] [centerline_scan_node]: Mode=ALIGN_AISLE | x=-0.00, y=0.00, yaw=-0.00
[INFO] [1778710814.492213741] [centerline_scan_node]: Mode=ALIGN_AISLE | x=-0.00, y=0.00, yaw=-0.00
[INFO] [1778710814.587317585] [centerline_scan_node]: Mode=ALIGN_AISLE | x=-0.00, y=0.00, yaw=-0.00
[INFO] [1778710814.691630617] [centerline_scan_node]: Mode=ALIGN_AISLE | x=-0.00, y=0.00, yaw=-0.00
[INFO] [1778710814.787743767] [centerline_scan_node]: Mode=ALIGN_AISLE | x=-0.00, y=0.00, yaw=-0.00
[INFO] [1778710814.888776841] [centerline_scan_node]: Mode=ALIGN_AISLE | x=-0.00, y=0.00, yaw=-0.00
[INFO] [1778710814.993395081] [centerline_scan_node]: Mode=ALIGN_AISLE | x=-0.00, y=0.00, yaw=-0.00
[INFO] [1778710815.087663923] [centerline_scan_node]: Mode=ALIGN_AISLE | x=-0.00, y=0.00, yaw=-0.00
[INFO] [1778710815.193220972] [centerline_scan_node]: Mode=ALIGN_AISLE | x=-0.00, y=0.00, yaw=-0.00
[INFO] [1778710815.290039319] [centerline_scan_node]: Mode=ALIGN_AISLE | x=-0.00, y=0.00, yaw=-0.00
[INFO] [1778710815.388889096] [centerline_scan_node]: Mode=ALIGN_AISLE | x=-0.00, y=0.00, yaw=-0.00
[INFO] [1778710815.493670887] [centerline_scan_node]: Mode=ALIGN_AISLE | x=-0.00, y=0.00, yaw=-0.00
[INFO] [1778710815.592718305] [centerline_scan_node]: Mode=ALIGN_AISLE | x=-0.00, y=0.00, yaw=-0.00
[INFO] [1778710815.690750724] [centerline_scan_node]: Mode=ALIGN_AISLE | x=-0.00, y=0.00, yaw=-0.00
[INFO] [1778710815.788721508] [centerline_scan_node]: Mode=ALIGN_AISLE | x=-0.00, y=0.00, yaw=-0.00
[INFO] [1778710815.888694504] [centerline_scan_node]: Mode=ALIGN_AISLE | x=-0.00, y=0.00, yaw=-0.00
[INFO] [1778710815.986109528] [centerline_scan_node]: Mode=ALIGN_AISLE | x=-0.00, y=0.00, yaw=-0.00
[INFO] [1778710816.096831671] [centerline_scan_node]: Mode=ALIGN_AISLE | x=-0.00, y=0.00, yaw=-0.00
[INFO] [1778710816.191260794] [centerline_scan_node]: Mode=ALIGN_AISLE | x=-0.00, y=0.00, yaw=-0.00
[INFO] [1778710816.290502702] [centerline_scan_node]: Mode=ALIGN_AISLE | x=-0.00, y=0.00, yaw=-0.00
[INFO] [1778710816.386512615] [centerline_scan_node]: Mode=ALIGN_AISLE | x=-0.00, y=0.00, yaw=-0.00
[INFO] [1778710816.495147834] [centerline_scan_node]: Mode=ALIGN_AISLE | x=-0.00, y=0.00, yaw=-0.00
[INFO] [1778710816.587524702] [centerline_scan_node]: Mode=ALIGN_AISLE | x=-0.00, y=0.00, yaw=-0.00
[INFO] [1778710816.685641407] [centerline_scan_node]: Mode=ALIGN_AISLE | x=-0.00, y=0.00, yaw=-0.00
[INFO] [1778710816.796316189] [centerline_scan_node]: Mode=ALIGN_AISLE | x=-0.00, y=0.00, yaw=-0.00
[INFO] [1778710816.886277267] [centerline_scan_node]: Mode=ALIGN_AISLE | x=-0.00, y=0.00, yaw=-0.00
[INFO] [1778710816.997583459] [centerline_scan_node]: Mode=ALIGN_AISLE | x=-0.00, y=0.00, yaw=-0.00
[INFO] [1778710817.139663844] [centerline_scan_node]: Mode=ALIGN_AISLE | x=-0.00, y=0.00, yaw=-0.00
[INFO] [1778710817.207619128] [centerline_scan_node]: Mode=ALIGN_AISLE | x=-0.00, y=0.00, yaw=-0.00
[INFO] [1778710817.287391134] [centerline_scan_node]: Mode=ALIGN_AISLE | x=-0.00, y=0.00, yaw=-0.00
[INFO] [1778710817.386837968] [centerline_scan_node]: Mode=ALIGN_AISLE | x=-0.00, y=0.00, yaw=-0.00
[INFO] [1778710817.486246325] [centerline_scan_node]: Mode=ALIGN_AISLE | x=-0.00, y=0.00, yaw=-0.00
[INFO] [1778710817.590172875] [centerline_scan_node]: Mode=ALIGN_AISLE | x=-0.00, y=0.00, yaw=-0.00
[INFO] [1778710817.686621583] [centerline_scan_node]: Mode=ALIGN_AISLE | x=-0.00, y=0.00, yaw=-0.00
[INFO] [1778710817.788221640] [centerline_scan_node]: Mode=ALIGN_AISLE | x=-0.00, y=0.00, yaw=-0.00
[INFO] [1778710817.884897607] [centerline_scan_node]: Mode=ALIGN_AISLE | x=-0.00, y=0.00, yaw=-0.00
[INFO] [1778710817.986640867] [centerline_scan_node]: Mode=ALIGN_AISLE | x=-0.00, y=0.00, yaw=-0.00
[INFO] [1778710818.089946847] [centerline_scan_node]: Mode=ALIGN_AISLE | x=-0.00, y=0.00, yaw=-0.00
[INFO] [1778710818.191055052] [centerline_scan_node]: Mode=ALIGN_AISLE | x=-0.00, y=0.00, yaw=-0.00
[INFO] [1778710818.287754134] [centerline_scan_node]: Mode=ALIGN_AISLE | x=-0.00, y=0.00, yaw=-0.00
[INFO] [1778710818.390850181] [centerline_scan_node]: Mode=ALIGN_AISLE | x=-0.00, y=0.00, yaw=-0.00
[INFO] [1778710818.487240063] [centerline_scan_node]: Mode=ALIGN_AISLE | x=-0.00, y=0.00, yaw=-0.00
[INFO] [1778710818.591843377] [centerline_scan_node]: Mode=ALIGN_AISLE | x=-0.00, y=0.00, yaw=-0.00
[INFO] [1778710818.687737288] [centerline_scan_node]: Mode=ALIGN_AISLE | x=-0.00, y=0.00, yaw=-0.00
[INFO] [1778710818.787931754] [centerline_scan_node]: Mode=ALIGN_AISLE | x=-0.00, y=0.00, yaw=-0.00
[INFO] [1778710818.886328042] [centerline_scan_node]: Mode=ALIGN_AISLE | x=-0.00, y=0.00, yaw=-0.00
[INFO] [1778710818.989366169] [centerline_scan_node]: Mode=ALIGN_AISLE | x=-0.00, y=0.00, yaw=-0.00
[INFO] [1778710819.090777583] [centerline_scan_node]: Mode=ALIGN_AISLE | x=-0.00, y=0.00, yaw=-0.00
[INFO] [1778710819.185151234] [centerline_scan_node]: Mode=ALIGN_AISLE | x=-0.00, y=0.00, yaw=-0.00
[INFO] [1778710819.297034676] [centerline_scan_node]: Mode=ALIGN_AISLE | x=-0.00, y=0.00, yaw=-0.00
[INFO] [1778710819.384577676] [centerline_scan_node]: Mode=ALIGN_AISLE | x=-0.00, y=0.00, yaw=-0.00
[INFO] [1778710819.508095926] [centerline_scan_node]: Mode=ALIGN_AISLE | x=-0.00, y=0.00, yaw=-0.00
[INFO] [1778710819.596615936] [centerline_scan_node]: Mode=ALIGN_AISLE | x=-0.00, y=0.00, yaw=-0.00
[INFO] [1778710819.688158598] [centerline_scan_node]: Mode=ALIGN_AISLE | x=-0.00, y=0.00, yaw=-0.00
[INFO] [1778710819.791451061] [centerline_scan_node]: Mode=ALIGN_AISLE | x=-0.00, y=0.00, yaw=-0.00
[INFO] [1778710819.885813632] [centerline_scan_node]: Mode=ALIGN_AISLE | x=-0.00, y=0.00, yaw=-0.00
[INFO] [1778710819.988649403] [centerline_scan_node]: Mode=ALIGN_AISLE | x=-0.00, y=0.00, yaw=-0.00
[INFO] [1778710820.099511931] [centerline_scan_node]: Mode=ALIGN_AISLE | x=-0.00, y=0.00, yaw=-0.00
[INFO] [1778710820.185907610] [centerline_scan_node]: Mode=ALIGN_AISLE | x=-0.00, y=0.00, yaw=-0.00
[INFO] [1778710820.291260389] [centerline_scan_node]: Mode=ALIGN_AISLE | x=-0.00, y=0.00, yaw=-0.00
[INFO] [1778710820.391199738] [centerline_scan_node]: Mode=ALIGN_AISLE | x=-0.00, y=0.00, yaw=-0.00
[INFO] [1778710820.488330480] [centerline_scan_node]: Mode=ALIGN_AISLE | x=-0.00, y=0.00, yaw=-0.00
[INFO] [1778710820.596942567] [centerline_scan_node]: Mode=ALIGN_AISLE | x=-0.00, y=0.00, yaw=-0.00
[INFO] [1778710820.688373706] [centerline_scan_node]: Mode=ALIGN_AISLE | x=-0.00, y=0.00, yaw=-0.00
[INFO] [1778710820.788447140] [centerline_scan_node]: Mode=ALIGN_AISLE | x=-0.00, y=0.00, yaw=-0.00
[INFO] [1778710820.884872458] [centerline_scan_node]: Mode=ALIGN_AISLE | x=-0.00, y=0.00, yaw=-0.00
[INFO] [1778710820.992496000] [centerline_scan_node]: Mode=ALIGN_AISLE | x=-0.00, y=0.00, yaw=-0.00
[INFO] [1778710821.086789953] [centerline_scan_node]: Mode=ALIGN_AISLE | x=-0.00, y=0.00, yaw=-0.00
[INFO] [1778710821.191751048] [centerline_scan_node]: Mode=ALIGN_AISLE | x=-0.00, y=0.00, yaw=-0.00
[INFO] [1778710821.287041375] [centerline_scan_node]: Mode=ALIGN_AISLE | x=-0.00, y=0.00, yaw=-0.00
[INFO] [1778710821.386073412] [centerline_scan_node]: Mode=ALIGN_AISLE | x=-0.00, y=0.00, yaw=-0.00
[INFO] [1778710821.495453789] [centerline_scan_node]: Mode=ALIGN_AISLE | x=-0.00, y=0.00, yaw=-0.00
[INFO] [1778710821.587275359] [centerline_scan_node]: Mode=ALIGN_AISLE | x=-0.00, y=0.00, yaw=-0.00
[INFO] [1778710821.694217302] [centerline_scan_node]: Mode=ALIGN_AISLE | x=-0.00, y=0.00, yaw=-0.00
[INFO] [1778710821.787427441] [centerline_scan_node]: Mode=ALIGN_AISLE | x=-0.00, y=0.00, yaw=-0.00
[INFO] [1778710821.886821067] [centerline_scan_node]: Mode=ALIGN_AISLE | x=-0.00, y=0.00, yaw=-0.00
[INFO] [1778710821.991446021] [centerline_scan_node]: Mode=ALIGN_AISLE | x=-0.00, y=0.00, yaw=-0.00
[INFO] [1778710822.086035332] [centerline_scan_node]: Mode=ALIGN_AISLE | x=-0.00, y=0.00, yaw=-0.00
[INFO] [1778710822.188564356] [centerline_scan_node]: Mode=ALIGN_AISLE | x=-0.00, y=0.00, yaw=-0.00
[INFO] [1778710822.288566621] [centerline_scan_node]: Mode=ALIGN_AISLE | x=-0.00, y=0.00, yaw=-0.00
[INFO] [1778710822.388790141] [centerline_scan_node]: Mode=ALIGN_AISLE | x=-0.00, y=0.00, yaw=-0.00
[INFO] [1778710822.489377018] [centerline_scan_node]: Mode=ALIGN_AISLE | x=-0.00, y=0.00, yaw=-0.00
[INFO] [1778710822.587213867] [centerline_scan_node]: Mode=ALIGN_AISLE | x=-0.00, y=0.00, yaw=-0.00
[INFO] [1778710822.686238339] [centerline_scan_node]: Mode=ALIGN_AISLE | x=-0.00, y=0.00, yaw=-0.00
[INFO] [1778710822.785624649] [centerline_scan_node]: Mode=ALIGN_AISLE | x=-0.00, y=0.00, yaw=-0.00
[INFO] [1778710822.902688933] [centerline_scan_node]: Mode=ALIGN_AISLE | x=-0.00, y=0.00, yaw=-0.00
[INFO] [1778710822.994596655] [centerline_scan_node]: Mode=ALIGN_AISLE | x=-0.00, y=0.00, yaw=-0.00
[INFO] [1778710823.235414660] [centerline_scan_node]: Mode=ALIGN_AISLE | x=-0.00, y=0.00, yaw=-0.00
[INFO] [1778710823.360075836] [centerline_scan_node]: Mode=ALIGN_AISLE | x=-0.00, y=0.00, yaw=-0.00
[INFO] [1778710823.378036248] [centerline_scan_node]: Mode=ALIGN_AISLE | x=-0.00, y=0.00, yaw=-0.00
[INFO] [1778710823.398000561] [centerline_scan_node]: Mode=ALIGN_AISLE | x=-0.00, y=0.00, yaw=-0.00
[INFO] [1778710823.496889362] [centerline_scan_node]: Mode=ALIGN_AISLE | x=-0.00, y=0.00, yaw=-0.00
[INFO] [1778710823.592319661] [centerline_scan_node]: Mode=ALIGN_AISLE | x=-0.00, y=0.00, yaw=-0.00
[INFO] [1778710823.695994821] [centerline_scan_node]: Mode=ALIGN_AISLE | x=-0.00, y=0.00, yaw=-0.00
[INFO] [1778710823.790390254] [centerline_scan_node]: Mode=ALIGN_AISLE | x=-0.00, y=0.00, yaw=-0.00
[INFO] [1778710823.887366497] [centerline_scan_node]: Mode=ALIGN_AISLE | x=-0.00, y=0.00, yaw=-0.00
[INFO] [1778710824.002899686] [centerline_scan_node]: Mode=ALIGN_AISLE | x=-0.00, y=0.00, yaw=-0.00
[INFO] [1778710824.089662649] [centerline_scan_node]: Mode=ALIGN_AISLE | x=-0.00, y=0.00, yaw=-0.00
[INFO] [1778710824.199159750] [centerline_scan_node]: Mode=ALIGN_AISLE | x=-0.00, y=0.00, yaw=-0.00
[INFO] [1778710824.292179345] [centerline_scan_node]: Mode=ALIGN_AISLE | x=-0.00, y=0.00, yaw=-0.00
[INFO] [1778710824.387284409] [centerline_scan_node]: Mode=ALIGN_AISLE | x=-0.00, y=0.00, yaw=-0.00
[INFO] [1778710824.496938799] [centerline_scan_node]: Mode=ALIGN_AISLE | x=-0.00, y=0.00, yaw=-0.00
[INFO] [1778710824.593627775] [centerline_scan_node]: Mode=ALIGN_AISLE | x=-0.00, y=0.00, yaw=-0.00
[INFO] [1778710824.700491793] [centerline_scan_node]: Mode=ALIGN_AISLE | x=-0.00, y=0.00, yaw=-0.00
[INFO] [1778710824.786588164] [centerline_scan_node]: Mode=ALIGN_AISLE | x=-0.00, y=0.00, yaw=-0.00
[INFO] [1778710824.893719127] [centerline_scan_node]: Mode=ALIGN_AISLE | x=-0.00, y=0.00, yaw=-0.00
[INFO] [1778710824.994082444] [centerline_scan_node]: Mode=ALIGN_AISLE | x=-0.00, y=0.00, yaw=-0.00
[INFO] [1778710825.092842700] [centerline_scan_node]: Mode=ALIGN_AISLE | x=-0.00, y=0.00, yaw=-0.00
[INFO] [1778710825.187502491] [centerline_scan_node]: Mode=ALIGN_AISLE | x=-0.00, y=0.00, yaw=-0.00
[INFO] [1778710825.292132984] [centerline_scan_node]: Mode=ALIGN_AISLE | x=-0.00, y=0.00, yaw=-0.00
[INFO] [1778710825.390239916] [centerline_scan_node]: Mode=ALIGN_AISLE | x=-0.00, y=0.00, yaw=-0.00
[INFO] [1778710825.494212868] [centerline_scan_node]: Mode=ALIGN_AISLE | x=-0.00, y=0.00, yaw=-0.00
[INFO] [1778710825.591975013] [centerline_scan_node]: Mode=ALIGN_AISLE | x=-0.00, y=0.00, yaw=-0.00
[INFO] [1778710825.696492650] [centerline_scan_node]: Mode=ALIGN_AISLE | x=-0.00, y=0.00, yaw=-0.00
[INFO] [1778710825.790099285] [centerline_scan_node]: Mode=ALIGN_AISLE | x=-0.00, y=0.00, yaw=-0.00
[INFO] [1778710825.901439298] [centerline_scan_node]: Mode=ALIGN_AISLE | x=-0.00, y=0.00, yaw=-0.00
[INFO] [1778710825.987448753] [centerline_scan_node]: Mode=ALIGN_AISLE | x=-0.00, y=0.00, yaw=-0.00
[INFO] [1778710826.088694659] [centerline_scan_node]: Mode=ALIGN_AISLE | x=-0.00, y=0.00, yaw=-0.00
[INFO] [1778710826.192403630] [centerline_scan_node]: Mode=ALIGN_AISLE | x=-0.00, y=0.00, yaw=-0.00
[INFO] [1778710826.290920075] [centerline_scan_node]: Mode=ALIGN_AISLE | x=-0.00, y=0.00, yaw=-0.00
[INFO] [1778710826.389790332] [centerline_scan_node]: Mode=ALIGN_AISLE | x=-0.00, y=0.00, yaw=-0.00
[INFO] [1778710826.493938888] [centerline_scan_node]: Mode=ALIGN_AISLE | x=-0.00, y=0.00, yaw=-0.00
[INFO] [1778710826.587762620] [centerline_scan_node]: Mode=ALIGN_AISLE | x=-0.00, y=0.00, yaw=-0.00
[INFO] [1778710826.689240551] [centerline_scan_node]: Mode=ALIGN_AISLE | x=-0.00, y=0.00, yaw=-0.00
[INFO] [1778710826.791015582] [centerline_scan_node]: Mode=ALIGN_AISLE | x=-0.00, y=0.00, yaw=-0.00
[INFO] [1778710826.885655403] [centerline_scan_node]: Mode=ALIGN_AISLE | x=-0.00, y=0.00, yaw=-0.00
[INFO] [1778710826.991557743] [centerline_scan_node]: Mode=ALIGN_AISLE | x=-0.00, y=0.00, yaw=-0.00
[INFO] [1778710827.085752556] [centerline_scan_node]: Mode=ALIGN_AISLE | x=-0.00, y=0.00, yaw=-0.00
[INFO] [1778710827.200082518] [centerline_scan_node]: Mode=ALIGN_AISLE | x=-0.00, y=0.00, yaw=-0.00
[INFO] [1778710827.291621823] [centerline_scan_node]: Mode=ALIGN_AISLE | x=-0.00, y=0.00, yaw=-0.00
[INFO] [1778710827.394460666] [centerline_scan_node]: Mode=ALIGN_AISLE | x=-0.00, y=0.00, yaw=-0.00
[INFO] [1778710827.489393693] [centerline_scan_node]: Mode=ALIGN_AISLE | x=-0.00, y=0.00, yaw=-0.00
[INFO] [1778710827.587371581] [centerline_scan_node]: Mode=ALIGN_AISLE | x=-0.00, y=0.00, yaw=-0.00
[INFO] [1778710827.686038269] [centerline_scan_node]: Mode=ALIGN_AISLE | x=-0.00, y=0.00, yaw=-0.00
[INFO] [1778710827.796322078] [centerline_scan_node]: Mode=ALIGN_AISLE | x=-0.00, y=0.00, yaw=-0.00
[INFO] [1778710827.891532791] [centerline_scan_node]: Mode=ALIGN_AISLE | x=-0.00, y=0.00, yaw=-0.00
[INFO] [1778710827.989176203] [centerline_scan_node]: Mode=ALIGN_AISLE | x=-0.00, y=0.00, yaw=-0.00
[INFO] [1778710828.087858804] [centerline_scan_node]: Mode=ALIGN_AISLE | x=-0.00, y=0.00, yaw=-0.00
[INFO] [1778710828.186325847] [centerline_scan_node]: Mode=ALIGN_AISLE | x=-0.00, y=0.00, yaw=-0.00
[INFO] [1778710828.291011883] [centerline_scan_node]: Mode=ALIGN_AISLE | x=-0.00, y=0.00, yaw=-0.00
[INFO] [1778710828.386266667] [centerline_scan_node]: Mode=ALIGN_AISLE | x=-0.00, y=0.00, yaw=-0.00
[INFO] [1778710828.487195013] [centerline_scan_node]: Mode=ALIGN_AISLE | x=-0.00, y=0.00, yaw=-0.00
[INFO] [1778710828.593836382] [centerline_scan_node]: Mode=ALIGN_AISLE | x=-0.00, y=0.00, yaw=-0.00
[INFO] [1778710828.692658360] [centerline_scan_node]: Mode=ALIGN_AISLE | x=-0.00, y=0.00, yaw=-0.00
[INFO] [1778710828.788640858] [centerline_scan_node]: Mode=ALIGN_AISLE | x=-0.00, y=0.00, yaw=-0.00
[INFO] [1778710828.894933350] [centerline_scan_node]: Mode=ALIGN_AISLE | x=-0.00, y=0.00, yaw=-0.00
[INFO] [1778710828.988090520] [centerline_scan_node]: Mode=ALIGN_AISLE | x=-0.00, y=0.00, yaw=-0.00
[INFO] [1778710829.095008161] [centerline_scan_node]: Mode=ALIGN_AISLE | x=-0.00, y=0.00, yaw=-0.00
[INFO] [1778710829.198131867] [centerline_scan_node]: Mode=ALIGN_AISLE | x=-0.00, y=0.00, yaw=-0.00
[INFO] [1778710829.286992489] [centerline_scan_node]: Mode=ALIGN_AISLE | x=-0.00, y=0.00, yaw=-0.00
[INFO] [1778710829.396270260] [centerline_scan_node]: Mode=ALIGN_AISLE | x=-0.00, y=0.00, yaw=-0.00
[INFO] [1778710829.489511048] [centerline_scan_node]: Mode=ALIGN_AISLE | x=-0.00, y=0.00, yaw=-0.00
[INFO] [1778710829.590113675] [centerline_scan_node]: Mode=ALIGN_AISLE | x=-0.00, y=0.00, yaw=-0.00
[INFO] [1778710829.690876462] [centerline_scan_node]: Mode=ALIGN_AISLE | x=-0.00, y=0.00, yaw=-0.00
[INFO] [1778710829.793222999] [centerline_scan_node]: Mode=ALIGN_AISLE | x=-0.00, y=0.00, yaw=-0.00
[INFO] [1778710829.895825117] [centerline_scan_node]: Mode=ALIGN_AISLE | x=-0.00, y=0.00, yaw=-0.00
[INFO] [1778710829.992088557] [centerline_scan_node]: Mode=ALIGN_AISLE | x=-0.00, y=0.00, yaw=-0.00
[INFO] [1778710830.089222883] [centerline_scan_node]: Mode=ALIGN_AISLE | x=-0.00, y=0.00, yaw=-0.00
[INFO] [1778710830.186331741] [centerline_scan_node]: Mode=ALIGN_AISLE | x=-0.00, y=0.00, yaw=-0.00
[INFO] [1778710830.287252250] [centerline_scan_node]: Mode=ALIGN_AISLE | x=-0.00, y=0.00, yaw=-0.00
[INFO] [1778710830.389267778] [centerline_scan_node]: Mode=ALIGN_AISLE | x=-0.00, y=0.00, yaw=-0.00
[INFO] [1778710830.485330381] [centerline_scan_node]: Mode=ALIGN_AISLE | x=-0.00, y=0.00, yaw=-0.00
[INFO] [1778710830.596352190] [centerline_scan_node]: Mode=ALIGN_AISLE | x=-0.00, y=0.00, yaw=-0.00
[INFO] [1778710830.689019472] [centerline_scan_node]: Mode=ALIGN_AISLE | x=-0.00, y=0.00, yaw=-0.00
[INFO] [1778710830.795033527] [centerline_scan_node]: Mode=ALIGN_AISLE | x=-0.00, y=0.00, yaw=-0.00
[INFO] [1778710830.888201661] [centerline_scan_node]: Mode=ALIGN_AISLE | x=-0.00, y=0.00, yaw=-0.00
[INFO] [1778710830.995439274] [centerline_scan_node]: Mode=ALIGN_AISLE | x=-0.00, y=0.00, yaw=-0.00
[INFO] [1778710831.086963401] [centerline_scan_node]: Mode=ALIGN_AISLE | x=-0.00, y=0.00, yaw=-0.00
[INFO] [1778710831.195886779] [centerline_scan_node]: Mode=ALIGN_AISLE | x=-0.00, y=0.00, yaw=-0.00
[INFO] [1778710831.295972831] [centerline_scan_node]: Mode=ALIGN_AISLE | x=-0.00, y=0.00, yaw=-0.00
[INFO] [1778710831.385943139] [centerline_scan_node]: Mode=ALIGN_AISLE | x=-0.00, y=0.00, yaw=-0.00
[INFO] [1778710831.488250612] [centerline_scan_node]: Mode=ALIGN_AISLE | x=-0.00, y=0.00, yaw=-0.00
[INFO] [1778710831.586614839] [centerline_scan_node]: Mode=ALIGN_AISLE | x=-0.00, y=0.00, yaw=-0.00
[INFO] [1778710831.686263838] [centerline_scan_node]: Mode=ALIGN_AISLE | x=-0.00, y=0.00, yaw=-0.00
[INFO] [1778710831.790921542] [centerline_scan_node]: Mode=ALIGN_AISLE | x=-0.00, y=0.00, yaw=-0.00
[INFO] [1778710831.898162224] [centerline_scan_node]: Mode=ALIGN_AISLE | x=-0.00, y=0.00, yaw=-0.00
[INFO] [1778710831.986983730] [centerline_scan_node]: Mode=ALIGN_AISLE | x=-0.00, y=0.00, yaw=-0.00
[INFO] [1778710832.091333439] [centerline_scan_node]: Mode=ALIGN_AISLE | x=-0.00, y=0.00, yaw=-0.00
[INFO] [1778710832.186267760] [centerline_scan_node]: Mode=ALIGN_AISLE | x=-0.00, y=0.00, yaw=-0.00
[INFO] [1778710832.289931647] [centerline_scan_node]: Mode=ALIGN_AISLE | x=-0.00, y=0.00, yaw=-0.00
[INFO] [1778710832.390487824] [centerline_scan_node]: Mode=ALIGN_AISLE | x=-0.00, y=0.00, yaw=-0.00
[INFO] [1778710832.494048392] [centerline_scan_node]: Mode=ALIGN_AISLE | x=-0.00, y=0.00, yaw=-0.00
[INFO] [1778710832.594342889] [centerline_scan_node]: Mode=ALIGN_AISLE | x=-0.00, y=0.00, yaw=-0.00
[INFO] [1778710832.694321575] [centerline_scan_node]: Mode=ALIGN_AISLE | x=-0.00, y=0.00, yaw=-0.00
[INFO] [1778710832.790623218] [centerline_scan_node]: Mode=ALIGN_AISLE | x=-0.00, y=0.00, yaw=-0.00
[INFO] [1778710832.884981484] [centerline_scan_node]: Mode=ALIGN_AISLE | x=-0.00, y=0.00, yaw=-0.00
[INFO] [1778710832.991462100] [centerline_scan_node]: Mode=ALIGN_AISLE | x=-0.00, y=0.00, yaw=-0.00
[INFO] [1778710833.086551118] [centerline_scan_node]: Mode=ALIGN_AISLE | x=-0.00, y=0.00, yaw=-0.00
[INFO] [1778710833.190477246] [centerline_scan_node]: Mode=ALIGN_AISLE | x=-0.00, y=0.00, yaw=-0.00
[INFO] [1778710833.285992650] [centerline_scan_node]: Mode=ALIGN_AISLE | x=-0.00, y=0.00, yaw=-0.00
[INFO] [1778710833.392649210] [centerline_scan_node]: Mode=ALIGN_AISLE | x=-0.00, y=0.00, yaw=-0.00
[INFO] [1778710833.500626787] [centerline_scan_node]: Mode=ALIGN_AISLE | x=-0.00, y=0.00, yaw=-0.00
[INFO] [1778710833.594571658] [centerline_scan_node]: Mode=ALIGN_AISLE | x=-0.00, y=0.00, yaw=-0.00
[INFO] [1778710833.694018271] [centerline_scan_node]: Mode=ALIGN_AISLE | x=-0.00, y=0.00, yaw=-0.00
[INFO] [1778710833.786806979] [centerline_scan_node]: Mode=ALIGN_AISLE | x=-0.00, y=0.00, yaw=-0.00
[INFO] [1778710833.888392484] [centerline_scan_node]: Mode=ALIGN_AISLE | x=-0.00, y=0.00, yaw=-0.00
[INFO] [1778710833.996921509] [centerline_scan_node]: Mode=ALIGN_AISLE | x=-0.00, y=0.00, yaw=-0.00
[INFO] [1778710834.087123715] [centerline_scan_node]: Mode=ALIGN_AISLE | x=-0.00, y=0.00, yaw=-0.00
[INFO] [1778710834.876138045] [centerline_scan_node]: Mode=ALIGN_AISLE | x=-0.00, y=0.00, yaw=-0.00
[INFO] [1778710834.889173214] [centerline_scan_node]: Mode=ALIGN_AISLE | x=-0.00, y=0.00, yaw=-0.00
[INFO] [1778710834.987901162] [centerline_scan_node]: Mode=ALIGN_AISLE | x=-0.00, y=0.00, yaw=-0.00
[INFO] [1778710835.092501877] [centerline_scan_node]: Mode=ALIGN_AISLE | x=-0.00, y=0.00, yaw=-0.00
[INFO] [1778710835.191310290] [centerline_scan_node]: Mode=ALIGN_AISLE | x=-0.00, y=0.00, yaw=-0.00
[INFO] [1778710835.292777886] [centerline_scan_node]: Mode=ALIGN_AISLE | x=-0.00, y=0.00, yaw=-0.00
[INFO] [1778710835.386789523] [centerline_scan_node]: Mode=ALIGN_AISLE | x=-0.00, y=0.00, yaw=-0.00
[INFO] [1778710835.489846890] [centerline_scan_node]: Mode=ALIGN_AISLE | x=-0.00, y=0.00, yaw=-0.00
[INFO] [1778710835.590199144] [centerline_scan_node]: Mode=ALIGN_AISLE | x=-0.00, y=0.00, yaw=-0.00
[INFO] [1778710835.697282542] [centerline_scan_node]: Mode=ALIGN_AISLE | x=-0.00, y=0.00, yaw=-0.00
[INFO] [1778710835.787756068] [centerline_scan_node]: Mode=ALIGN_AISLE | x=-0.00, y=0.00, yaw=-0.00
[INFO] [1778710835.890023540] [centerline_scan_node]: Mode=ALIGN_AISLE | x=-0.00, y=0.00, yaw=-0.00
[INFO] [1778710835.990882483] [centerline_scan_node]: Mode=ALIGN_AISLE | x=-0.00, y=0.00, yaw=-0.00
[INFO] [1778710836.091227199] [centerline_scan_node]: Mode=ALIGN_AISLE | x=-0.00, y=0.00, yaw=-0.00
[INFO] [1778710836.189367043] [centerline_scan_node]: Mode=ALIGN_AISLE | x=-0.00, y=0.00, yaw=-0.00
[INFO] [1778710836.290635332] [centerline_scan_node]: Mode=ALIGN_AISLE | x=-0.00, y=0.00, yaw=-0.00
[INFO] [1778710836.419457856] [centerline_scan_node]: Mode=ALIGN_AISLE | x=-0.00, y=0.00, yaw=-0.00
[INFO] [1778710836.490135771] [centerline_scan_node]: Mode=ALIGN_AISLE | x=-0.00, y=0.00, yaw=-0.00
[INFO] [1778710836.585612250] [centerline_scan_node]: Mode=ALIGN_AISLE | x=-0.00, y=0.00, yaw=-0.00
[INFO] [1778710836.698118749] [centerline_scan_node]: Mode=ALIGN_AISLE | x=-0.00, y=0.00, yaw=-0.00
[INFO] [1778710836.786276066] [centerline_scan_node]: Mode=ALIGN_AISLE | x=-0.00, y=0.00, yaw=-0.00
[INFO] [1778710836.888161623] [centerline_scan_node]: Mode=ALIGN_AISLE | x=-0.00, y=0.00, yaw=-0.00
[INFO] [1778710836.996484461] [centerline_scan_node]: Mode=ALIGN_AISLE | x=-0.00, y=0.00, yaw=-0.00
[INFO] [1778710837.092731072] [centerline_scan_node]: Mode=ALIGN_AISLE | x=-0.00, y=0.00, yaw=-0.00
[INFO] [1778710837.187677514] [centerline_scan_node]: Mode=ALIGN_AISLE | x=-0.00, y=0.00, yaw=-0.00
[INFO] [1778710837.288490101] [centerline_scan_node]: Mode=ALIGN_AISLE | x=-0.00, y=0.00, yaw=-0.00
[INFO] [1778710837.394515525] [centerline_scan_node]: Mode=ALIGN_AISLE | x=-0.00, y=0.00, yaw=-0.00
[INFO] [1778710837.486435572] [centerline_scan_node]: Mode=ALIGN_AISLE | x=-0.00, y=0.00, yaw=-0.00
[INFO] [1778710837.590174293] [centerline_scan_node]: Mode=ALIGN_AISLE | x=-0.00, y=0.00, yaw=-0.00
[INFO] [1778710837.685736731] [centerline_scan_node]: Mode=ALIGN_AISLE | x=-0.00, y=0.00, yaw=-0.00
[INFO] [1778710837.788381122] [centerline_scan_node]: Mode=ALIGN_AISLE | x=-0.00, y=0.00, yaw=-0.00
[INFO] [1778710837.890313995] [centerline_scan_node]: Mode=ALIGN_AISLE | x=-0.00, y=0.00, yaw=-0.00
[INFO] [1778710837.986361874] [centerline_scan_node]: Mode=ALIGN_AISLE | x=-0.00, y=0.00, yaw=-0.00
[INFO] [1778710838.093390766] [centerline_scan_node]: Mode=ALIGN_AISLE | x=-0.00, y=0.00, yaw=-0.00
[INFO] [1778710838.191443179] [centerline_scan_node]: Mode=ALIGN_AISLE | x=-0.00, y=0.00, yaw=-0.00
[INFO] [1778710838.284116714] [centerline_scan_node]: Mode=ALIGN_AISLE | x=-0.00, y=0.00, yaw=-0.00
[INFO] [1778710838.390598404] [centerline_scan_node]: Mode=ALIGN_AISLE | x=-0.00, y=0.00, yaw=-0.00
[INFO] [1778710838.490118938] [centerline_scan_node]: Mode=ALIGN_AISLE | x=-0.00, y=0.00, yaw=-0.00
[INFO] [1778710838.589022447] [centerline_scan_node]: Mode=ALIGN_AISLE | x=-0.00, y=0.00, yaw=-0.00
[INFO] [1778710838.697323487] [centerline_scan_node]: Mode=ALIGN_AISLE | x=-0.00, y=0.00, yaw=-0.00
[INFO] [1778710838.786610498] [centerline_scan_node]: Mode=ALIGN_AISLE | x=-0.00, y=0.00, yaw=-0.00
[INFO] [1778710838.887973214] [centerline_scan_node]: Mode=ALIGN_AISLE | x=-0.00, y=0.00, yaw=-0.00
[INFO] [1778710838.988261250] [centerline_scan_node]: Mode=ALIGN_AISLE | x=-0.00, y=0.00, yaw=-0.00
[INFO] [1778710839.087326249] [centerline_scan_node]: Mode=ALIGN_AISLE | x=-0.00, y=0.00, yaw=-0.00
[INFO] [1778710839.188914636] [centerline_scan_node]: Mode=ALIGN_AISLE | x=-0.00, y=0.00, yaw=-0.00
[INFO] [1778710839.288899778] [centerline_scan_node]: Mode=ALIGN_AISLE | x=-0.00, y=0.00, yaw=-0.00
[INFO] [1778710839.389088890] [centerline_scan_node]: Mode=ALIGN_AISLE | x=-0.00, y=0.00, yaw=-0.00
[INFO] [1778710839.487516760] [centerline_scan_node]: Mode=ALIGN_AISLE | x=-0.00, y=0.00, yaw=-0.00
[INFO] [1778710839.591997752] [centerline_scan_node]: Mode=ALIGN_AISLE | x=-0.00, y=0.00, yaw=-0.00
[INFO] [1778710839.694649864] [centerline_scan_node]: Mode=ALIGN_AISLE | x=-0.00, y=0.00, yaw=-0.00
[INFO] [1778710839.792644685] [centerline_scan_node]: Mode=ALIGN_AISLE | x=-0.00, y=0.00, yaw=-0.00
[INFO] [1778710839.895941197] [centerline_scan_node]: Mode=ALIGN_AISLE | x=-0.00, y=0.00, yaw=-0.00
[INFO] [1778710839.987628763] [centerline_scan_node]: Mode=ALIGN_AISLE | x=-0.00, y=0.00, yaw=-0.00
[INFO] [1778710840.087561952] [centerline_scan_node]: Mode=ALIGN_AISLE | x=-0.00, y=0.00, yaw=-0.00
[INFO] [1778710840.185277177] [centerline_scan_node]: Mode=ALIGN_AISLE | x=-0.00, y=0.00, yaw=-0.00
[INFO] [1778710840.285681640] [centerline_scan_node]: Mode=ALIGN_AISLE | x=-0.00, y=0.00, yaw=-0.00
[INFO] [1778710840.388316768] [centerline_scan_node]: Mode=ALIGN_AISLE | x=-0.00, y=0.00, yaw=-0.00
[INFO] [1778710840.491558435] [centerline_scan_node]: Mode=ALIGN_AISLE | x=-0.00, y=0.00, yaw=-0.00
[INFO] [1778710840.593799096] [centerline_scan_node]: Mode=ALIGN_AISLE | x=-0.00, y=0.00, yaw=-0.00
[INFO] [1778710840.699764962] [centerline_scan_node]: Mode=ALIGN_AISLE | x=-0.00, y=0.00, yaw=-0.00
[INFO] [1778710840.785504454] [centerline_scan_node]: Mode=ALIGN_AISLE | x=-0.00, y=0.00, yaw=-0.00
[INFO] [1778710840.887196129] [centerline_scan_node]: Mode=ALIGN_AISLE | x=-0.00, y=0.00, yaw=-0.00
[INFO] [1778710840.987360180] [centerline_scan_node]: Mode=ALIGN_AISLE | x=-0.00, y=0.00, yaw=-0.00
[INFO] [1778710841.088939957] [centerline_scan_node]: Mode=ALIGN_AISLE | x=-0.00, y=0.00, yaw=-0.00
[INFO] [1778710841.190908794] [centerline_scan_node]: Mode=ALIGN_AISLE | x=-0.00, y=0.00, yaw=-0.00
[INFO] [1778710841.304481496] [centerline_scan_node]: Mode=ALIGN_AISLE | x=-0.00, y=0.00, yaw=-0.00
[INFO] [1778710841.394003380] [centerline_scan_node]: Mode=ALIGN_AISLE | x=-0.00, y=0.00, yaw=-0.00
[INFO] [1778710841.492432334] [centerline_scan_node]: Mode=ALIGN_AISLE | x=-0.00, y=0.00, yaw=-0.00
[INFO] [1778710841.593143510] [centerline_scan_node]: Mode=ALIGN_AISLE | x=-0.00, y=0.00, yaw=-0.00
[INFO] [1778710841.689276522] [centerline_scan_node]: Mode=ALIGN_AISLE | x=-0.00, y=0.00, yaw=-0.00
[INFO] [1778710841.791387520] [centerline_scan_node]: Mode=ALIGN_AISLE | x=-0.00, y=0.00, yaw=-0.00
[INFO] [1778710841.899349715] [centerline_scan_node]: Mode=ALIGN_AISLE | x=-0.00, y=0.00, yaw=-0.00
[INFO] [1778710841.999178870] [centerline_scan_node]: Mode=ALIGN_AISLE | x=-0.00, y=0.00, yaw=-0.00
[INFO] [1778710842.086943308] [centerline_scan_node]: Mode=ALIGN_AISLE | x=-0.00, y=0.00, yaw=-0.00
[INFO] [1778710842.190293284] [centerline_scan_node]: Mode=ALIGN_AISLE | x=-0.00, y=0.00, yaw=-0.00
[INFO] [1778710842.291625461] [centerline_scan_node]: Mode=ALIGN_AISLE | x=-0.00, y=0.00, yaw=-0.00
[INFO] [1778710842.389813037] [centerline_scan_node]: Mode=ALIGN_AISLE | x=-0.00, y=0.00, yaw=-0.00
[INFO] [1778710842.489057623] [centerline_scan_node]: Mode=ALIGN_AISLE | x=-0.00, y=0.00, yaw=-0.00
[INFO] [1778710842.593148439] [centerline_scan_node]: Mode=ALIGN_AISLE | x=-0.00, y=0.00, yaw=-0.00
[INFO] [1778710842.688394049] [centerline_scan_node]: Mode=ALIGN_AISLE | x=-0.00, y=0.00, yaw=-0.00
[INFO] [1778710842.793949945] [centerline_scan_node]: Mode=ALIGN_AISLE | x=-0.00, y=0.00, yaw=-0.00
[INFO] [1778710842.888770467] [centerline_scan_node]: Mode=ALIGN_AISLE | x=-0.00, y=0.00, yaw=-0.00
[INFO] [1778710842.987391491] [centerline_scan_node]: Mode=ALIGN_AISLE | x=-0.00, y=0.00, yaw=-0.00
[INFO] [1778710843.089646015] [centerline_scan_node]: Mode=ALIGN_AISLE | x=-0.00, y=0.00, yaw=-0.00
[INFO] [1778710843.188000850] [centerline_scan_node]: Mode=ALIGN_AISLE | x=-0.00, y=0.00, yaw=-0.00
[INFO] [1778710843.287343456] [centerline_scan_node]: Mode=ALIGN_AISLE | x=-0.00, y=0.00, yaw=-0.00
[INFO] [1778710843.385320995] [centerline_scan_node]: Mode=ALIGN_AISLE | x=-0.00, y=0.00, yaw=-0.00
[INFO] [1778710843.489925466] [centerline_scan_node]: Mode=ALIGN_AISLE | x=-0.00, y=0.00, yaw=-0.00
[INFO] [1778710843.586483055] [centerline_scan_node]: Mode=ALIGN_AISLE | x=-0.00, y=0.00, yaw=-0.00
[INFO] [1778710843.704181357] [centerline_scan_node]: Mode=ALIGN_AISLE | x=-0.00, y=0.00, yaw=-0.00
[INFO] [1778710843.789636872] [centerline_scan_node]: Mode=ALIGN_AISLE | x=-0.00, y=0.00, yaw=-0.00
[INFO] [1778710843.891773941] [centerline_scan_node]: Mode=ALIGN_AISLE | x=-0.00, y=0.00, yaw=-0.00
[INFO] [1778710844.189189819] [centerline_scan_node]: Mode=ALIGN_AISLE | x=-0.00, y=0.00, yaw=-0.00
[INFO] [1778710844.205225218] [centerline_scan_node]: Mode=ALIGN_AISLE | x=-0.00, y=0.00, yaw=-0.00
[INFO] [1778710844.288138930] [centerline_scan_node]: Mode=ALIGN_AISLE | x=-0.00, y=0.00, yaw=-0.00
[INFO] [1778710844.391868315] [centerline_scan_node]: Mode=ALIGN_AISLE | x=-0.00, y=0.00, yaw=-0.00
[INFO] [1778710844.485447847] [centerline_scan_node]: Mode=ALIGN_AISLE | x=-0.00, y=0.00, yaw=-0.00
[INFO] [1778710844.589052511] [centerline_scan_node]: Mode=ALIGN_AISLE | x=-0.00, y=0.00, yaw=-0.00
[INFO] [1778710844.689899161] [centerline_scan_node]: Mode=ALIGN_AISLE | x=-0.00, y=0.00, yaw=-0.00
[INFO] [1778710844.786139842] [centerline_scan_node]: Mode=ALIGN_AISLE | x=-0.00, y=0.00, yaw=-0.00
[INFO] [1778710844.895325394] [centerline_scan_node]: Mode=ALIGN_AISLE | x=-0.00, y=0.00, yaw=-0.00
[INFO] [1778710844.991974416] [centerline_scan_node]: Mode=ALIGN_AISLE | x=-0.00, y=0.00, yaw=-0.00
[INFO] [1778710845.091706379] [centerline_scan_node]: Mode=ALIGN_AISLE | x=-0.00, y=0.00, yaw=-0.00
[INFO] [1778710845.187761237] [centerline_scan_node]: Mode=ALIGN_AISLE | x=-0.00, y=0.00, yaw=-0.00
[INFO] [1778710845.297312814] [centerline_scan_node]: Mode=ALIGN_AISLE | x=-0.00, y=0.00, yaw=-0.00
[INFO] [1778710845.388128097] [centerline_scan_node]: Mode=ALIGN_AISLE | x=-0.00, y=0.00, yaw=-0.00
[INFO] [1778710845.491951259] [centerline_scan_node]: Mode=ALIGN_AISLE | x=-0.00, y=0.00, yaw=-0.00
[INFO] [1778710845.596204795] [centerline_scan_node]: Mode=ALIGN_AISLE | x=-0.00, y=0.00, yaw=-0.00
[INFO] [1778710845.684215862] [centerline_scan_node]: Mode=ALIGN_AISLE | x=-0.00, y=0.00, yaw=-0.00
[INFO] [1778710845.789451370] [centerline_scan_node]: Mode=ALIGN_AISLE | x=-0.00, y=0.00, yaw=-0.00
[INFO] [1778710845.914199480] [centerline_scan_node]: Mode=ALIGN_AISLE | x=-0.00, y=0.00, yaw=-0.00
[INFO] [1778710845.987001881] [centerline_scan_node]: Mode=ALIGN_AISLE | x=-0.00, y=0.00, yaw=-0.00
[INFO] [1778710846.087548536] [centerline_scan_node]: Mode=ALIGN_AISLE | x=-0.00, y=0.00, yaw=-0.00
[INFO] [1778710846.186335454] [centerline_scan_node]: Mode=ALIGN_AISLE | x=-0.00, y=0.00, yaw=-0.00
[INFO] [1778710846.299031063] [centerline_scan_node]: Mode=ALIGN_AISLE | x=-0.00, y=0.00, yaw=-0.00
[INFO] [1778710846.394854804] [centerline_scan_node]: Mode=ALIGN_AISLE | x=-0.00, y=0.00, yaw=-0.00
[INFO] [1778710846.486425014] [centerline_scan_node]: Mode=ALIGN_AISLE | x=-0.00, y=0.00, yaw=-0.00
[INFO] [1778710846.596927239] [centerline_scan_node]: Mode=ALIGN_AISLE | x=-0.00, y=0.00, yaw=-0.00
[INFO] [1778710846.692647809] [centerline_scan_node]: Mode=ALIGN_AISLE | x=-0.00, y=0.00, yaw=-0.00
[INFO] [1778710846.786423090] [centerline_scan_node]: Mode=ALIGN_AISLE | x=-0.00, y=0.00, yaw=-0.00
[INFO] [1778710846.889695808] [centerline_scan_node]: Mode=ALIGN_AISLE | x=-0.00, y=0.00, yaw=-0.00
[INFO] [1778710846.990424237] [centerline_scan_node]: Mode=ALIGN_AISLE | x=-0.00, y=0.00, yaw=-0.00
[INFO] [1778710847.087960216] [centerline_scan_node]: Mode=ALIGN_AISLE | x=-0.00, y=0.00, yaw=-0.00
[INFO] [1778710847.190369573] [centerline_scan_node]: Mode=ALIGN_AISLE | x=-0.00, y=0.00, yaw=-0.00
[INFO] [1778710847.296920796] [centerline_scan_node]: Mode=ALIGN_AISLE | x=-0.00, y=0.00, yaw=-0.00
[INFO] [1778710847.395865195] [centerline_scan_node]: Mode=ALIGN_AISLE | x=-0.00, y=0.00, yaw=-0.00
[INFO] [1778710847.488065623] [centerline_scan_node]: Mode=ALIGN_AISLE | x=-0.00, y=0.00, yaw=-0.00
[INFO] [1778710847.587288993] [centerline_scan_node]: Mode=ALIGN_AISLE | x=-0.00, y=0.00, yaw=-0.00
[INFO] [1778710847.688887397] [centerline_scan_node]: Mode=ALIGN_AISLE | x=-0.00, y=0.00, yaw=-0.00
[INFO] [1778710847.802333757] [centerline_scan_node]: Mode=ALIGN_AISLE | x=-0.00, y=0.00, yaw=-0.00
[INFO] [1778710847.885505864] [centerline_scan_node]: Mode=ALIGN_AISLE | x=-0.00, y=0.00, yaw=-0.00
[INFO] [1778710848.016332642] [centerline_scan_node]: Mode=ALIGN_AISLE | x=-0.00, y=0.00, yaw=-0.00
[INFO] [1778710848.087723281] [centerline_scan_node]: Mode=ALIGN_AISLE | x=-0.00, y=0.00, yaw=-0.00
[INFO] [1778710848.192651537] [centerline_scan_node]: Mode=ALIGN_AISLE | x=-0.00, y=0.00, yaw=-0.00
[INFO] [1778710848.287487222] [centerline_scan_node]: Mode=ALIGN_AISLE | x=-0.00, y=0.00, yaw=-0.00
[INFO] [1778710848.394519782] [centerline_scan_node]: Mode=ALIGN_AISLE | x=-0.00, y=0.00, yaw=-0.00
[INFO] [1778710848.488811875] [centerline_scan_node]: Mode=ALIGN_AISLE | x=-0.00, y=0.00, yaw=-0.00
[INFO] [1778710848.597652084] [centerline_scan_node]: Mode=ALIGN_AISLE | x=-0.00, y=0.00, yaw=-0.00
[INFO] [1778710848.691402063] [centerline_scan_node]: Mode=ALIGN_AISLE | x=-0.00, y=0.00, yaw=-0.00
[INFO] [1778710848.787407063] [centerline_scan_node]: Mode=ALIGN_AISLE | x=-0.00, y=0.00, yaw=-0.00
[INFO] [1778710848.890431419] [centerline_scan_node]: Mode=ALIGN_AISLE | x=-0.00, y=0.00, yaw=-0.00
[INFO] [1778710848.988284175] [centerline_scan_node]: Mode=ALIGN_AISLE | x=-0.00, y=0.00, yaw=-0.00
[INFO] [1778710849.094115872] [centerline_scan_node]: Mode=ALIGN_AISLE | x=-0.00, y=0.00, yaw=-0.00
[INFO] [1778710849.187914494] [centerline_scan_node]: Mode=ALIGN_AISLE | x=-0.00, y=0.00, yaw=-0.00
[INFO] [1778710849.299080011] [centerline_scan_node]: Mode=ALIGN_AISLE | x=-0.00, y=0.00, yaw=-0.00
[INFO] [1778710849.384970881] [centerline_scan_node]: Mode=ALIGN_AISLE | x=-0.00, y=0.00, yaw=-0.00
[INFO] [1778710849.489403770] [centerline_scan_node]: Mode=ALIGN_AISLE | x=-0.00, y=0.00, yaw=-0.00
[INFO] [1778710849.592658725] [centerline_scan_node]: Mode=ALIGN_AISLE | x=-0.00, y=0.00, yaw=-0.00
[INFO] [1778710849.689940432] [centerline_scan_node]: Mode=ALIGN_AISLE | x=-0.00, y=0.00, yaw=-0.00
[INFO] [1778710849.790704482] [centerline_scan_node]: Mode=ALIGN_AISLE | x=-0.00, y=0.00, yaw=-0.00
[INFO] [1778710849.887444225] [centerline_scan_node]: Mode=ALIGN_AISLE | x=-0.00, y=0.00, yaw=-0.00
[INFO] [1778710849.985163184] [centerline_scan_node]: Mode=ALIGN_AISLE | x=-0.00, y=0.00, yaw=-0.00
[INFO] [1778710850.095162114] [centerline_scan_node]: Mode=ALIGN_AISLE | x=-0.00, y=0.00, yaw=-0.00
[INFO] [1778710850.185984934] [centerline_scan_node]: Mode=ALIGN_AISLE | x=-0.00, y=0.00, yaw=-0.00
[INFO] [1778710850.292343041] [centerline_scan_node]: Mode=ALIGN_AISLE | x=-0.00, y=0.00, yaw=-0.00
[INFO] [1778710850.385116263] [centerline_scan_node]: Mode=ALIGN_AISLE | x=-0.00, y=0.00, yaw=-0.00
[INFO] [1778710850.496250418] [centerline_scan_node]: Mode=ALIGN_AISLE | x=-0.00, y=0.00, yaw=-0.00
[INFO] [1778710850.588759624] [centerline_scan_node]: Mode=ALIGN_AISLE | x=-0.00, y=0.00, yaw=-0.00
[INFO] [1778710850.690621224] [centerline_scan_node]: Mode=ALIGN_AISLE | x=-0.00, y=0.00, yaw=-0.00
[INFO] [1778710850.788198182] [centerline_scan_node]: Mode=ALIGN_AISLE | x=-0.00, y=0.00, yaw=-0.00
[INFO] [1778710850.887593946] [centerline_scan_node]: Mode=ALIGN_AISLE | x=-0.00, y=0.00, yaw=-0.00
[INFO] [1778710851.002232739] [centerline_scan_node]: Mode=ALIGN_AISLE | x=-0.00, y=0.00, yaw=-0.00
[INFO] [1778710851.088064537] [centerline_scan_node]: Mode=ALIGN_AISLE | x=-0.00, y=0.00, yaw=-0.00
[INFO] [1778710851.189252242] [centerline_scan_node]: Mode=ALIGN_AISLE | x=-0.00, y=0.00, yaw=-0.00
[INFO] [1778710851.285908031] [centerline_scan_node]: Mode=ALIGN_AISLE | x=-0.00, y=0.00, yaw=-0.00
[INFO] [1778710851.396186358] [centerline_scan_node]: Mode=ALIGN_AISLE | x=-0.00, y=0.00, yaw=-0.00
[INFO] [1778710851.488383904] [centerline_scan_node]: Mode=ALIGN_AISLE | x=-0.00, y=0.00, yaw=-0.00
[INFO] [1778710851.591110663] [centerline_scan_node]: Mode=ALIGN_AISLE | x=-0.00, y=0.00, yaw=-0.00
[INFO] [1778710851.690524555] [centerline_scan_node]: Mode=ALIGN_AISLE | x=-0.00, y=0.00, yaw=-0.00
[INFO] [1778710851.786132176] [centerline_scan_node]: Mode=ALIGN_AISLE | x=-0.00, y=0.00, yaw=-0.00
[INFO] [1778710851.894511381] [centerline_scan_node]: Mode=ALIGN_AISLE | x=-0.00, y=0.00, yaw=-0.00
[INFO] [1778710851.985753616] [centerline_scan_node]: Mode=ALIGN_AISLE | x=-0.00, y=0.00, yaw=-0.00
[INFO] [1778710852.089316393] [centerline_scan_node]: Mode=ALIGN_AISLE | x=-0.00, y=0.00, yaw=-0.00
[INFO] [1778710852.187519169] [centerline_scan_node]: Mode=ALIGN_AISLE | x=-0.00, y=0.00, yaw=-0.00
[INFO] [1778710852.288976991] [centerline_scan_node]: Mode=ALIGN_AISLE | x=-0.00, y=0.00, yaw=-0.00
[INFO] [1778710852.387716168] [centerline_scan_node]: Mode=ALIGN_AISLE | x=-0.00, y=0.00, yaw=-0.00
[INFO] [1778710852.486333913] [centerline_scan_node]: Mode=ALIGN_AISLE | x=-0.00, y=0.00, yaw=-0.00
[INFO] [1778710852.592424408] [centerline_scan_node]: Mode=ALIGN_AISLE | x=-0.00, y=0.00, yaw=-0.00
[INFO] [1778710852.689575226] [centerline_scan_node]: Mode=ALIGN_AISLE | x=-0.00, y=0.00, yaw=-0.00
[INFO] [1778710852.789905659] [centerline_scan_node]: Mode=ALIGN_AISLE | x=-0.00, y=0.00, yaw=-0.00
[INFO] [1778710852.888302787] [centerline_scan_node]: Mode=ALIGN_AISLE | x=-0.00, y=0.00, yaw=-0.00
[INFO] [1778710852.990419387] [centerline_scan_node]: Mode=ALIGN_AISLE | x=-0.00, y=0.00, yaw=-0.00
[INFO] [1778710853.089666830] [centerline_scan_node]: Mode=ALIGN_AISLE | x=-0.00, y=0.00, yaw=-0.00
[INFO] [1778710853.187098171] [centerline_scan_node]: Mode=ALIGN_AISLE | x=-0.00, y=0.00, yaw=-0.00
[INFO] [1778710853.290811938] [centerline_scan_node]: Mode=ALIGN_AISLE | x=-0.00, y=0.00, yaw=-0.00
[INFO] [1778710853.386611519] [centerline_scan_node]: Mode=ALIGN_AISLE | x=-0.00, y=0.00, yaw=-0.00
[INFO] [1778710853.485823798] [centerline_scan_node]: Mode=ALIGN_AISLE | x=-0.00, y=0.00, yaw=-0.00
[INFO] [1778710853.594560255] [centerline_scan_node]: Mode=ALIGN_AISLE | x=-0.00, y=0.00, yaw=-0.00
[INFO] [1778710853.685186512] [centerline_scan_node]: Mode=ALIGN_AISLE | x=-0.00, y=0.00, yaw=-0.00
[INFO] [1778710853.788152909] [centerline_scan_node]: Mode=ALIGN_AISLE | x=-0.00, y=0.00, yaw=-0.00
[INFO] [1778710853.889307532] [centerline_scan_node]: Mode=ALIGN_AISLE | x=-0.00, y=0.00, yaw=-0.00
[INFO] [1778710853.986404655] [centerline_scan_node]: Mode=ALIGN_AISLE | x=-0.00, y=0.00, yaw=-0.00
[INFO] [1778710854.090221483] [centerline_scan_node]: Mode=ALIGN_AISLE | x=-0.00, y=0.00, yaw=-0.00
[INFO] [1778710854.196910952] [centerline_scan_node]: Mode=ALIGN_AISLE | x=-0.00, y=0.00, yaw=-0.00
[INFO] [1778710854.301891887] [centerline_scan_node]: Mode=ALIGN_AISLE | x=-0.00, y=0.00, yaw=-0.00
[INFO] [1778710854.408387279] [centerline_scan_node]: Mode=ALIGN_AISLE | x=-0.00, y=0.00, yaw=-0.00
[INFO] [1778710854.489105524] [centerline_scan_node]: Mode=ALIGN_AISLE | x=-0.00, y=0.00, yaw=-0.00
[INFO] [1778710854.588072140] [centerline_scan_node]: Mode=ALIGN_AISLE | x=-0.00, y=0.00, yaw=-0.00
[INFO] [1778710854.692963041] [centerline_scan_node]: Mode=ALIGN_AISLE | x=-0.00, y=0.00, yaw=-0.00
[INFO] [1778710854.787383827] [centerline_scan_node]: Mode=ALIGN_AISLE | x=-0.00, y=0.00, yaw=-0.00
[INFO] [1778710854.898077305] [centerline_scan_node]: Mode=ALIGN_AISLE | x=-0.00, y=0.00, yaw=-0.00
[INFO] [1778710854.987303915] [centerline_scan_node]: Mode=ALIGN_AISLE | x=-0.00, y=0.00, yaw=-0.00
[INFO] [1778710855.094466638] [centerline_scan_node]: Mode=ALIGN_AISLE | x=-0.00, y=0.00, yaw=-0.00
[INFO] [1778710855.186597149] [centerline_scan_node]: Mode=ALIGN_AISLE | x=-0.00, y=0.00, yaw=-0.00
[INFO] [1778710855.290458358] [centerline_scan_node]: Mode=ALIGN_AISLE | x=-0.00, y=0.00, yaw=-0.00
[INFO] [1778710855.387309092] [centerline_scan_node]: Mode=ALIGN_AISLE | x=-0.00, y=0.00, yaw=-0.00
[INFO] [1778710855.493879377] [centerline_scan_node]: Mode=ALIGN_AISLE | x=-0.00, y=0.00, yaw=-0.00
[INFO] [1778710855.591143427] [centerline_scan_node]: Mode=ALIGN_AISLE | x=-0.00, y=0.00, yaw=-0.00
[INFO] [1778710855.692630134] [centerline_scan_node]: Mode=ALIGN_AISLE | x=-0.00, y=0.00, yaw=-0.00
[INFO] [1778710855.792155057] [centerline_scan_node]: Mode=ALIGN_AISLE | x=-0.00, y=0.00, yaw=-0.00
[INFO] [1778710855.889597386] [centerline_scan_node]: Mode=ALIGN_AISLE | x=-0.00, y=0.00, yaw=-0.00
[INFO] [1778710855.988119528] [centerline_scan_node]: Mode=ALIGN_AISLE | x=-0.00, y=0.00, yaw=-0.00
[INFO] [1778710856.087356549] [centerline_scan_node]: Mode=ALIGN_AISLE | x=-0.00, y=0.00, yaw=-0.00
[INFO] [1778710856.186707424] [centerline_scan_node]: Mode=ALIGN_AISLE | x=-0.00, y=0.00, yaw=-0.00
[INFO] [1778710856.288611284] [centerline_scan_node]: Mode=ALIGN_AISLE | x=-0.00, y=0.00, yaw=-0.00
[INFO] [1778710856.389290940] [centerline_scan_node]: Mode=ALIGN_AISLE | x=-0.00, y=0.00, yaw=-0.00
[INFO] [1778710856.497344417] [centerline_scan_node]: Mode=ALIGN_AISLE | x=-0.00, y=0.00, yaw=-0.00
[INFO] [1778710856.588141593] [centerline_scan_node]: Mode=ALIGN_AISLE | x=-0.00, y=0.00, yaw=-0.00
[INFO] [1778710856.697408882] [centerline_scan_node]: Mode=ALIGN_AISLE | x=-0.00, y=0.00, yaw=-0.00
[INFO] [1778710856.788481420] [centerline_scan_node]: Mode=ALIGN_AISLE | x=-0.00, y=0.00, yaw=-0.00
[INFO] [1778710856.895662875] [centerline_scan_node]: Mode=ALIGN_AISLE | x=-0.00, y=0.00, yaw=-0.00
[INFO] [1778710856.994728366] [centerline_scan_node]: Mode=ALIGN_AISLE | x=-0.00, y=0.00, yaw=-0.00
[INFO] [1778710857.090855915] [centerline_scan_node]: Mode=ALIGN_AISLE | x=-0.00, y=0.00, yaw=-0.00
[INFO] [1778710857.203118334] [centerline_scan_node]: Mode=ALIGN_AISLE | x=-0.00, y=0.00, yaw=-0.00
[INFO] [1778710857.314612961] [centerline_scan_node]: Mode=ALIGN_AISLE | x=-0.00, y=0.00, yaw=-0.00
[INFO] [1778710857.396609213] [centerline_scan_node]: Mode=ALIGN_AISLE | x=-0.00, y=0.00, yaw=-0.00
[INFO] [1778710857.496335218] [centerline_scan_node]: Mode=ALIGN_AISLE | x=-0.00, y=0.00, yaw=-0.00
[INFO] [1778710857.595050767] [centerline_scan_node]: Mode=ALIGN_AISLE | x=-0.00, y=0.00, yaw=-0.00
[INFO] [1778710857.688346031] [centerline_scan_node]: Mode=ALIGN_AISLE | x=-0.00, y=0.00, yaw=-0.00
[INFO] [1778710857.786995152] [centerline_scan_node]: Mode=ALIGN_AISLE | x=-0.00, y=0.00, yaw=-0.00
[INFO] [1778710857.892710987] [centerline_scan_node]: Mode=ALIGN_AISLE | x=-0.00, y=0.00, yaw=-0.00
[INFO] [1778710857.987162213] [centerline_scan_node]: Mode=ALIGN_AISLE | x=-0.00, y=0.00, yaw=-0.00
[INFO] [1778710858.092933051] [centerline_scan_node]: Mode=ALIGN_AISLE | x=-0.00, y=0.00, yaw=-0.00
[INFO] [1778710858.187408917] [centerline_scan_node]: Mode=ALIGN_AISLE | x=-0.00, y=0.00, yaw=-0.00
[INFO] [1778710858.296708276] [centerline_scan_node]: Mode=ALIGN_AISLE | x=-0.00, y=0.00, yaw=-0.00
[INFO] [1778710858.388827239] [centerline_scan_node]: Mode=ALIGN_AISLE | x=-0.00, y=0.00, yaw=-0.00
[INFO] [1778710858.500607277] [centerline_scan_node]: Mode=ALIGN_AISLE | x=-0.00, y=0.00, yaw=-0.00
[INFO] [1778710858.587572133] [centerline_scan_node]: Mode=ALIGN_AISLE | x=-0.00, y=0.00, yaw=-0.00
[INFO] [1778710858.693738220] [centerline_scan_node]: Mode=ALIGN_AISLE | x=-0.00, y=0.00, yaw=-0.00
[INFO] [1778710858.786767141] [centerline_scan_node]: Mode=ALIGN_AISLE | x=-0.00, y=0.00, yaw=-0.00
[INFO] [1778710858.888271030] [centerline_scan_node]: Mode=ALIGN_AISLE | x=-0.00, y=0.00, yaw=-0.00
[INFO] [1778710858.998949887] [centerline_scan_node]: Mode=ALIGN_AISLE | x=-0.00, y=0.00, yaw=-0.00
[INFO] [1778710859.088281418] [centerline_scan_node]: Mode=ALIGN_AISLE | x=-0.00, y=0.00, yaw=-0.00
[INFO] [1778710859.195431603] [centerline_scan_node]: Mode=ALIGN_AISLE | x=-0.00, y=0.00, yaw=-0.00
[INFO] [1778710859.288079273] [centerline_scan_node]: Mode=ALIGN_AISLE | x=-0.00, y=0.00, yaw=-0.00
[INFO] [1778710859.403939868] [centerline_scan_node]: Mode=ALIGN_AISLE | x=-0.00, y=0.00, yaw=-0.00
[INFO] [1778710859.491071566] [centerline_scan_node]: Mode=ALIGN_AISLE | x=-0.00, y=0.00, yaw=-0.00
[INFO] [1778710859.595156428] [centerline_scan_node]: Mode=ALIGN_AISLE | x=-0.00, y=0.00, yaw=-0.00
[INFO] [1778710859.689778093] [centerline_scan_node]: Mode=ALIGN_AISLE | x=-0.00, y=0.00, yaw=-0.00
[INFO] [1778710859.789861104] [centerline_scan_node]: Mode=ALIGN_AISLE | x=-0.00, y=0.00, yaw=-0.00
[INFO] [1778710859.886692049] [centerline_scan_node]: Mode=ALIGN_AISLE | x=-0.00, y=0.00, yaw=-0.00
[INFO] [1778710860.001784477] [centerline_scan_node]: Mode=ALIGN_AISLE | x=-0.00, y=0.00, yaw=-0.00
[INFO] [1778710860.089231816] [centerline_scan_node]: Mode=ALIGN_AISLE | x=-0.00, y=0.00, yaw=-0.00
[INFO] [1778710860.200397266] [centerline_scan_node]: Mode=ALIGN_AISLE | x=-0.00, y=0.00, yaw=-0.00
[INFO] [1778710860.286443127] [centerline_scan_node]: Mode=ALIGN_AISLE | x=-0.00, y=0.00, yaw=-0.00
[INFO] [1778710860.393567795] [centerline_scan_node]: Mode=ALIGN_AISLE | x=-0.00, y=0.00, yaw=-0.00
[INFO] [1778710860.491231713] [centerline_scan_node]: Mode=ALIGN_AISLE | x=-0.00, y=0.00, yaw=-0.00
[INFO] [1778710860.614720634] [centerline_scan_node]: Mode=ALIGN_AISLE | x=-0.00, y=0.00, yaw=-0.00
[INFO] [1778710860.688472900] [centerline_scan_node]: Mode=ALIGN_AISLE | x=-0.00, y=0.00, yaw=-0.00
[INFO] [1778710860.788452996] [centerline_scan_node]: Mode=ALIGN_AISLE | x=-0.00, y=0.00, yaw=-0.00
[INFO] [1778710860.898812485] [centerline_scan_node]: Mode=ALIGN_AISLE | x=-0.00, y=0.00, yaw=-0.00
[INFO] [1778710860.988071932] [centerline_scan_node]: Mode=ALIGN_AISLE | x=-0.00, y=0.00, yaw=-0.00
[INFO] [1778710861.094069669] [centerline_scan_node]: Mode=ALIGN_AISLE | x=-0.00, y=0.00, yaw=-0.00
[INFO] [1778710861.186388272] [centerline_scan_node]: Mode=ALIGN_AISLE | x=-0.00, y=0.00, yaw=-0.00
[INFO] [1778710861.299728855] [centerline_scan_node]: Mode=ALIGN_AISLE | x=-0.00, y=0.00, yaw=-0.00
[INFO] [1778710861.388786836] [centerline_scan_node]: Mode=ALIGN_AISLE | x=-0.00, y=0.00, yaw=-0.00
[INFO] [1778710861.488858419] [centerline_scan_node]: Mode=ALIGN_AISLE | x=-0.00, y=0.00, yaw=-0.00
[INFO] [1778710861.587555244] [centerline_scan_node]: Mode=ALIGN_AISLE | x=-0.00, y=0.00, yaw=-0.00
[INFO] [1778710861.687233039] [centerline_scan_node]: Mode=ALIGN_AISLE | x=-0.00, y=0.00, yaw=-0.00
[INFO] [1778710861.788406176] [centerline_scan_node]: Mode=ALIGN_AISLE | x=-0.00, y=0.00, yaw=-0.00
[INFO] [1778710861.888036798] [centerline_scan_node]: Mode=ALIGN_AISLE | x=-0.00, y=0.00, yaw=-0.00
[INFO] [1778710861.990440445] [centerline_scan_node]: Mode=ALIGN_AISLE | x=-0.00, y=0.00, yaw=-0.00
[INFO] [1778710862.087220924] [centerline_scan_node]: Mode=ALIGN_AISLE | x=-0.00, y=0.00, yaw=-0.00
[INFO] [1778710862.188286316] [centerline_scan_node]: Mode=ALIGN_AISLE | x=-0.00, y=0.00, yaw=-0.00
[INFO] [1778710862.290872398] [centerline_scan_node]: Mode=ALIGN_AISLE | x=-0.00, y=0.00, yaw=-0.00
[INFO] [1778710862.387135581] [centerline_scan_node]: Mode=ALIGN_AISLE | x=-0.00, y=0.00, yaw=-0.00
[INFO] [1778710862.491309353] [centerline_scan_node]: Mode=ALIGN_AISLE | x=-0.00, y=0.00, yaw=-0.00
[INFO] [1778710862.596729739] [centerline_scan_node]: Mode=ALIGN_AISLE | x=-0.00, y=0.00, yaw=-0.00
[INFO] [1778710862.685573226] [centerline_scan_node]: Mode=ALIGN_AISLE | x=-0.00, y=0.00, yaw=-0.00
[INFO] [1778710862.795705631] [centerline_scan_node]: Mode=ALIGN_AISLE | x=-0.00, y=0.00, yaw=-0.00
[INFO] [1778710862.890290414] [centerline_scan_node]: Mode=ALIGN_AISLE | x=-0.00, y=0.00, yaw=-0.00
[INFO] [1778710862.992588221] [centerline_scan_node]: Mode=ALIGN_AISLE | x=-0.00, y=0.00, yaw=-0.00
[INFO] [1778710863.089925168] [centerline_scan_node]: Mode=ALIGN_AISLE | x=-0.00, y=0.00, yaw=-0.00
[INFO] [1778710863.187708280] [centerline_scan_node]: Mode=ALIGN_AISLE | x=-0.00, y=0.00, yaw=-0.00
[INFO] [1778710863.296944272] [centerline_scan_node]: Mode=ALIGN_AISLE | x=-0.00, y=0.00, yaw=-0.00
[INFO] [1778710863.390431831] [centerline_scan_node]: Mode=ALIGN_AISLE | x=-0.00, y=0.00, yaw=-0.00
[INFO] [1778710863.488228061] [centerline_scan_node]: Mode=ALIGN_AISLE | x=-0.00, y=0.00, yaw=-0.00
[INFO] [1778710863.588218038] [centerline_scan_node]: Mode=ALIGN_AISLE | x=-0.00, y=0.00, yaw=-0.00
[INFO] [1778710863.691250368] [centerline_scan_node]: Mode=ALIGN_AISLE | x=-0.00, y=0.00, yaw=-0.00
[INFO] [1778710863.788867165] [centerline_scan_node]: Mode=ALIGN_AISLE | x=-0.00, y=0.00, yaw=-0.00
[INFO] [1778710863.891393712] [centerline_scan_node]: Mode=ALIGN_AISLE | x=-0.00, y=0.00, yaw=-0.00
[INFO] [1778710863.995474785] [centerline_scan_node]: Mode=ALIGN_AISLE | x=-0.00, y=0.00, yaw=-0.00
[INFO] [1778710864.087865471] [centerline_scan_node]: Mode=ALIGN_AISLE | x=-0.00, y=0.00, yaw=-0.00
[INFO] [1778710864.189851513] [centerline_scan_node]: Mode=ALIGN_AISLE | x=-0.00, y=0.00, yaw=-0.00
[INFO] [1778710864.287621961] [centerline_scan_node]: Mode=ALIGN_AISLE | x=-0.00, y=0.00, yaw=-0.00
[INFO] [1778710864.390481534] [centerline_scan_node]: Mode=ALIGN_AISLE | x=-0.00, y=0.00, yaw=-0.00
[INFO] [1778710864.488581133] [centerline_scan_node]: Mode=ALIGN_AISLE | x=-0.00, y=0.00, yaw=-0.00
[INFO] [1778710864.591942488] [centerline_scan_node]: Mode=ALIGN_AISLE | x=-0.00, y=0.00, yaw=-0.00
[INFO] [1778710864.689399816] [centerline_scan_node]: Mode=ALIGN_AISLE | x=-0.00, y=0.00, yaw=-0.00
[INFO] [1778710864.789009184] [centerline_scan_node]: Mode=ALIGN_AISLE | x=-0.00, y=0.00, yaw=-0.00
[INFO] [1778710864.888400992] [centerline_scan_node]: Mode=ALIGN_AISLE | x=-0.00, y=0.00, yaw=-0.00
[INFO] [1778710864.993111537] [centerline_scan_node]: Mode=ALIGN_AISLE | x=-0.00, y=0.00, yaw=-0.00
[INFO] [1778710865.090387368] [centerline_scan_node]: Mode=ALIGN_AISLE | x=-0.00, y=0.00, yaw=-0.00
[INFO] [1778710865.188523164] [centerline_scan_node]: Mode=ALIGN_AISLE | x=-0.00, y=0.00, yaw=-0.00
[INFO] [1778710865.294116016] [centerline_scan_node]: Mode=ALIGN_AISLE | x=-0.00, y=0.00, yaw=-0.00
[INFO] [1778710865.389736680] [centerline_scan_node]: Mode=ALIGN_AISLE | x=-0.00, y=0.00, yaw=-0.00
[INFO] [1778710865.490393746] [centerline_scan_node]: Mode=ALIGN_AISLE | x=-0.00, y=0.00, yaw=-0.00
[INFO] [1778710865.588244032] [centerline_scan_node]: Mode=ALIGN_AISLE | x=-0.00, y=0.00, yaw=-0.00
[INFO] [1778710865.688907936] [centerline_scan_node]: Mode=ALIGN_AISLE | x=-0.00, y=0.00, yaw=-0.00
[INFO] [1778710865.789514269] [centerline_scan_node]: Mode=ALIGN_AISLE | x=-0.00, y=0.00, yaw=-0.00
[INFO] [1778710865.896472808] [centerline_scan_node]: Mode=ALIGN_AISLE | x=-0.00, y=0.00, yaw=-0.00
[INFO] [1778710865.988968243] [centerline_scan_node]: Mode=ALIGN_AISLE | x=-0.00, y=0.00, yaw=-0.00
[INFO] [1778710866.089241880] [centerline_scan_node]: Mode=ALIGN_AISLE | x=-0.00, y=0.00, yaw=-0.00
[INFO] [1778710866.198291387] [centerline_scan_node]: Mode=ALIGN_AISLE | x=-0.00, y=0.00, yaw=-0.00
[INFO] [1778710866.289595501] [centerline_scan_node]: Mode=ALIGN_AISLE | x=-0.00, y=0.00, yaw=-0.00
[INFO] [1778710866.395332370] [centerline_scan_node]: Mode=ALIGN_AISLE | x=-0.00, y=0.00, yaw=-0.00
[INFO] [1778710866.486895972] [centerline_scan_node]: Mode=ALIGN_AISLE | x=-0.00, y=0.00, yaw=-0.00
[INFO] [1778710866.591441663] [centerline_scan_node]: Mode=ALIGN_AISLE | x=-0.00, y=0.00, yaw=-0.00
[INFO] [1778710866.686528960] [centerline_scan_node]: Mode=ALIGN_AISLE | x=-0.00, y=0.00, yaw=-0.00
[INFO] [1778710866.796321935] [centerline_scan_node]: Mode=ALIGN_AISLE | x=-0.00, y=0.00, yaw=-0.00
[INFO] [1778710866.887636670] [centerline_scan_node]: Mode=ALIGN_AISLE | x=-0.00, y=0.00, yaw=-0.00
[INFO] [1778710866.996359948] [centerline_scan_node]: Mode=ALIGN_AISLE | x=-0.00, y=0.00, yaw=-0.00
[INFO] [1778710867.092120248] [centerline_scan_node]: Mode=ALIGN_AISLE | x=-0.00, y=0.00, yaw=-0.00
[INFO] [1778710867.189494511] [centerline_scan_node]: Mode=ALIGN_AISLE | x=-0.00, y=0.00, yaw=-0.00
[INFO] [1778710867.288227791] [centerline_scan_node]: Mode=ALIGN_AISLE | x=-0.00, y=0.00, yaw=-0.00
[INFO] [1778710867.390368885] [centerline_scan_node]: Mode=ALIGN_AISLE | x=-0.00, y=0.00, yaw=-0.00
[INFO] [1778710867.486807238] [centerline_scan_node]: Mode=ALIGN_AISLE | x=-0.00, y=0.00, yaw=-0.00
[INFO] [1778710867.591151482] [centerline_scan_node]: Mode=ALIGN_AISLE | x=-0.00, y=0.00, yaw=-0.00
[INFO] [1778710867.690770615] [centerline_scan_node]: Mode=ALIGN_AISLE | x=-0.00, y=0.00, yaw=-0.00
[INFO] [1778710867.788885124] [centerline_scan_node]: Mode=ALIGN_AISLE | x=-0.00, y=0.00, yaw=-0.00
[INFO] [1778710867.886050920] [centerline_scan_node]: Mode=ALIGN_AISLE | x=-0.00, y=0.00, yaw=-0.00
[INFO] [1778710867.990860378] [centerline_scan_node]: Mode=ALIGN_AISLE | x=-0.00, y=0.00, yaw=-0.00
[INFO] [1778710868.086706639] [centerline_scan_node]: Mode=ALIGN_AISLE | x=-0.00, y=0.00, yaw=-0.00
[INFO] [1778710868.201764785] [centerline_scan_node]: Mode=ALIGN_AISLE | x=-0.00, y=0.00, yaw=-0.00
[INFO] [1778710868.286608785] [centerline_scan_node]: Mode=ALIGN_AISLE | x=-0.00, y=0.00, yaw=-0.00
[INFO] [1778710868.394875158] [centerline_scan_node]: Mode=ALIGN_AISLE | x=-0.00, y=0.00, yaw=-0.00
[INFO] [1778710868.492292629] [centerline_scan_node]: Mode=ALIGN_AISLE | x=-0.00, y=0.00, yaw=-0.00
[INFO] [1778710868.597890654] [centerline_scan_node]: Mode=ALIGN_AISLE | x=-0.00, y=0.00, yaw=-0.00
[INFO] [1778710868.686552993] [centerline_scan_node]: Mode=ALIGN_AISLE | x=-0.00, y=0.00, yaw=-0.00
[INFO] [1778710868.793245395] [centerline_scan_node]: Mode=ALIGN_AISLE | x=-0.00, y=0.00, yaw=-0.00
[INFO] [1778710868.890528327] [centerline_scan_node]: Mode=ALIGN_AISLE | x=-0.00, y=0.00, yaw=-0.00
[INFO] [1778710868.989073167] [centerline_scan_node]: Mode=ALIGN_AISLE | x=-0.00, y=0.00, yaw=-0.00
[INFO] [1778710869.093218756] [centerline_scan_node]: Mode=ALIGN_AISLE | x=-0.00, y=0.00, yaw=-0.00
[INFO] [1778710869.185289566] [centerline_scan_node]: Mode=ALIGN_AISLE | x=-0.00, y=0.00, yaw=-0.00
[INFO] [1778710869.288708642] [centerline_scan_node]: Mode=ALIGN_AISLE | x=-0.00, y=0.00, yaw=-0.00
[INFO] [1778710869.384492499] [centerline_scan_node]: Mode=ALIGN_AISLE | x=-0.00, y=0.00, yaw=-0.00
[INFO] [1778710869.497381155] [centerline_scan_node]: Mode=ALIGN_AISLE | x=-0.00, y=0.00, yaw=-0.00
[INFO] [1778710869.586925452] [centerline_scan_node]: Mode=ALIGN_AISLE | x=-0.00, y=0.00, yaw=-0.00
[INFO] [1778710869.694409223] [centerline_scan_node]: Mode=ALIGN_AISLE | x=-0.00, y=0.00, yaw=-0.00
[INFO] [1778710869.794054892] [centerline_scan_node]: Mode=ALIGN_AISLE | x=-0.00, y=0.00, yaw=-0.00
[INFO] [1778710869.885876854] [centerline_scan_node]: Mode=ALIGN_AISLE | x=-0.00, y=0.00, yaw=-0.00
[INFO] [1778710869.991462205] [centerline_scan_node]: Mode=ALIGN_AISLE | x=-0.00, y=0.00, yaw=-0.00
[INFO] [1778710870.086682847] [centerline_scan_node]: Mode=ALIGN_AISLE | x=-0.00, y=0.00, yaw=-0.00
[INFO] [1778710870.192076799] [centerline_scan_node]: Mode=ALIGN_AISLE | x=-0.00, y=0.00, yaw=-0.00
[INFO] [1778710870.287673551] [centerline_scan_node]: Mode=ALIGN_AISLE | x=-0.00, y=0.00, yaw=-0.00
[INFO] [1778710870.394451862] [centerline_scan_node]: Mode=ALIGN_AISLE | x=-0.00, y=0.00, yaw=-0.00
[INFO] [1778710870.488791025] [centerline_scan_node]: Mode=ALIGN_AISLE | x=-0.00, y=0.00, yaw=-0.00
[INFO] [1778710870.588612104] [centerline_scan_node]: Mode=ALIGN_AISLE | x=-0.00, y=0.00, yaw=-0.00
[INFO] [1778710870.688523188] [centerline_scan_node]: Mode=ALIGN_AISLE | x=-0.00, y=0.00, yaw=-0.00
[INFO] [1778710870.788936449] [centerline_scan_node]: Mode=ALIGN_AISLE | x=-0.00, y=0.00, yaw=-0.00
[INFO] [1778710870.897881573] [centerline_scan_node]: Mode=ALIGN_AISLE | x=-0.00, y=0.00, yaw=-0.00
[INFO] [1778710870.989456130] [centerline_scan_node]: Mode=ALIGN_AISLE | x=-0.00, y=0.00, yaw=-0.00
[INFO] [1778710871.086193347] [centerline_scan_node]: Mode=ALIGN_AISLE | x=-0.00, y=0.00, yaw=-0.00
[INFO] [1778710871.187225299] [centerline_scan_node]: Mode=ALIGN_AISLE | x=-0.00, y=0.00, yaw=-0.00
[INFO] [1778710871.291290447] [centerline_scan_node]: Mode=ALIGN_AISLE | x=-0.00, y=0.00, yaw=-0.00
[INFO] [1778710871.400159184] [centerline_scan_node]: Mode=ALIGN_AISLE | x=-0.00, y=0.00, yaw=-0.00
[INFO] [1778710871.490318374] [centerline_scan_node]: Mode=ALIGN_AISLE | x=-0.00, y=0.00, yaw=-0.00
[INFO] [1778710871.588874381] [centerline_scan_node]: Mode=ALIGN_AISLE | x=-0.00, y=0.00, yaw=-0.00
[INFO] [1778710871.690134869] [centerline_scan_node]: Mode=ALIGN_AISLE | x=-0.00, y=0.00, yaw=-0.00
[INFO] [1778710871.788258104] [centerline_scan_node]: Mode=ALIGN_AISLE | x=-0.00, y=0.00, yaw=-0.00
[INFO] [1778710871.901787844] [centerline_scan_node]: Mode=ALIGN_AISLE | x=-0.00, y=0.00, yaw=-0.00
[INFO] [1778710871.986594677] [centerline_scan_node]: Mode=ALIGN_AISLE | x=-0.00, y=0.00, yaw=-0.00
[INFO] [1778710872.093740201] [centerline_scan_node]: Mode=ALIGN_AISLE | x=-0.00, y=0.00, yaw=-0.00
[INFO] [1778710872.188425663] [centerline_scan_node]: Mode=ALIGN_AISLE | x=-0.00, y=0.00, yaw=-0.00
[INFO] [1778710872.290486080] [centerline_scan_node]: Mode=ALIGN_AISLE | x=-0.00, y=0.00, yaw=-0.00
[INFO] [1778710872.389741416] [centerline_scan_node]: Mode=ALIGN_AISLE | x=-0.00, y=0.00, yaw=-0.00
[INFO] [1778710872.490103306] [centerline_scan_node]: Mode=ALIGN_AISLE | x=-0.00, y=0.00, yaw=-0.00
[INFO] [1778710872.588980187] [centerline_scan_node]: Mode=ALIGN_AISLE | x=-0.00, y=0.00, yaw=-0.00
[INFO] [1778710872.696004693] [centerline_scan_node]: Mode=ALIGN_AISLE | x=-0.00, y=0.00, yaw=-0.00
[INFO] [1778710872.788203697] [centerline_scan_node]: Mode=ALIGN_AISLE | x=-0.00, y=0.00, yaw=-0.00
[INFO] [1778710872.888408615] [centerline_scan_node]: Mode=ALIGN_AISLE | x=-0.00, y=0.00, yaw=-0.00
[INFO] [1778710872.988375601] [centerline_scan_node]: Mode=ALIGN_AISLE | x=-0.00, y=0.00, yaw=-0.00
[INFO] [1778710873.088432385] [centerline_scan_node]: Mode=ALIGN_AISLE | x=-0.00, y=0.00, yaw=-0.00
[INFO] [1778710873.186961967] [centerline_scan_node]: Mode=ALIGN_AISLE | x=-0.00, y=0.00, yaw=-0.00
[INFO] [1778710873.286949996] [centerline_scan_node]: Mode=ALIGN_AISLE | x=-0.00, y=0.00, yaw=-0.00
[INFO] [1778710873.388312598] [centerline_scan_node]: Mode=ALIGN_AISLE | x=-0.00, y=0.00, yaw=-0.00
[INFO] [1778710873.498186813] [centerline_scan_node]: Mode=ALIGN_AISLE | x=-0.00, y=0.00, yaw=-0.00
[INFO] [1778710873.590613595] [centerline_scan_node]: Mode=ALIGN_AISLE | x=-0.00, y=0.00, yaw=-0.00
[INFO] [1778710873.691423732] [centerline_scan_node]: Mode=ALIGN_AISLE | x=-0.00, y=0.00, yaw=-0.00
[INFO] [1778710873.787985850] [centerline_scan_node]: Mode=ALIGN_AISLE | x=-0.00, y=0.00, yaw=-0.00
[INFO] [1778710873.899464415] [centerline_scan_node]: Mode=ALIGN_AISLE | x=-0.00, y=0.00, yaw=-0.00
[INFO] [1778710873.987470463] [centerline_scan_node]: Mode=ALIGN_AISLE | x=-0.00, y=0.00, yaw=-0.00
[INFO] [1778710874.085749742] [centerline_scan_node]: Mode=ALIGN_AISLE | x=-0.00, y=0.00, yaw=-0.00
[INFO] [1778710874.188521318] [centerline_scan_node]: Mode=ALIGN_AISLE | x=-0.00, y=0.00, yaw=-0.00
[INFO] [1778710874.284466136] [centerline_scan_node]: Mode=ALIGN_AISLE | x=-0.00, y=0.00, yaw=-0.00
[INFO] [1778710874.392380704] [centerline_scan_node]: Mode=ALIGN_AISLE | x=-0.00, y=0.00, yaw=-0.00
[INFO] [1778710874.492737740] [centerline_scan_node]: Mode=ALIGN_AISLE | x=-0.00, y=0.00, yaw=-0.00
[INFO] [1778710874.587799787] [centerline_scan_node]: Mode=ALIGN_AISLE | x=-0.00, y=0.00, yaw=-0.00
[INFO] [1778710874.698530533] [centerline_scan_node]: Mode=ALIGN_AISLE | x=-0.00, y=0.00, yaw=-0.00
[INFO] [1778710874.789802848] [centerline_scan_node]: Mode=ALIGN_AISLE | x=-0.00, y=0.00, yaw=-0.00
[INFO] [1778710874.888486238] [centerline_scan_node]: Mode=ALIGN_AISLE | x=-0.00, y=0.00, yaw=-0.00
[INFO] [1778710874.989539227] [centerline_scan_node]: Mode=ALIGN_AISLE | x=-0.00, y=0.00, yaw=-0.00
[INFO] [1778710875.094959086] [centerline_scan_node]: Mode=ALIGN_AISLE | x=-0.00, y=0.00, yaw=-0.00
[INFO] [1778710875.188237185] [centerline_scan_node]: Mode=ALIGN_AISLE | x=-0.00, y=0.00, yaw=-0.00
[INFO] [1778710875.297207131] [centerline_scan_node]: Mode=ALIGN_AISLE | x=-0.00, y=0.00, yaw=-0.00
[INFO] [1778710875.388597392] [centerline_scan_node]: Mode=ALIGN_AISLE | x=-0.00, y=0.00, yaw=-0.00
[INFO] [1778710875.488616094] [centerline_scan_node]: Mode=ALIGN_AISLE | x=-0.00, y=0.00, yaw=-0.00
[INFO] [1778710875.589071789] [centerline_scan_node]: Mode=ALIGN_AISLE | x=-0.00, y=0.00, yaw=-0.00
[INFO] [1778710875.688258234] [centerline_scan_node]: Mode=ALIGN_AISLE | x=-0.00, y=0.00, yaw=-0.00
[INFO] [1778710875.793842367] [centerline_scan_node]: Mode=ALIGN_AISLE | x=-0.00, y=0.00, yaw=-0.00
[INFO] [1778710875.896299362] [centerline_scan_node]: Mode=ALIGN_AISLE | x=-0.00, y=0.00, yaw=-0.00
[INFO] [1778710875.992500687] [centerline_scan_node]: Mode=ALIGN_AISLE | x=-0.00, y=0.00, yaw=-0.00
[INFO] [1778710876.086545139] [centerline_scan_node]: Mode=ALIGN_AISLE | x=-0.00, y=0.00, yaw=-0.00
[INFO] [1778710876.193547470] [centerline_scan_node]: Mode=ALIGN_AISLE | x=-0.00, y=0.00, yaw=-0.00
[INFO] [1778710876.288057603] [centerline_scan_node]: Mode=ALIGN_AISLE | x=-0.00, y=0.00, yaw=-0.00
[INFO] [1778710876.395517557] [centerline_scan_node]: Mode=ALIGN_AISLE | x=-0.00, y=0.00, yaw=-0.00
[INFO] [1778710876.485520420] [centerline_scan_node]: Mode=ALIGN_AISLE | x=-0.00, y=0.00, yaw=-0.00
[INFO] [1778710876.595817643] [centerline_scan_node]: Mode=ALIGN_AISLE | x=-0.00, y=0.00, yaw=-0.00
[INFO] [1778710876.693028143] [centerline_scan_node]: Mode=ALIGN_AISLE | x=-0.00, y=0.00, yaw=-0.00
[INFO] [1778710876.789084231] [centerline_scan_node]: Mode=ALIGN_AISLE | x=-0.00, y=0.00, yaw=-0.00
[INFO] [1778710876.892219852] [centerline_scan_node]: Mode=ALIGN_AISLE | x=-0.00, y=0.00, yaw=-0.00
[INFO] [1778710876.988705736] [centerline_scan_node]: Mode=ALIGN_AISLE | x=-0.00, y=0.00, yaw=-0.00
[INFO] [1778710877.089777398] [centerline_scan_node]: Mode=ALIGN_AISLE | x=-0.00, y=0.00, yaw=-0.00
[INFO] [1778710877.185878211] [centerline_scan_node]: Mode=ALIGN_AISLE | x=-0.00, y=0.00, yaw=-0.00
[INFO] [1778710877.297737163] [centerline_scan_node]: Mode=ALIGN_AISLE | x=-0.00, y=0.00, yaw=-0.00
[INFO] [1778710877.388690212] [centerline_scan_node]: Mode=ALIGN_AISLE | x=-0.00, y=0.00, yaw=-0.00
[INFO] [1778710877.487504660] [centerline_scan_node]: Mode=ALIGN_AISLE | x=-0.00, y=0.00, yaw=-0.00
[INFO] [1778710877.596949855] [centerline_scan_node]: Mode=ALIGN_AISLE | x=-0.00, y=0.00, yaw=-0.00
[INFO] [1778710877.691182309] [centerline_scan_node]: Mode=ALIGN_AISLE | x=-0.00, y=0.00, yaw=-0.00
[INFO] [1778710877.788521325] [centerline_scan_node]: Mode=ALIGN_AISLE | x=-0.00, y=0.00, yaw=-0.00
[INFO] [1778710877.894029807] [centerline_scan_node]: Mode=ALIGN_AISLE | x=-0.00, y=0.00, yaw=-0.00
[INFO] [1778710877.986003918] [centerline_scan_node]: Mode=ALIGN_AISLE | x=-0.00, y=0.00, yaw=-0.00
[INFO] [1778710878.091704214] [centerline_scan_node]: Mode=ALIGN_AISLE | x=-0.00, y=0.00, yaw=-0.00
[INFO] [1778710878.193420800] [centerline_scan_node]: Mode=ALIGN_AISLE | x=-0.00, y=0.00, yaw=-0.00
[INFO] [1778710878.294369896] [centerline_scan_node]: Mode=ALIGN_AISLE | x=-0.00, y=0.00, yaw=-0.00
[INFO] [1778710878.391413266] [centerline_scan_node]: Mode=ALIGN_AISLE | x=-0.00, y=0.00, yaw=-0.00
[INFO] [1778710878.486619756] [centerline_scan_node]: Mode=ALIGN_AISLE | x=-0.00, y=0.00, yaw=-0.00
[INFO] [1778710878.589784163] [centerline_scan_node]: Mode=ALIGN_AISLE | x=-0.00, y=0.00, yaw=-0.00
[INFO] [1778710878.698895744] [centerline_scan_node]: Mode=ALIGN_AISLE | x=-0.00, y=0.00, yaw=-0.00
[INFO] [1778710878.787600488] [centerline_scan_node]: Mode=ALIGN_AISLE | x=-0.00, y=0.00, yaw=-0.00
[INFO] [1778710878.896173579] [centerline_scan_node]: Mode=ALIGN_AISLE | x=-0.00, y=0.00, yaw=-0.00
[INFO] [1778710878.989343906] [centerline_scan_node]: Mode=ALIGN_AISLE | x=-0.00, y=0.00, yaw=-0.00
[INFO] [1778710879.090243608] [centerline_scan_node]: Mode=ALIGN_AISLE | x=-0.00, y=0.00, yaw=-0.00
[INFO] [1778710879.199309897] [centerline_scan_node]: Mode=ALIGN_AISLE | x=-0.00, y=0.00, yaw=-0.00
[INFO] [1778710879.288874621] [centerline_scan_node]: Mode=ALIGN_AISLE | x=-0.00, y=0.00, yaw=-0.00
[INFO] [1778710879.395163009] [centerline_scan_node]: Mode=ALIGN_AISLE | x=-0.00, y=0.00, yaw=-0.00
[INFO] [1778710879.494728857] [centerline_scan_node]: Mode=ALIGN_AISLE | x=-0.00, y=0.00, yaw=-0.00
[INFO] [1778710879.587036896] [centerline_scan_node]: Mode=ALIGN_AISLE | x=-0.00, y=0.00, yaw=-0.00
[INFO] [1778710879.688543917] [centerline_scan_node]: Mode=ALIGN_AISLE | x=-0.00, y=0.00, yaw=-0.00
[INFO] [1778710879.824025088] [centerline_scan_node]: Mode=ALIGN_AISLE | x=-0.00, y=0.00, yaw=-0.00
[INFO] [1778710879.899179973] [centerline_scan_node]: Mode=ALIGN_AISLE | x=-0.00, y=0.00, yaw=-0.00
[INFO] [1778710879.990139184] [centerline_scan_node]: Mode=ALIGN_AISLE | x=-0.00, y=0.00, yaw=-0.00
[INFO] [1778710880.086562386] [centerline_scan_node]: Mode=ALIGN_AISLE | x=-0.00, y=0.00, yaw=-0.00
[INFO] [1778710880.189787909] [centerline_scan_node]: Mode=ALIGN_AISLE | x=-0.00, y=0.00, yaw=-0.00
[INFO] [1778710880.292925890] [centerline_scan_node]: Mode=ALIGN_AISLE | x=-0.00, y=0.00, yaw=-0.00
[INFO] [1778710880.387508277] [centerline_scan_node]: Mode=ALIGN_AISLE | x=-0.00, y=0.00, yaw=-0.00
[INFO] [1778710880.487511808] [centerline_scan_node]: Mode=ALIGN_AISLE | x=-0.00, y=0.00, yaw=-0.00
[INFO] [1778710880.597329252] [centerline_scan_node]: Mode=ALIGN_AISLE | x=-0.00, y=0.00, yaw=-0.00
[INFO] [1778710880.689714654] [centerline_scan_node]: Mode=ALIGN_AISLE | x=-0.00, y=0.00, yaw=-0.00
[INFO] [1778710880.794626618] [centerline_scan_node]: Mode=ALIGN_AISLE | x=-0.00, y=0.00, yaw=-0.00
[INFO] [1778710880.887577995] [centerline_scan_node]: Mode=ALIGN_AISLE | x=-0.00, y=0.00, yaw=-0.00
[INFO] [1778710880.994585410] [centerline_scan_node]: Mode=ALIGN_AISLE | x=-0.00, y=0.00, yaw=-0.00
[INFO] [1778710881.085684448] [centerline_scan_node]: Mode=ALIGN_AISLE | x=-0.00, y=0.00, yaw=-0.00
[INFO] [1778710881.193488001] [centerline_scan_node]: Mode=ALIGN_AISLE | x=-0.00, y=0.00, yaw=-0.00
[INFO] [1778710881.289423675] [centerline_scan_node]: Mode=ALIGN_AISLE | x=-0.00, y=0.00, yaw=-0.00
[INFO] [1778710881.394073086] [centerline_scan_node]: Mode=ALIGN_AISLE | x=-0.00, y=0.00, yaw=-0.00
[INFO] [1778710881.494806387] [centerline_scan_node]: Mode=ALIGN_AISLE | x=-0.00, y=0.00, yaw=-0.00
[INFO] [1778710881.586109716] [centerline_scan_node]: Mode=ALIGN_AISLE | x=-0.00, y=0.00, yaw=-0.00
[INFO] [1778710881.696141901] [centerline_scan_node]: Mode=ALIGN_AISLE | x=-0.00, y=0.00, yaw=-0.00
[INFO] [1778710881.789383785] [centerline_scan_node]: Mode=ALIGN_AISLE | x=-0.00, y=0.00, yaw=-0.00
[INFO] [1778710881.900914584] [centerline_scan_node]: Mode=ALIGN_AISLE | x=-0.00, y=0.00, yaw=-0.00
[INFO] [1778710881.988177052] [centerline_scan_node]: Mode=ALIGN_AISLE | x=-0.00, y=0.00, yaw=-0.00
[INFO] [1778710882.096318783] [centerline_scan_node]: Mode=ALIGN_AISLE | x=-0.00, y=0.00, yaw=-0.00
[INFO] [1778710882.189399814] [centerline_scan_node]: Mode=ALIGN_AISLE | x=-0.00, y=0.00, yaw=-0.00
[INFO] [1778710882.289218407] [centerline_scan_node]: Mode=ALIGN_AISLE | x=-0.00, y=0.00, yaw=-0.00
[INFO] [1778710883.156091641] [centerline_scan_node]: Mode=ALIGN_AISLE | x=-0.00, y=0.00, yaw=-0.00
[INFO] [1778710883.195932119] [centerline_scan_node]: Mode=ALIGN_AISLE | x=-0.00, y=0.00, yaw=-0.00
[INFO] [1778710883.287026188] [centerline_scan_node]: Mode=ALIGN_AISLE | x=-0.00, y=0.00, yaw=-0.00
[INFO] [1778710883.394628767] [centerline_scan_node]: Mode=ALIGN_AISLE | x=-0.00, y=0.00, yaw=-0.00
[INFO] [1778710883.486272290] [centerline_scan_node]: Mode=ALIGN_AISLE | x=-0.00, y=0.00, yaw=-0.00
[INFO] [1778710883.588369235] [centerline_scan_node]: Mode=ALIGN_AISLE | x=-0.00, y=0.00, yaw=-0.00
[INFO] [1778710883.687045836] [centerline_scan_node]: Mode=ALIGN_AISLE | x=-0.00, y=0.00, yaw=-0.00
[INFO] [1778710883.792077237] [centerline_scan_node]: Mode=ALIGN_AISLE | x=-0.00, y=0.00, yaw=-0.00
[INFO] [1778710883.892170704] [centerline_scan_node]: Mode=ALIGN_AISLE | x=-0.00, y=0.00, yaw=-0.00
[INFO] [1778710884.001058477] [centerline_scan_node]: Mode=ALIGN_AISLE | x=-0.00, y=0.00, yaw=-0.00
[INFO] [1778710884.092860241] [centerline_scan_node]: Mode=ALIGN_AISLE | x=-0.00, y=0.00, yaw=-0.00
[INFO] [1778710884.191889357] [centerline_scan_node]: Mode=ALIGN_AISLE | x=-0.00, y=0.00, yaw=-0.00
[INFO] [1778710884.289019646] [centerline_scan_node]: Mode=ALIGN_AISLE | x=-0.00, y=0.00, yaw=-0.00
[INFO] [1778710884.390909813] [centerline_scan_node]: Mode=ALIGN_AISLE | x=-0.00, y=0.00, yaw=-0.00
[INFO] [1778710884.485762529] [centerline_scan_node]: Mode=ALIGN_AISLE | x=-0.00, y=0.00, yaw=-0.00
[INFO] [1778710884.590613213] [centerline_scan_node]: Mode=ALIGN_AISLE | x=-0.00, y=0.00, yaw=-0.00
[INFO] [1778710884.686822528] [centerline_scan_node]: Mode=ALIGN_AISLE | x=-0.00, y=0.00, yaw=-0.00
[INFO] [1778710884.792976815] [centerline_scan_node]: Mode=ALIGN_AISLE | x=-0.00, y=0.00, yaw=-0.00
[INFO] [1778710884.888426402] [centerline_scan_node]: Mode=ALIGN_AISLE | x=-0.00, y=0.00, yaw=-0.00
[INFO] [1778710884.987998219] [centerline_scan_node]: Mode=ALIGN_AISLE | x=-0.00, y=0.00, yaw=-0.00
[INFO] [1778710885.099039111] [centerline_scan_node]: Mode=ALIGN_AISLE | x=-0.00, y=0.00, yaw=-0.00
[INFO] [1778710885.188395580] [centerline_scan_node]: Mode=ALIGN_AISLE | x=-0.00, y=0.00, yaw=-0.00
[INFO] [1778710885.308840973] [centerline_scan_node]: Mode=ALIGN_AISLE | x=-0.00, y=0.00, yaw=-0.00
[INFO] [1778710885.387813507] [centerline_scan_node]: Mode=ALIGN_AISLE | x=-0.00, y=0.00, yaw=-0.00
[INFO] [1778710885.491286561] [centerline_scan_node]: Mode=ALIGN_AISLE | x=-0.00, y=0.00, yaw=-0.00
[INFO] [1778710885.587432734] [centerline_scan_node]: Mode=ALIGN_AISLE | x=-0.00, y=0.00, yaw=-0.00
[INFO] [1778710885.700376095] [centerline_scan_node]: Mode=ALIGN_AISLE | x=-0.00, y=0.00, yaw=-0.00
[INFO] [1778710885.791047181] [centerline_scan_node]: Mode=ALIGN_AISLE | x=-0.00, y=0.00, yaw=-0.00
[INFO] [1778710885.887914642] [centerline_scan_node]: Mode=ALIGN_AISLE | x=-0.00, y=0.00, yaw=-0.00
[INFO] [1778710885.985175818] [centerline_scan_node]: Mode=ALIGN_AISLE | x=-0.00, y=0.00, yaw=-0.00
[INFO] [1778710886.089739715] [centerline_scan_node]: Mode=ALIGN_AISLE | x=-0.00, y=0.00, yaw=-0.00
[INFO] [1778710886.197379200] [centerline_scan_node]: Mode=ALIGN_AISLE | x=-0.00, y=0.00, yaw=-0.00
[INFO] [1778710886.286860536] [centerline_scan_node]: Mode=ALIGN_AISLE | x=-0.00, y=0.00, yaw=-0.00
[INFO] [1778710886.393654890] [centerline_scan_node]: Mode=ALIGN_AISLE | x=-0.00, y=0.00, yaw=-0.00
[INFO] [1778710886.484922742] [centerline_scan_node]: Mode=ALIGN_AISLE | x=-0.00, y=0.00, yaw=-0.00
[INFO] [1778710886.588290823] [centerline_scan_node]: Mode=ALIGN_AISLE | x=-0.00, y=0.00, yaw=-0.00
[INFO] [1778710886.701806752] [centerline_scan_node]: Mode=ALIGN_AISLE | x=-0.00, y=0.00, yaw=-0.00
[INFO] [1778710886.787864700] [centerline_scan_node]: Mode=ALIGN_AISLE | x=-0.00, y=0.00, yaw=-0.00
[INFO] [1778710886.889963525] [centerline_scan_node]: Mode=ALIGN_AISLE | x=-0.00, y=0.00, yaw=-0.00
[INFO] [1778710886.994782964] [centerline_scan_node]: Mode=ALIGN_AISLE | x=-0.00, y=0.00, yaw=-0.00
[INFO] [1778710887.086389233] [centerline_scan_node]: Mode=ALIGN_AISLE | x=-0.00, y=0.00, yaw=-0.00
[INFO] [1778710887.192077194] [centerline_scan_node]: Mode=ALIGN_AISLE | x=-0.00, y=0.00, yaw=-0.00
[INFO] [1778710887.287600875] [centerline_scan_node]: Mode=ALIGN_AISLE | x=-0.00, y=0.00, yaw=-0.00
[INFO] [1778710887.398028421] [centerline_scan_node]: Mode=ALIGN_AISLE | x=-0.00, y=0.00, yaw=-0.00
[INFO] [1778710887.487031553] [centerline_scan_node]: Mode=ALIGN_AISLE | x=-0.00, y=0.00, yaw=-0.00
[INFO] [1778710887.598116381] [centerline_scan_node]: Mode=ALIGN_AISLE | x=-0.00, y=0.00, yaw=-0.00
[INFO] [1778710887.685927947] [centerline_scan_node]: Mode=ALIGN_AISLE | x=-0.00, y=0.00, yaw=-0.00
[INFO] [1778710887.790199129] [centerline_scan_node]: Mode=ALIGN_AISLE | x=-0.00, y=0.00, yaw=-0.00
[INFO] [1778710887.891131867] [centerline_scan_node]: Mode=ALIGN_AISLE | x=-0.00, y=0.00, yaw=-0.00
[INFO] [1778710887.989021210] [centerline_scan_node]: Mode=ALIGN_AISLE | x=-0.00, y=0.00, yaw=-0.00
[INFO] [1778710888.093089911] [centerline_scan_node]: Mode=ALIGN_AISLE | x=-0.00, y=0.00, yaw=-0.00
[INFO] [1778710888.188690584] [centerline_scan_node]: Mode=ALIGN_AISLE | x=-0.00, y=0.00, yaw=-0.00
[INFO] [1778710888.288485067] [centerline_scan_node]: Mode=ALIGN_AISLE | x=-0.00, y=0.00, yaw=-0.00
[INFO] [1778710888.393460140] [centerline_scan_node]: Mode=ALIGN_AISLE | x=-0.00, y=0.00, yaw=-0.00
[INFO] [1778710888.487213538] [centerline_scan_node]: Mode=ALIGN_AISLE | x=-0.00, y=0.00, yaw=-0.00
[INFO] [1778710888.592022888] [centerline_scan_node]: Mode=ALIGN_AISLE | x=-0.00, y=0.00, yaw=-0.00
[INFO] [1778710888.686465487] [centerline_scan_node]: Mode=ALIGN_AISLE | x=-0.00, y=0.00, yaw=-0.00
[INFO] [1778710888.787367040] [centerline_scan_node]: Mode=ALIGN_AISLE | x=-0.00, y=0.00, yaw=-0.00
[INFO] [1778710888.893546377] [centerline_scan_node]: Mode=ALIGN_AISLE | x=-0.00, y=0.00, yaw=-0.00
[INFO] [1778710888.994623022] [centerline_scan_node]: Mode=ALIGN_AISLE | x=-0.00, y=0.00, yaw=-0.00
[INFO] [1778710889.089993786] [centerline_scan_node]: Mode=ALIGN_AISLE | x=-0.00, y=0.00, yaw=-0.00
[INFO] [1778710889.187387727] [centerline_scan_node]: Mode=ALIGN_AISLE | x=-0.00, y=0.00, yaw=-0.00
[INFO] [1778710889.289884664] [centerline_scan_node]: Mode=ALIGN_AISLE | x=-0.00, y=0.00, yaw=-0.00
[INFO] [1778710889.384598335] [centerline_scan_node]: Mode=ALIGN_AISLE | x=-0.00, y=0.00, yaw=-0.00
[INFO] [1778710889.488994989] [centerline_scan_node]: Mode=ALIGN_AISLE | x=-0.00, y=0.00, yaw=-0.00
[INFO] [1778710889.586875115] [centerline_scan_node]: Mode=ALIGN_AISLE | x=-0.00, y=0.00, yaw=-0.00
[INFO] [1778710889.686409417] [centerline_scan_node]: Mode=ALIGN_AISLE | x=-0.00, y=0.00, yaw=-0.00
[INFO] [1778710889.797555972] [centerline_scan_node]: Mode=ALIGN_AISLE | x=-0.00, y=0.00, yaw=-0.00
[INFO] [1778710889.888426855] [centerline_scan_node]: Mode=ALIGN_AISLE | x=-0.00, y=0.00, yaw=-0.00
[INFO] [1778710889.987898875] [centerline_scan_node]: Mode=ALIGN_AISLE | x=-0.00, y=0.00, yaw=-0.00
[INFO] [1778710890.092191112] [centerline_scan_node]: Mode=ALIGN_AISLE | x=-0.00, y=0.00, yaw=-0.00
[INFO] [1778710890.189827590] [centerline_scan_node]: Mode=ALIGN_AISLE | x=-0.00, y=0.00, yaw=-0.00
[INFO] [1778710890.286929746] [centerline_scan_node]: Mode=ALIGN_AISLE | x=-0.00, y=0.00, yaw=-0.00
[INFO] [1778710890.388501715] [centerline_scan_node]: Mode=ALIGN_AISLE | x=-0.00, y=0.00, yaw=-0.00
[INFO] [1778710890.494666731] [centerline_scan_node]: Mode=ALIGN_AISLE | x=-0.00, y=0.00, yaw=-0.00
[INFO] [1778710890.588593112] [centerline_scan_node]: Mode=ALIGN_AISLE | x=-0.00, y=0.00, yaw=-0.00
[INFO] [1778710890.689922969] [centerline_scan_node]: Mode=ALIGN_AISLE | x=-0.00, y=0.00, yaw=-0.00
[INFO] [1778710890.787598058] [centerline_scan_node]: Mode=ALIGN_AISLE | x=-0.00, y=0.00, yaw=-0.00
[INFO] [1778710890.890360628] [centerline_scan_node]: Mode=ALIGN_AISLE | x=-0.00, y=0.00, yaw=-0.00
[INFO] [1778710890.989867973] [centerline_scan_node]: Mode=ALIGN_AISLE | x=-0.00, y=0.00, yaw=-0.00
[INFO] [1778710891.094083925] [centerline_scan_node]: Mode=ALIGN_AISLE | x=-0.00, y=0.00, yaw=-0.00
[INFO] [1778710891.189180018] [centerline_scan_node]: Mode=ALIGN_AISLE | x=-0.00, y=0.00, yaw=-0.00
[INFO] [1778710891.288846625] [centerline_scan_node]: Mode=ALIGN_AISLE | x=-0.00, y=0.00, yaw=-0.00
[INFO] [1778710891.389437093] [centerline_scan_node]: Mode=ALIGN_AISLE | x=-0.00, y=0.00, yaw=-0.00
[INFO] [1778710891.495046939] [centerline_scan_node]: Mode=ALIGN_AISLE | x=-0.00, y=0.00, yaw=-0.00
[INFO] [1778710891.596537484] [centerline_scan_node]: Mode=ALIGN_AISLE | x=-0.00, y=0.00, yaw=-0.00
[INFO] [1778710891.687598575] [centerline_scan_node]: Mode=ALIGN_AISLE | x=-0.00, y=0.00, yaw=-0.00
[INFO] [1778710891.789312206] [centerline_scan_node]: Mode=ALIGN_AISLE | x=-0.00, y=0.00, yaw=-0.00
[INFO] [1778710891.890780265] [centerline_scan_node]: Mode=ALIGN_AISLE | x=-0.00, y=0.00, yaw=-0.00
[INFO] [1778710891.989247241] [centerline_scan_node]: Mode=ALIGN_AISLE | x=-0.00, y=0.00, yaw=-0.00
[INFO] [1778710892.096930237] [centerline_scan_node]: Mode=ALIGN_AISLE | x=-0.00, y=0.00, yaw=-0.00
[INFO] [1778710892.189038258] [centerline_scan_node]: Mode=ALIGN_AISLE | x=-0.00, y=0.00, yaw=-0.00
[INFO] [1778710892.293935639] [centerline_scan_node]: Mode=ALIGN_AISLE | x=-0.00, y=0.00, yaw=-0.00
[INFO] [1778710892.385646656] [centerline_scan_node]: Mode=ALIGN_AISLE | x=-0.00, y=0.00, yaw=-0.00
[INFO] [1778710892.495965014] [centerline_scan_node]: Mode=ALIGN_AISLE | x=-0.00, y=0.00, yaw=-0.00
[INFO] [1778710892.587990323] [centerline_scan_node]: Mode=ALIGN_AISLE | x=-0.00, y=0.00, yaw=-0.00
[INFO] [1778710892.685846912] [centerline_scan_node]: Mode=ALIGN_AISLE | x=-0.00, y=0.00, yaw=-0.00
[INFO] [1778710892.789312174] [centerline_scan_node]: Mode=ALIGN_AISLE | x=-0.00, y=0.00, yaw=-0.00
[INFO] [1778710892.887150680] [centerline_scan_node]: Mode=ALIGN_AISLE | x=-0.00, y=0.00, yaw=-0.00
[INFO] [1778710892.999741118] [centerline_scan_node]: Mode=ALIGN_AISLE | x=-0.00, y=0.00, yaw=-0.00
[INFO] [1778710893.086655329] [centerline_scan_node]: Mode=ALIGN_AISLE | x=-0.00, y=0.00, yaw=-0.00
[INFO] [1778710893.191044513] [centerline_scan_node]: Mode=ALIGN_AISLE | x=-0.00, y=0.00, yaw=-0.00
[INFO] [1778710893.294722245] [centerline_scan_node]: Mode=ALIGN_AISLE | x=-0.00, y=0.00, yaw=-0.00
[INFO] [1778710893.393761464] [centerline_scan_node]: Mode=ALIGN_AISLE | x=-0.00, y=0.00, yaw=-0.00
[INFO] [1778710893.496136261] [centerline_scan_node]: Mode=ALIGN_AISLE | x=-0.00, y=0.00, yaw=-0.00
[INFO] [1778710893.589283782] [centerline_scan_node]: Mode=ALIGN_AISLE | x=-0.00, y=0.00, yaw=-0.00
[INFO] [1778710893.688182098] [centerline_scan_node]: Mode=ALIGN_AISLE | x=-0.00, y=0.00, yaw=-0.00
[INFO] [1778710893.788056462] [centerline_scan_node]: Mode=ALIGN_AISLE | x=-0.00, y=0.00, yaw=-0.00
[INFO] [1778710893.886055547] [centerline_scan_node]: Mode=ALIGN_AISLE | x=-0.00, y=0.00, yaw=-0.00
[INFO] [1778710893.997432646] [centerline_scan_node]: Mode=ALIGN_AISLE | x=-0.00, y=0.00, yaw=-0.00
[INFO] [1778710894.096622356] [centerline_scan_node]: Mode=ALIGN_AISLE | x=-0.00, y=0.00, yaw=-0.00
[INFO] [1778710894.187510006] [centerline_scan_node]: Mode=ALIGN_AISLE | x=-0.00, y=0.00, yaw=-0.00
[INFO] [1778710894.299659146] [centerline_scan_node]: Mode=ALIGN_AISLE | x=-0.00, y=0.00, yaw=-0.00
[INFO] [1778710894.388092924] [centerline_scan_node]: Mode=ALIGN_AISLE | x=-0.00, y=0.00, yaw=-0.00
[INFO] [1778710894.491205210] [centerline_scan_node]: Mode=ALIGN_AISLE | x=-0.00, y=0.00, yaw=-0.00
[INFO] [1778710894.589402718] [centerline_scan_node]: Mode=ALIGN_AISLE | x=-0.00, y=0.00, yaw=-0.00
[INFO] [1778710894.688836154] [centerline_scan_node]: Mode=ALIGN_AISLE | x=-0.00, y=0.00, yaw=-0.00
[INFO] [1778710894.786307271] [centerline_scan_node]: Mode=ALIGN_AISLE | x=-0.00, y=0.00, yaw=-0.00
[INFO] [1778710894.887378006] [centerline_scan_node]: Mode=ALIGN_AISLE | x=-0.00, y=0.00, yaw=-0.00
[INFO] [1778710894.989833925] [centerline_scan_node]: Mode=ALIGN_AISLE | x=-0.00, y=0.00, yaw=-0.00
[INFO] [1778710895.087177394] [centerline_scan_node]: Mode=ALIGN_AISLE | x=-0.00, y=0.00, yaw=-0.00
[INFO] [1778710895.187871901] [centerline_scan_node]: Mode=ALIGN_AISLE | x=-0.00, y=0.00, yaw=-0.00
[INFO] [1778710895.287723483] [centerline_scan_node]: Mode=ALIGN_AISLE | x=-0.00, y=0.00, yaw=-0.00
[INFO] [1778710895.386998863] [centerline_scan_node]: Mode=ALIGN_AISLE | x=-0.00, y=0.00, yaw=-0.00
[INFO] [1778710895.488839423] [centerline_scan_node]: Mode=ALIGN_AISLE | x=-0.00, y=0.00, yaw=-0.00
[INFO] [1778710895.601715650] [centerline_scan_node]: Mode=ALIGN_AISLE | x=-0.00, y=0.00, yaw=-0.00
[INFO] [1778710895.691534818] [centerline_scan_node]: Mode=ALIGN_AISLE | x=-0.00, y=0.00, yaw=-0.00
[INFO] [1778710895.796781850] [centerline_scan_node]: Mode=ALIGN_AISLE | x=-0.00, y=0.00, yaw=-0.00
[INFO] [1778710895.892726878] [centerline_scan_node]: Mode=ALIGN_AISLE | x=-0.00, y=0.00, yaw=-0.00
[INFO] [1778710895.992034720] [centerline_scan_node]: Mode=ALIGN_AISLE | x=-0.00, y=0.00, yaw=-0.00
[INFO] [1778710896.087176263] [centerline_scan_node]: Mode=ALIGN_AISLE | x=-0.00, y=0.00, yaw=-0.00
[INFO] [1778710896.190477698] [centerline_scan_node]: Mode=ALIGN_AISLE | x=-0.00, y=0.00, yaw=-0.00
[INFO] [1778710896.286537925] [centerline_scan_node]: Mode=ALIGN_AISLE | x=-0.00, y=0.00, yaw=-0.00
[INFO] [1778710896.390838893] [centerline_scan_node]: Mode=ALIGN_AISLE | x=-0.00, y=0.00, yaw=-0.00
[INFO] [1778710896.486834899] [centerline_scan_node]: Mode=ALIGN_AISLE | x=-0.00, y=0.00, yaw=-0.00
[INFO] [1778710896.593051083] [centerline_scan_node]: Mode=ALIGN_AISLE | x=-0.00, y=0.00, yaw=-0.00
[INFO] [1778710896.685478857] [centerline_scan_node]: Mode=ALIGN_AISLE | x=-0.00, y=0.00, yaw=-0.00
[INFO] [1778710896.789541400] [centerline_scan_node]: Mode=ALIGN_AISLE | x=-0.00, y=0.00, yaw=-0.00
[INFO] [1778710896.891242291] [centerline_scan_node]: Mode=ALIGN_AISLE | x=-0.00, y=0.00, yaw=-0.00
[INFO] [1778710897.001646533] [centerline_scan_node]: Mode=ALIGN_AISLE | x=-0.00, y=0.00, yaw=-0.00
[INFO] [1778710897.084792148] [centerline_scan_node]: Mode=ALIGN_AISLE | x=-0.00, y=0.00, yaw=-0.00
[INFO] [1778710897.188169523] [centerline_scan_node]: Mode=ALIGN_AISLE | x=-0.00, y=0.00, yaw=-0.00
[INFO] [1778710897.287343634] [centerline_scan_node]: Mode=ALIGN_AISLE | x=-0.00, y=0.00, yaw=-0.00
[INFO] [1778710897.392363909] [centerline_scan_node]: Mode=ALIGN_AISLE | x=-0.00, y=0.00, yaw=-0.00
[INFO] [1778710897.496127413] [centerline_scan_node]: Mode=ALIGN_AISLE | x=-0.00, y=0.00, yaw=-0.00
[INFO] [1778710897.585565263] [centerline_scan_node]: Mode=ALIGN_AISLE | x=-0.00, y=0.00, yaw=-0.00
[INFO] [1778710897.688038339] [centerline_scan_node]: Mode=ALIGN_AISLE | x=-0.00, y=0.00, yaw=-0.00
[INFO] [1778710897.786242581] [centerline_scan_node]: Mode=ALIGN_AISLE | x=-0.00, y=0.00, yaw=-0.00
[INFO] [1778710897.890269601] [centerline_scan_node]: Mode=ALIGN_AISLE | x=-0.00, y=0.00, yaw=-0.00
[INFO] [1778710897.987844392] [centerline_scan_node]: Mode=ALIGN_AISLE | x=-0.00, y=0.00, yaw=-0.00
[INFO] [1778710898.087165094] [centerline_scan_node]: Mode=ALIGN_AISLE | x=-0.00, y=0.00, yaw=-0.00
[INFO] [1778710898.186147677] [centerline_scan_node]: Mode=ALIGN_AISLE | x=-0.00, y=0.00, yaw=-0.00
[INFO] [1778710898.289865787] [centerline_scan_node]: Mode=ALIGN_AISLE | x=-0.00, y=0.00, yaw=-0.00
[INFO] [1778710898.388364200] [centerline_scan_node]: Mode=ALIGN_AISLE | x=-0.00, y=0.00, yaw=-0.00
[INFO] [1778710898.497238524] [centerline_scan_node]: Mode=ALIGN_AISLE | x=-0.00, y=0.00, yaw=-0.00
[INFO] [1778710898.587792518] [centerline_scan_node]: Mode=ALIGN_AISLE | x=-0.00, y=0.00, yaw=-0.00
[INFO] [1778710898.693226447] [centerline_scan_node]: Mode=ALIGN_AISLE | x=-0.00, y=0.00, yaw=-0.00
[INFO] [1778710898.787389348] [centerline_scan_node]: Mode=ALIGN_AISLE | x=-0.00, y=0.00, yaw=-0.00
[INFO] [1778710898.896917852] [centerline_scan_node]: Mode=ALIGN_AISLE | x=-0.00, y=0.00, yaw=-0.00
[INFO] [1778710898.988481246] [centerline_scan_node]: Mode=ALIGN_AISLE | x=-0.00, y=0.00, yaw=-0.00
[INFO] [1778710899.086555165] [centerline_scan_node]: Mode=ALIGN_AISLE | x=-0.00, y=0.00, yaw=-0.00
[INFO] [1778710899.190239646] [centerline_scan_node]: Mode=ALIGN_AISLE | x=-0.00, y=0.00, yaw=-0.00
[INFO] [1778710899.288431598] [centerline_scan_node]: Mode=ALIGN_AISLE | x=-0.00, y=0.00, yaw=-0.00
[INFO] [1778710899.393583643] [centerline_scan_node]: Mode=ALIGN_AISLE | x=-0.00, y=0.00, yaw=-0.00
[INFO] [1778710899.487149987] [centerline_scan_node]: Mode=ALIGN_AISLE | x=-0.00, y=0.00, yaw=-0.00
[INFO] [1778710899.600863282] [centerline_scan_node]: Mode=ALIGN_AISLE | x=-0.00, y=0.00, yaw=-0.00
[INFO] [1778710899.688682185] [centerline_scan_node]: Mode=ALIGN_AISLE | x=-0.00, y=0.00, yaw=-0.00
[INFO] [1778710899.794609958] [centerline_scan_node]: Mode=ALIGN_AISLE | x=-0.00, y=0.00, yaw=-0.00
[INFO] [1778710899.896672281] [centerline_scan_node]: Mode=ALIGN_AISLE | x=-0.00, y=0.00, yaw=-0.00
[INFO] [1778710899.991437761] [centerline_scan_node]: Mode=ALIGN_AISLE | x=-0.00, y=0.00, yaw=-0.00
[INFO] [1778710900.092759984] [centerline_scan_node]: Mode=ALIGN_AISLE | x=-0.00, y=0.00, yaw=-0.00
[INFO] [1778710900.188094973] [centerline_scan_node]: Mode=ALIGN_AISLE | x=-0.00, y=0.00, yaw=-0.00
[INFO] [1778710900.287861409] [centerline_scan_node]: Mode=ALIGN_AISLE | x=-0.00, y=0.00, yaw=-0.00
[INFO] [1778710900.385663844] [centerline_scan_node]: Mode=ALIGN_AISLE | x=-0.00, y=0.00, yaw=-0.00
[INFO] [1778710900.487467692] [centerline_scan_node]: Mode=ALIGN_AISLE | x=-0.00, y=0.00, yaw=-0.00
[INFO] [1778710900.586388579] [centerline_scan_node]: Mode=ALIGN_AISLE | x=-0.00, y=0.00, yaw=-0.00
[INFO] [1778710900.689095347] [centerline_scan_node]: Mode=ALIGN_AISLE | x=-0.00, y=0.00, yaw=-0.00
[INFO] [1778710900.804077206] [centerline_scan_node]: Mode=ALIGN_AISLE | x=-0.00, y=0.00, yaw=-0.00
[INFO] [1778710900.899138301] [centerline_scan_node]: Mode=ALIGN_AISLE | x=-0.00, y=0.00, yaw=-0.00
[INFO] [1778710900.991987441] [centerline_scan_node]: Mode=ALIGN_AISLE | x=-0.00, y=0.00, yaw=-0.00
[INFO] [1778710901.087448020] [centerline_scan_node]: Mode=ALIGN_AISLE | x=-0.00, y=0.00, yaw=-0.00
[INFO] [1778710901.188254776] [centerline_scan_node]: Mode=ALIGN_AISLE | x=-0.00, y=0.00, yaw=-0.00
[INFO] [1778710901.297221559] [centerline_scan_node]: Mode=ALIGN_AISLE | x=-0.00, y=0.00, yaw=-0.00
[INFO] [1778710901.387733102] [centerline_scan_node]: Mode=ALIGN_AISLE | x=-0.00, y=0.00, yaw=-0.00
[INFO] [1778710901.487871406] [centerline_scan_node]: Mode=ALIGN_AISLE | x=-0.00, y=0.00, yaw=-0.00
[INFO] [1778710901.584257127] [centerline_scan_node]: Mode=ALIGN_AISLE | x=-0.00, y=0.00, yaw=-0.00
[INFO] [1778710901.688461002] [centerline_scan_node]: Mode=ALIGN_AISLE | x=-0.00, y=0.00, yaw=-0.00
[INFO] [1778710901.815477801] [centerline_scan_node]: Mode=ALIGN_AISLE | x=-0.00, y=0.00, yaw=-0.00
[INFO] [1778710901.896846403] [centerline_scan_node]: Mode=ALIGN_AISLE | x=-0.00, y=0.00, yaw=-0.00
[INFO] [1778710901.991328068] [centerline_scan_node]: Mode=ALIGN_AISLE | x=-0.00, y=0.00, yaw=-0.00
[INFO] [1778710902.089535437] [centerline_scan_node]: Mode=ALIGN_AISLE | x=-0.00, y=0.00, yaw=-0.00
[INFO] [1778710902.187432828] [centerline_scan_node]: Mode=ALIGN_AISLE | x=-0.00, y=0.00, yaw=-0.00
[INFO] [1778710902.294828979] [centerline_scan_node]: Mode=ALIGN_AISLE | x=-0.00, y=0.00, yaw=-0.00
[INFO] [1778710902.390171538] [centerline_scan_node]: Mode=ALIGN_AISLE | x=-0.00, y=0.00, yaw=-0.00
[INFO] [1778710902.496226577] [centerline_scan_node]: Mode=ALIGN_AISLE | x=-0.00, y=0.00, yaw=-0.00
[INFO] [1778710902.588438687] [centerline_scan_node]: Mode=ALIGN_AISLE | x=-0.00, y=0.00, yaw=-0.00
[INFO] [1778710902.691894046] [centerline_scan_node]: Mode=ALIGN_AISLE | x=-0.00, y=0.00, yaw=-0.00
[INFO] [1778710902.791733673] [centerline_scan_node]: Mode=ALIGN_AISLE | x=-0.00, y=0.00, yaw=-0.00
[INFO] [1778710902.890155562] [centerline_scan_node]: Mode=ALIGN_AISLE | x=-0.00, y=0.00, yaw=-0.00
[INFO] [1778710902.989362717] [centerline_scan_node]: Mode=ALIGN_AISLE | x=-0.00, y=0.00, yaw=-0.00
[INFO] [1778710903.093474712] [centerline_scan_node]: Mode=ALIGN_AISLE | x=-0.00, y=0.00, yaw=-0.00
[INFO] [1778710903.297918220] [centerline_scan_node]: Mode=ALIGN_AISLE | x=-0.00, y=0.00, yaw=-0.00
[INFO] [1778710903.316467306] [centerline_scan_node]: Mode=ALIGN_AISLE | x=-0.00, y=0.00, yaw=-0.00
[INFO] [1778710903.405248660] [centerline_scan_node]: Mode=ALIGN_AISLE | x=-0.00, y=0.00, yaw=-0.00
[INFO] [1778710903.487047716] [centerline_scan_node]: Mode=ALIGN_AISLE | x=-0.00, y=0.00, yaw=-0.00
[INFO] [1778710903.596879484] [centerline_scan_node]: Mode=ALIGN_AISLE | x=-0.00, y=0.00, yaw=-0.00
[INFO] [1778710903.689002372] [centerline_scan_node]: Mode=ALIGN_AISLE | x=-0.00, y=0.00, yaw=-0.00
[INFO] [1778710903.785884282] [centerline_scan_node]: Mode=ALIGN_AISLE | x=-0.00, y=0.00, yaw=-0.00
[INFO] [1778710903.897431805] [centerline_scan_node]: Mode=ALIGN_AISLE | x=-0.00, y=0.00, yaw=-0.00
[INFO] [1778710903.990012526] [centerline_scan_node]: Mode=ALIGN_AISLE | x=-0.00, y=0.00, yaw=-0.00
[INFO] [1778710904.133366119] [centerline_scan_node]: Mode=ALIGN_AISLE | x=-0.00, y=0.00, yaw=-0.00
[INFO] [1778710904.199666531] [centerline_scan_node]: Mode=ALIGN_AISLE | x=-0.00, y=0.00, yaw=-0.00
[INFO] [1778710904.292347815] [centerline_scan_node]: Mode=ALIGN_AISLE | x=-0.00, y=0.00, yaw=-0.00
[INFO] [1778710904.390686136] [centerline_scan_node]: Mode=ALIGN_AISLE | x=-0.00, y=0.00, yaw=-0.00
[INFO] [1778710904.489185709] [centerline_scan_node]: Mode=ALIGN_AISLE | x=-0.00, y=0.00, yaw=-0.00
[INFO] [1778710904.592183081] [centerline_scan_node]: Mode=ALIGN_AISLE | x=-0.00, y=0.00, yaw=-0.00
[INFO] [1778710904.692361514] [centerline_scan_node]: Mode=ALIGN_AISLE | x=-0.00, y=0.00, yaw=-0.00
[INFO] [1778710904.792002692] [centerline_scan_node]: Mode=ALIGN_AISLE | x=-0.00, y=0.00, yaw=-0.00
[INFO] [1778710904.890959441] [centerline_scan_node]: Mode=ALIGN_AISLE | x=-0.00, y=0.00, yaw=-0.00
[INFO] [1778710905.007834392] [centerline_scan_node]: Mode=ALIGN_AISLE | x=-0.00, y=0.00, yaw=-0.00
[INFO] [1778710905.092006665] [centerline_scan_node]: Mode=ALIGN_AISLE | x=-0.00, y=0.00, yaw=-0.00
[INFO] [1778710905.200769833] [centerline_scan_node]: Mode=ALIGN_AISLE | x=-0.00, y=0.00, yaw=-0.00
[INFO] [1778710905.306784320] [centerline_scan_node]: Mode=ALIGN_AISLE | x=-0.00, y=0.00, yaw=-0.00
[INFO] [1778710905.399735768] [centerline_scan_node]: Mode=ALIGN_AISLE | x=-0.00, y=0.00, yaw=-0.00
[INFO] [1778710905.492862452] [centerline_scan_node]: Mode=ALIGN_AISLE | x=-0.00, y=0.00, yaw=-0.00
[INFO] [1778710905.591917285] [centerline_scan_node]: Mode=ALIGN_AISLE | x=-0.00, y=0.00, yaw=-0.00
[INFO] [1778710905.686884936] [centerline_scan_node]: Mode=ALIGN_AISLE | x=-0.00, y=0.00, yaw=-0.00
[INFO] [1778710905.791249037] [centerline_scan_node]: Mode=ALIGN_AISLE | x=-0.00, y=0.00, yaw=-0.00
[INFO] [1778710905.896790976] [centerline_scan_node]: Mode=ALIGN_AISLE | x=-0.00, y=0.00, yaw=-0.00
[INFO] [1778710905.987197306] [centerline_scan_node]: Mode=ALIGN_AISLE | x=-0.00, y=0.00, yaw=-0.00
[INFO] [1778710906.088080960] [centerline_scan_node]: Mode=ALIGN_AISLE | x=-0.00, y=0.00, yaw=-0.00
[INFO] [1778710906.191741915] [centerline_scan_node]: Mode=ALIGN_AISLE | x=-0.00, y=0.00, yaw=-0.00
[INFO] [1778710906.289273276] [centerline_scan_node]: Mode=ALIGN_AISLE | x=-0.00, y=0.00, yaw=-0.00
[INFO] [1778710906.390152818] [centerline_scan_node]: Mode=ALIGN_AISLE | x=-0.00, y=0.00, yaw=-0.00
[INFO] [1778710906.506771441] [centerline_scan_node]: Mode=ALIGN_AISLE | x=-0.00, y=0.00, yaw=-0.00
[INFO] [1778710906.591597452] [centerline_scan_node]: Mode=ALIGN_AISLE | x=-0.00, y=0.00, yaw=-0.00
[INFO] [1778710906.691056826] [centerline_scan_node]: Mode=ALIGN_AISLE | x=-0.00, y=0.00, yaw=-0.00
[INFO] [1778710906.809170147] [centerline_scan_node]: Mode=ALIGN_AISLE | x=-0.00, y=0.00, yaw=-0.00
[INFO] [1778710906.896885659] [centerline_scan_node]: Mode=ALIGN_AISLE | x=-0.00, y=0.00, yaw=-0.00
[INFO] [1778710906.990841673] [centerline_scan_node]: Mode=ALIGN_AISLE | x=-0.00, y=0.00, yaw=-0.00
[INFO] [1778710907.091680117] [centerline_scan_node]: Mode=ALIGN_AISLE | x=-0.00, y=0.00, yaw=-0.00
[INFO] [1778710907.190132033] [centerline_scan_node]: Mode=ALIGN_AISLE | x=-0.00, y=0.00, yaw=-0.00
[INFO] [1778710907.287412128] [centerline_scan_node]: Mode=ALIGN_AISLE | x=-0.00, y=0.00, yaw=-0.00
[INFO] [1778710907.386406727] [centerline_scan_node]: Mode=ALIGN_AISLE | x=-0.00, y=0.00, yaw=-0.00
[INFO] [1778710907.490815082] [centerline_scan_node]: Mode=ALIGN_AISLE | x=-0.00, y=0.00, yaw=-0.00
[INFO] [1778710907.591559647] [centerline_scan_node]: Mode=ALIGN_AISLE | x=-0.00, y=0.00, yaw=-0.00
[INFO] [1778710907.718538167] [centerline_scan_node]: Mode=ALIGN_AISLE | x=-0.00, y=0.00, yaw=-0.00
[INFO] [1778710907.792187291] [centerline_scan_node]: Mode=ALIGN_AISLE | x=-0.00, y=0.00, yaw=-0.00
[INFO] [1778710907.888244334] [centerline_scan_node]: Mode=ALIGN_AISLE | x=-0.00, y=0.00, yaw=-0.00
[INFO] [1778710907.997547622] [centerline_scan_node]: Mode=ALIGN_AISLE | x=-0.00, y=0.00, yaw=-0.00
[INFO] [1778710908.088162885] [centerline_scan_node]: Mode=ALIGN_AISLE | x=-0.00, y=0.00, yaw=-0.00
[INFO] [1778710908.190135230] [centerline_scan_node]: Mode=ALIGN_AISLE | x=-0.00, y=0.00, yaw=-0.00
[INFO] [1778710908.294005727] [centerline_scan_node]: Mode=ALIGN_AISLE | x=-0.00, y=0.00, yaw=-0.00
[INFO] [1778710908.390104027] [centerline_scan_node]: Mode=ALIGN_AISLE | x=-0.00, y=0.00, yaw=-0.00
[INFO] [1778710908.490154494] [centerline_scan_node]: Mode=ALIGN_AISLE | x=-0.00, y=0.00, yaw=-0.00
[INFO] [1778710908.593284815] [centerline_scan_node]: Mode=ALIGN_AISLE | x=-0.00, y=0.00, yaw=-0.00
[INFO] [1778710908.702704359] [centerline_scan_node]: Mode=ALIGN_AISLE | x=-0.00, y=0.00, yaw=-0.00
[INFO] [1778710908.789748529] [centerline_scan_node]: Mode=ALIGN_AISLE | x=-0.00, y=0.00, yaw=-0.00
[INFO] [1778710908.890960288] [centerline_scan_node]: Mode=ALIGN_AISLE | x=-0.00, y=0.00, yaw=-0.00
[INFO] [1778710908.989321090] [centerline_scan_node]: Mode=ALIGN_AISLE | x=-0.00, y=0.00, yaw=-0.00
[INFO] [1778710909.089065484] [centerline_scan_node]: Mode=ALIGN_AISLE | x=-0.00, y=0.00, yaw=-0.00
[INFO] [1778710909.189260822] [centerline_scan_node]: Mode=ALIGN_AISLE | x=-0.00, y=0.00, yaw=-0.00
[INFO] [1778710909.288913715] [centerline_scan_node]: Mode=ALIGN_AISLE | x=-0.00, y=0.00, yaw=-0.00
[INFO] [1778710909.387646355] [centerline_scan_node]: Mode=ALIGN_AISLE | x=-0.00, y=0.00, yaw=-0.00
[INFO] [1778710909.486702343] [centerline_scan_node]: Mode=ALIGN_AISLE | x=-0.00, y=0.00, yaw=-0.00
[INFO] [1778710909.589949134] [centerline_scan_node]: Mode=ALIGN_AISLE | x=-0.00, y=0.00, yaw=-0.00
[INFO] [1778710909.685877805] [centerline_scan_node]: Mode=ALIGN_AISLE | x=-0.00, y=0.00, yaw=-0.00
[INFO] [1778710909.788516047] [centerline_scan_node]: Mode=ALIGN_AISLE | x=-0.00, y=0.00, yaw=-0.00
[INFO] [1778710909.889811658] [centerline_scan_node]: Mode=ALIGN_AISLE | x=-0.00, y=0.00, yaw=-0.00
[INFO] [1778710909.988807585] [centerline_scan_node]: Mode=ALIGN_AISLE | x=-0.00, y=0.00, yaw=-0.00
[INFO] [1778710910.088402761] [centerline_scan_node]: Mode=ALIGN_AISLE | x=-0.00, y=0.00, yaw=-0.00
[INFO] [1778710910.189947271] [centerline_scan_node]: Mode=ALIGN_AISLE | x=-0.00, y=0.00, yaw=-0.00
[INFO] [1778710910.286077635] [centerline_scan_node]: Mode=ALIGN_AISLE | x=-0.00, y=0.00, yaw=-0.00
[INFO] [1778710910.388867947] [centerline_scan_node]: Mode=ALIGN_AISLE | x=-0.00, y=0.00, yaw=-0.00
[INFO] [1778710910.487682951] [centerline_scan_node]: Mode=ALIGN_AISLE | x=-0.00, y=0.00, yaw=-0.00
[INFO] [1778710910.599989748] [centerline_scan_node]: Mode=ALIGN_AISLE | x=-0.00, y=0.00, yaw=-0.00
[INFO] [1778710910.693946375] [centerline_scan_node]: Mode=ALIGN_AISLE | x=-0.00, y=0.00, yaw=-0.00
[INFO] [1778710910.792821987] [centerline_scan_node]: Mode=ALIGN_AISLE | x=-0.00, y=0.00, yaw=-0.00
[INFO] [1778710910.888550218] [centerline_scan_node]: Mode=ALIGN_AISLE | x=-0.00, y=0.00, yaw=-0.00
[INFO] [1778710910.989652978] [centerline_scan_node]: Mode=ALIGN_AISLE | x=-0.00, y=0.00, yaw=-0.00
[INFO] [1778710911.091065771] [centerline_scan_node]: Mode=ALIGN_AISLE | x=-0.00, y=0.00, yaw=-0.00
[INFO] [1778710911.193868910] [centerline_scan_node]: Mode=ALIGN_AISLE | x=-0.00, y=0.00, yaw=-0.00
[INFO] [1778710911.285299923] [centerline_scan_node]: Mode=ALIGN_AISLE | x=-0.00, y=0.00, yaw=-0.00
[INFO] [1778710911.384772590] [centerline_scan_node]: Mode=ALIGN_AISLE | x=-0.00, y=0.00, yaw=-0.00
[INFO] [1778710911.486118848] [centerline_scan_node]: Mode=ALIGN_AISLE | x=-0.00, y=0.00, yaw=-0.00
[INFO] [1778710911.598503910] [centerline_scan_node]: Mode=ALIGN_AISLE | x=-0.00, y=0.00, yaw=-0.00
[INFO] [1778710911.688813485] [centerline_scan_node]: Mode=ALIGN_AISLE | x=-0.00, y=0.00, yaw=-0.00
[INFO] [1778710911.786943840] [centerline_scan_node]: Mode=ALIGN_AISLE | x=-0.00, y=0.00, yaw=-0.00
[INFO] [1778710911.893602562] [centerline_scan_node]: Mode=ALIGN_AISLE | x=-0.00, y=0.00, yaw=-0.00
[INFO] [1778710911.988861903] [centerline_scan_node]: Mode=ALIGN_AISLE | x=-0.00, y=0.00, yaw=-0.00
[INFO] [1778710912.087288585] [centerline_scan_node]: Mode=ALIGN_AISLE | x=-0.00, y=0.00, yaw=-0.00
[INFO] [1778710912.188080472] [centerline_scan_node]: Mode=ALIGN_AISLE | x=-0.00, y=0.00, yaw=-0.00
[INFO] [1778710912.286153044] [centerline_scan_node]: Mode=ALIGN_AISLE | x=-0.00, y=0.00, yaw=-0.00
[INFO] [1778710912.391966826] [centerline_scan_node]: Mode=ALIGN_AISLE | x=-0.00, y=0.00, yaw=-0.00
[INFO] [1778710912.496033534] [centerline_scan_node]: Mode=ALIGN_AISLE | x=-0.00, y=0.00, yaw=-0.00
[INFO] [1778710912.588549449] [centerline_scan_node]: Mode=ALIGN_AISLE | x=-0.00, y=0.00, yaw=-0.00
[INFO] [1778710912.687968386] [centerline_scan_node]: Mode=ALIGN_AISLE | x=-0.00, y=0.00, yaw=-0.00
[INFO] [1778710912.789456396] [centerline_scan_node]: Mode=ALIGN_AISLE | x=-0.00, y=0.00, yaw=-0.00
[INFO] [1778710912.895802989] [centerline_scan_node]: Mode=ALIGN_AISLE | x=-0.00, y=0.00, yaw=-0.00
[INFO] [1778710912.992132422] [centerline_scan_node]: Mode=ALIGN_AISLE | x=-0.00, y=0.00, yaw=-0.00
[INFO] [1778710913.087414658] [centerline_scan_node]: Mode=ALIGN_AISLE | x=-0.00, y=0.00, yaw=-0.00
[INFO] [1778710913.185310153] [centerline_scan_node]: Mode=ALIGN_AISLE | x=-0.00, y=0.00, yaw=-0.00
[INFO] [1778710913.288511768] [centerline_scan_node]: Mode=ALIGN_AISLE | x=-0.00, y=0.00, yaw=-0.00
[INFO] [1778710913.387914956] [centerline_scan_node]: Mode=ALIGN_AISLE | x=-0.00, y=0.00, yaw=-0.00
[INFO] [1778710913.490482864] [centerline_scan_node]: Mode=ALIGN_AISLE | x=-0.00, y=0.00, yaw=-0.00
[INFO] [1778710913.587412168] [centerline_scan_node]: Mode=ALIGN_AISLE | x=-0.00, y=0.00, yaw=-0.00
[INFO] [1778710913.687422813] [centerline_scan_node]: Mode=ALIGN_AISLE | x=-0.00, y=0.00, yaw=-0.00
[INFO] [1778710913.787776052] [centerline_scan_node]: Mode=ALIGN_AISLE | x=-0.00, y=0.00, yaw=-0.00
[INFO] [1778710913.897178617] [centerline_scan_node]: Mode=ALIGN_AISLE | x=-0.00, y=0.00, yaw=-0.00
[INFO] [1778710914.002108103] [centerline_scan_node]: Mode=ALIGN_AISLE | x=-0.00, y=0.00, yaw=-0.00
[INFO] [1778710914.096208954] [centerline_scan_node]: Mode=ALIGN_AISLE | x=-0.00, y=0.00, yaw=-0.00
[INFO] [1778710914.188619262] [centerline_scan_node]: Mode=ALIGN_AISLE | x=-0.00, y=0.00, yaw=-0.00
[INFO] [1778710914.287928104] [centerline_scan_node]: Mode=ALIGN_AISLE | x=-0.00, y=0.00, yaw=-0.00
[INFO] [1778710914.400069851] [centerline_scan_node]: Mode=ALIGN_AISLE | x=-0.00, y=0.00, yaw=-0.00
[INFO] [1778710914.496169614] [centerline_scan_node]: Mode=ALIGN_AISLE | x=-0.00, y=0.00, yaw=-0.00
[INFO] [1778710914.588640736] [centerline_scan_node]: Mode=ALIGN_AISLE | x=-0.00, y=0.00, yaw=-0.00
[INFO] [1778710914.698759324] [centerline_scan_node]: Mode=ALIGN_AISLE | x=-0.00, y=0.00, yaw=-0.00
[INFO] [1778710914.788220376] [centerline_scan_node]: Mode=ALIGN_AISLE | x=-0.00, y=0.00, yaw=-0.00
[INFO] [1778710914.888061063] [centerline_scan_node]: Mode=ALIGN_AISLE | x=-0.00, y=0.00, yaw=-0.00
[INFO] [1778710914.996646679] [centerline_scan_node]: Mode=ALIGN_AISLE | x=-0.00, y=0.00, yaw=-0.00
[INFO] [1778710915.090979373] [centerline_scan_node]: Mode=ALIGN_AISLE | x=-0.00, y=0.00, yaw=-0.00
[INFO] [1778710915.193389389] [centerline_scan_node]: Mode=ALIGN_AISLE | x=-0.00, y=0.00, yaw=-0.00
[INFO] [1778710915.288103682] [centerline_scan_node]: Mode=ALIGN_AISLE | x=-0.00, y=0.00, yaw=-0.00
[INFO] [1778710915.386353476] [centerline_scan_node]: Mode=ALIGN_AISLE | x=-0.00, y=0.00, yaw=-0.00
[INFO] [1778710916.004420412] [centerline_scan_node]: Mode=ALIGN_AISLE | x=-0.00, y=0.00, yaw=-0.00
[INFO] [1778710916.094181173] [centerline_scan_node]: Mode=ALIGN_AISLE | x=-0.00, y=0.00, yaw=-0.00
[INFO] [1778710916.186388141] [centerline_scan_node]: Mode=ALIGN_AISLE | x=-0.00, y=0.00, yaw=-0.00
[INFO] [1778710916.289587367] [centerline_scan_node]: Mode=ALIGN_AISLE | x=-0.00, y=0.00, yaw=-0.00
[INFO] [1778710916.387815179] [centerline_scan_node]: Mode=ALIGN_AISLE | x=-0.00, y=0.00, yaw=-0.00
[INFO] [1778710916.486947450] [centerline_scan_node]: Mode=ALIGN_AISLE | x=-0.00, y=0.00, yaw=-0.00
[INFO] [1778710916.590282828] [centerline_scan_node]: Mode=ALIGN_AISLE | x=-0.00, y=0.00, yaw=-0.00
[INFO] [1778710916.694772662] [centerline_scan_node]: Mode=ALIGN_AISLE | x=-0.00, y=0.00, yaw=-0.00
[INFO] [1778710916.790576579] [centerline_scan_node]: Mode=ALIGN_AISLE | x=-0.00, y=0.00, yaw=-0.00
[INFO] [1778710916.887361841] [centerline_scan_node]: Mode=ALIGN_AISLE | x=-0.00, y=0.00, yaw=-0.00
[INFO] [1778710916.989729059] [centerline_scan_node]: Mode=ALIGN_AISLE | x=-0.00, y=0.00, yaw=-0.00
[INFO] [1778710917.089142635] [centerline_scan_node]: Mode=ALIGN_AISLE | x=-0.00, y=0.00, yaw=-0.00
[INFO] [1778710917.189500814] [centerline_scan_node]: Mode=ALIGN_AISLE | x=-0.00, y=0.00, yaw=-0.00
[INFO] [1778710917.298470984] [centerline_scan_node]: Mode=ALIGN_AISLE | x=-0.00, y=0.00, yaw=-0.00
[INFO] [1778710917.389476106] [centerline_scan_node]: Mode=ALIGN_AISLE | x=-0.00, y=0.00, yaw=-0.00
[INFO] [1778710917.491192821] [centerline_scan_node]: Mode=ALIGN_AISLE | x=-0.00, y=0.00, yaw=-0.00
[INFO] [1778710917.587870173] [centerline_scan_node]: Mode=ALIGN_AISLE | x=-0.00, y=0.00, yaw=-0.00
[INFO] [1778710917.691379744] [centerline_scan_node]: Mode=ALIGN_AISLE | x=-0.00, y=0.00, yaw=-0.00
[INFO] [1778710917.786135921] [centerline_scan_node]: Mode=ALIGN_AISLE | x=-0.00, y=0.00, yaw=-0.00
[INFO] [1778710917.888378969] [centerline_scan_node]: Mode=ALIGN_AISLE | x=-0.00, y=0.00, yaw=-0.00
[INFO] [1778710917.986164705] [centerline_scan_node]: Mode=ALIGN_AISLE | x=-0.00, y=0.00, yaw=-0.00
[INFO] [1778710918.089688365] [centerline_scan_node]: Mode=ALIGN_AISLE | x=-0.00, y=0.00, yaw=-0.00
[INFO] [1778710918.190516284] [centerline_scan_node]: Mode=ALIGN_AISLE | x=-0.00, y=0.00, yaw=-0.00
[INFO] [1778710918.304702950] [centerline_scan_node]: Mode=ALIGN_AISLE | x=-0.00, y=0.00, yaw=-0.00
[INFO] [1778710918.389280232] [centerline_scan_node]: Mode=ALIGN_AISLE | x=-0.00, y=0.00, yaw=-0.00
[INFO] [1778710918.489116509] [centerline_scan_node]: Mode=ALIGN_AISLE | x=-0.00, y=0.00, yaw=-0.00
[INFO] [1778710918.598265339] [centerline_scan_node]: Mode=ALIGN_AISLE | x=-0.00, y=0.00, yaw=-0.00
[INFO] [1778710918.692141015] [centerline_scan_node]: Mode=ALIGN_AISLE | x=-0.00, y=0.00, yaw=-0.00
[INFO] [1778710918.787469081] [centerline_scan_node]: Mode=ALIGN_AISLE | x=-0.00, y=0.00, yaw=-0.00
[INFO] [1778710918.900649891] [centerline_scan_node]: Mode=ALIGN_AISLE | x=-0.00, y=0.00, yaw=-0.00
[INFO] [1778710918.998224659] [centerline_scan_node]: Mode=ALIGN_AISLE | x=-0.00, y=0.00, yaw=-0.00
[INFO] [1778710919.092778188] [centerline_scan_node]: Mode=ALIGN_AISLE | x=-0.00, y=0.00, yaw=-0.00
[INFO] [1778710919.188529426] [centerline_scan_node]: Mode=ALIGN_AISLE | x=-0.00, y=0.00, yaw=-0.00
[INFO] [1778710919.292150845] [centerline_scan_node]: Mode=ALIGN_AISLE | x=-0.00, y=0.00, yaw=-0.00
[INFO] [1778710919.386894120] [centerline_scan_node]: Mode=ALIGN_AISLE | x=-0.00, y=0.00, yaw=-0.00
[INFO] [1778710919.487147209] [centerline_scan_node]: Mode=ALIGN_AISLE | x=-0.00, y=0.00, yaw=-0.00
[INFO] [1778710919.594467672] [centerline_scan_node]: Mode=ALIGN_AISLE | x=-0.00, y=0.00, yaw=-0.00
[INFO] [1778710919.689465503] [centerline_scan_node]: Mode=ALIGN_AISLE | x=-0.00, y=0.00, yaw=-0.00
[INFO] [1778710919.783280655] [centerline_scan_node]: Mode=ALIGN_AISLE | x=-0.00, y=0.00, yaw=-0.00
[INFO] [1778710919.885508817] [centerline_scan_node]: Mode=ALIGN_AISLE | x=-0.00, y=0.00, yaw=-0.00
[INFO] [1778710919.986789352] [centerline_scan_node]: Mode=ALIGN_AISLE | x=-0.00, y=0.00, yaw=-0.00
[INFO] [1778710920.089781699] [centerline_scan_node]: Mode=ALIGN_AISLE | x=-0.00, y=0.00, yaw=-0.00
[INFO] [1778710920.186894995] [centerline_scan_node]: Mode=ALIGN_AISLE | x=-0.00, y=0.00, yaw=-0.00
[INFO] [1778710920.291049393] [centerline_scan_node]: Mode=ALIGN_AISLE | x=-0.00, y=0.00, yaw=-0.00
[INFO] [1778710920.393382639] [centerline_scan_node]: Mode=ALIGN_AISLE | x=-0.00, y=0.00, yaw=-0.00
[INFO] [1778710920.503940945] [centerline_scan_node]: Mode=ALIGN_AISLE | x=-0.00, y=0.00, yaw=-0.00
[INFO] [1778710920.590733194] [centerline_scan_node]: Mode=ALIGN_AISLE | x=-0.00, y=0.00, yaw=-0.00
[INFO] [1778710920.686455718] [centerline_scan_node]: Mode=ALIGN_AISLE | x=-0.00, y=0.00, yaw=-0.00
[INFO] [1778710920.791791278] [centerline_scan_node]: Mode=ALIGN_AISLE | x=-0.00, y=0.00, yaw=-0.00
[INFO] [1778710920.894972540] [centerline_scan_node]: Mode=ALIGN_AISLE | x=-0.00, y=0.00, yaw=-0.00
[INFO] [1778710920.986836547] [centerline_scan_node]: Mode=ALIGN_AISLE | x=-0.00, y=0.00, yaw=-0.00
[INFO] [1778710921.087793913] [centerline_scan_node]: Mode=ALIGN_AISLE | x=-0.00, y=0.00, yaw=-0.00
[INFO] [1778710921.201307825] [centerline_scan_node]: Mode=ALIGN_AISLE | x=-0.00, y=0.00, yaw=-0.00
[INFO] [1778710921.298504100] [centerline_scan_node]: Mode=ALIGN_AISLE | x=-0.00, y=0.00, yaw=-0.00
[INFO] [1778710921.388275701] [centerline_scan_node]: Mode=ALIGN_AISLE | x=-0.00, y=0.00, yaw=-0.00
[INFO] [1778710921.489171604] [centerline_scan_node]: Mode=ALIGN_AISLE | x=-0.00, y=0.00, yaw=-0.00
[INFO] [1778710921.596635944] [centerline_scan_node]: Mode=ALIGN_AISLE | x=-0.00, y=0.00, yaw=-0.00
[INFO] [1778710921.688871114] [centerline_scan_node]: Mode=ALIGN_AISLE | x=-0.00, y=0.00, yaw=-0.00
[INFO] [1778710921.796819675] [centerline_scan_node]: Mode=ALIGN_AISLE | x=-0.00, y=0.00, yaw=-0.00
[INFO] [1778710921.885963146] [centerline_scan_node]: Mode=ALIGN_AISLE | x=-0.00, y=0.00, yaw=-0.00
[INFO] [1778710921.992492172] [centerline_scan_node]: Mode=ALIGN_AISLE | x=-0.00, y=0.00, yaw=-0.00
[INFO] [1778710922.086625611] [centerline_scan_node]: Mode=ALIGN_AISLE | x=-0.00, y=0.00, yaw=-0.00
[INFO] [1778710922.185889316] [centerline_scan_node]: Mode=ALIGN_AISLE | x=-0.00, y=0.00, yaw=-0.00
[INFO] [1778710922.287317583] [centerline_scan_node]: Mode=ALIGN_AISLE | x=-0.00, y=0.00, yaw=-0.00
[INFO] [1778710922.393584249] [centerline_scan_node]: Mode=ALIGN_AISLE | x=-0.00, y=0.00, yaw=-0.00
[INFO] [1778710922.498655732] [centerline_scan_node]: Mode=ALIGN_AISLE | x=-0.00, y=0.00, yaw=-0.00
[INFO] [1778710922.587855447] [centerline_scan_node]: Mode=ALIGN_AISLE | x=-0.00, y=0.00, yaw=-0.00
[INFO] [1778710922.687679786] [centerline_scan_node]: Mode=ALIGN_AISLE | x=-0.00, y=0.00, yaw=-0.00
[INFO] [1778710922.798581187] [centerline_scan_node]: Mode=ALIGN_AISLE | x=-0.00, y=0.00, yaw=-0.00
[INFO] [1778710922.891837710] [centerline_scan_node]: Mode=ALIGN_AISLE | x=-0.00, y=0.00, yaw=-0.00
[INFO] [1778710922.987593790] [centerline_scan_node]: Mode=ALIGN_AISLE | x=-0.00, y=0.00, yaw=-0.00
[INFO] [1778710923.087244561] [centerline_scan_node]: Mode=ALIGN_AISLE | x=-0.00, y=0.00, yaw=-0.00
[INFO] [1778710923.196278544] [centerline_scan_node]: Mode=ALIGN_AISLE | x=-0.00, y=0.00, yaw=-0.00
[INFO] [1778710923.286988731] [centerline_scan_node]: Mode=ALIGN_AISLE | x=-0.00, y=0.00, yaw=-0.00
[INFO] [1778710923.396598731] [centerline_scan_node]: Mode=ALIGN_AISLE | x=-0.00, y=0.00, yaw=-0.00
[INFO] [1778710923.496615744] [centerline_scan_node]: Mode=ALIGN_AISLE | x=-0.00, y=0.00, yaw=-0.00
[INFO] [1778710923.591567446] [centerline_scan_node]: Mode=ALIGN_AISLE | x=-0.00, y=0.00, yaw=-0.00
[INFO] [1778710923.692659627] [centerline_scan_node]: Mode=ALIGN_AISLE | x=-0.00, y=0.00, yaw=-0.00
[INFO] [1778710923.792387653] [centerline_scan_node]: Mode=ALIGN_AISLE | x=-0.00, y=0.00, yaw=-0.00
[INFO] [1778710923.894057125] [centerline_scan_node]: Mode=ALIGN_AISLE | x=-0.00, y=0.00, yaw=-0.00
[INFO] [1778710923.986703203] [centerline_scan_node]: Mode=ALIGN_AISLE | x=-0.00, y=0.00, yaw=-0.00
[INFO] [1778710924.089211362] [centerline_scan_node]: Mode=ALIGN_AISLE | x=-0.00, y=0.00, yaw=-0.00
[INFO] [1778710924.192608178] [centerline_scan_node]: Mode=ALIGN_AISLE | x=-0.00, y=0.00, yaw=-0.00
[INFO] [1778710924.293446954] [centerline_scan_node]: Mode=ALIGN_AISLE | x=-0.00, y=0.00, yaw=-0.00
[INFO] [1778710924.388946081] [centerline_scan_node]: Mode=ALIGN_AISLE | x=-0.00, y=0.00, yaw=-0.00
[INFO] [1778710924.487073434] [centerline_scan_node]: Mode=ALIGN_AISLE | x=-0.00, y=0.00, yaw=-0.00
[INFO] [1778710924.593242219] [centerline_scan_node]: Mode=ALIGN_AISLE | x=-0.00, y=0.00, yaw=-0.00
[INFO] [1778710924.691822390] [centerline_scan_node]: Mode=ALIGN_AISLE | x=-0.00, y=0.00, yaw=-0.00
[INFO] [1778710924.787702490] [centerline_scan_node]: Mode=ALIGN_AISLE | x=-0.00, y=0.00, yaw=-0.00
[INFO] [1778710924.889367219] [centerline_scan_node]: Mode=ALIGN_AISLE | x=-0.00, y=0.00, yaw=-0.00
[INFO] [1778710924.994439391] [centerline_scan_node]: Mode=ALIGN_AISLE | x=-0.00, y=0.00, yaw=-0.00
[INFO] [1778710925.095204199] [centerline_scan_node]: Mode=ALIGN_AISLE | x=-0.00, y=0.00, yaw=-0.00
[INFO] [1778710925.187565209] [centerline_scan_node]: Mode=ALIGN_AISLE | x=-0.00, y=0.00, yaw=-0.00
[INFO] [1778710925.287999637] [centerline_scan_node]: Mode=ALIGN_AISLE | x=-0.00, y=0.00, yaw=-0.00
[INFO] [1778710925.391337134] [centerline_scan_node]: Mode=ALIGN_AISLE | x=-0.00, y=0.00, yaw=-0.00
[INFO] [1778710925.491309907] [centerline_scan_node]: Mode=ALIGN_AISLE | x=-0.00, y=0.00, yaw=-0.00
[INFO] [1778710925.591855990] [centerline_scan_node]: Mode=ALIGN_AISLE | x=-0.00, y=0.00, yaw=-0.00
[INFO] [1778710925.698756797] [centerline_scan_node]: Mode=ALIGN_AISLE | x=-0.00, y=0.00, yaw=-0.00
[INFO] [1778710925.786194470] [centerline_scan_node]: Mode=ALIGN_AISLE | x=-0.00, y=0.00, yaw=-0.00
[INFO] [1778710925.893790417] [centerline_scan_node]: Mode=ALIGN_AISLE | x=-0.00, y=0.00, yaw=-0.00
[INFO] [1778710925.991047172] [centerline_scan_node]: Mode=ALIGN_AISLE | x=-0.00, y=0.00, yaw=-0.00
[INFO] [1778710926.095210423] [centerline_scan_node]: Mode=ALIGN_AISLE | x=-0.00, y=0.00, yaw=-0.00
[INFO] [1778710926.189588365] [centerline_scan_node]: Mode=ALIGN_AISLE | x=-0.00, y=0.00, yaw=-0.00
[INFO] [1778710926.286931541] [centerline_scan_node]: Mode=ALIGN_AISLE | x=-0.00, y=0.00, yaw=-0.00
[INFO] [1778710926.389288289] [centerline_scan_node]: Mode=ALIGN_AISLE | x=-0.00, y=0.00, yaw=-0.00
[INFO] [1778710926.493027477] [centerline_scan_node]: Mode=ALIGN_AISLE | x=-0.00, y=0.00, yaw=-0.00
[INFO] [1778710926.600515525] [centerline_scan_node]: Mode=ALIGN_AISLE | x=-0.00, y=0.00, yaw=-0.00
[INFO] [1778710926.688584620] [centerline_scan_node]: Mode=ALIGN_AISLE | x=-0.00, y=0.00, yaw=-0.00
[INFO] [1778710926.788317401] [centerline_scan_node]: Mode=ALIGN_AISLE | x=-0.00, y=0.00, yaw=-0.00
[INFO] [1778710926.891707659] [centerline_scan_node]: Mode=ALIGN_AISLE | x=-0.00, y=0.00, yaw=-0.00
[INFO] [1778710926.995329404] [centerline_scan_node]: Mode=ALIGN_AISLE | x=-0.00, y=0.00, yaw=-0.00
[INFO] [1778710927.086735382] [centerline_scan_node]: Mode=ALIGN_AISLE | x=-0.00, y=0.00, yaw=-0.00
[INFO] [1778710927.187505602] [centerline_scan_node]: Mode=ALIGN_AISLE | x=-0.00, y=0.00, yaw=-0.00
[INFO] [1778710927.289022285] [centerline_scan_node]: Mode=ALIGN_AISLE | x=-0.00, y=0.00, yaw=-0.00
[INFO] [1778710927.411080924] [centerline_scan_node]: Mode=ALIGN_AISLE | x=-0.00, y=0.00, yaw=-0.00
[INFO] [1778710927.496308670] [centerline_scan_node]: Mode=ALIGN_AISLE | x=-0.00, y=0.00, yaw=-0.00
[INFO] [1778710927.586958162] [centerline_scan_node]: Mode=ALIGN_AISLE | x=-0.00, y=0.00, yaw=-0.00
[INFO] [1778710927.690755034] [centerline_scan_node]: Mode=ALIGN_AISLE | x=-0.00, y=0.00, yaw=-0.00
[INFO] [1778710927.786208632] [centerline_scan_node]: Mode=ALIGN_AISLE | x=-0.00, y=0.00, yaw=-0.00
[INFO] [1778710927.886681832] [centerline_scan_node]: Mode=ALIGN_AISLE | x=-0.00, y=0.00, yaw=-0.00
[INFO] [1778710927.989810713] [centerline_scan_node]: Mode=ALIGN_AISLE | x=-0.00, y=0.00, yaw=-0.00
[INFO] [1778710928.086759075] [centerline_scan_node]: Mode=ALIGN_AISLE | x=-0.00, y=0.00, yaw=-0.00
[INFO] [1778710928.188472247] [centerline_scan_node]: Mode=ALIGN_AISLE | x=-0.00, y=0.00, yaw=-0.00
[INFO] [1778710928.289106290] [centerline_scan_node]: Mode=ALIGN_AISLE | x=-0.00, y=0.00, yaw=-0.00
[INFO] [1778710928.395996680] [centerline_scan_node]: Mode=ALIGN_AISLE | x=-0.00, y=0.00, yaw=-0.00
[INFO] [1778710928.490031919] [centerline_scan_node]: Mode=ALIGN_AISLE | x=-0.00, y=0.00, yaw=-0.00
[INFO] [1778710928.586636409] [centerline_scan_node]: Mode=ALIGN_AISLE | x=-0.00, y=0.00, yaw=-0.00
[INFO] [1778710928.698209111] [centerline_scan_node]: Mode=ALIGN_AISLE | x=-0.00, y=0.00, yaw=-0.00
[INFO] [1778710928.787640126] [centerline_scan_node]: Mode=ALIGN_AISLE | x=-0.00, y=0.00, yaw=-0.00
[INFO] [1778710928.890635504] [centerline_scan_node]: Mode=ALIGN_AISLE | x=-0.00, y=0.00, yaw=-0.00
[INFO] [1778710928.986650882] [centerline_scan_node]: Mode=ALIGN_AISLE | x=-0.00, y=0.00, yaw=-0.00
[INFO] [1778710929.088423024] [centerline_scan_node]: Mode=ALIGN_AISLE | x=-0.00, y=0.00, yaw=-0.00
[INFO] [1778710929.191570668] [centerline_scan_node]: Mode=ALIGN_AISLE | x=-0.00, y=0.00, yaw=-0.00
[INFO] [1778710929.289467050] [centerline_scan_node]: Mode=ALIGN_AISLE | x=-0.00, y=0.00, yaw=-0.00
[INFO] [1778710929.386155092] [centerline_scan_node]: Mode=ALIGN_AISLE | x=-0.00, y=0.00, yaw=-0.00
[INFO] [1778710929.503436493] [centerline_scan_node]: Mode=ALIGN_AISLE | x=-0.00, y=0.00, yaw=-0.00
[INFO] [1778710929.588894621] [centerline_scan_node]: Mode=ALIGN_AISLE | x=-0.00, y=0.00, yaw=-0.00
[INFO] [1778710929.685609256] [centerline_scan_node]: Mode=ALIGN_AISLE | x=-0.00, y=0.00, yaw=-0.00
[INFO] [1778710929.789561947] [centerline_scan_node]: Mode=ALIGN_AISLE | x=-0.00, y=0.00, yaw=-0.00
[INFO] [1778710929.886840269] [centerline_scan_node]: Mode=ALIGN_AISLE | x=-0.00, y=0.00, yaw=-0.00
[INFO] [1778710929.987159870] [centerline_scan_node]: Mode=ALIGN_AISLE | x=-0.00, y=0.00, yaw=-0.00
[INFO] [1778710930.086590804] [centerline_scan_node]: Mode=ALIGN_AISLE | x=-0.00, y=0.00, yaw=-0.00
[INFO] [1778710930.194684238] [centerline_scan_node]: Mode=ALIGN_AISLE | x=-0.00, y=0.00, yaw=-0.00
[INFO] [1778710930.292905726] [centerline_scan_node]: Mode=ALIGN_AISLE | x=-0.00, y=0.00, yaw=-0.00
[INFO] [1778710930.387111527] [centerline_scan_node]: Mode=ALIGN_AISLE | x=-0.00, y=0.00, yaw=-0.00
[INFO] [1778710930.495671047] [centerline_scan_node]: Mode=ALIGN_AISLE | x=-0.00, y=0.00, yaw=-0.00
[INFO] [1778710930.598199170] [centerline_scan_node]: Mode=ALIGN_AISLE | x=-0.00, y=0.00, yaw=-0.00
[INFO] [1778710930.688153599] [centerline_scan_node]: Mode=ALIGN_AISLE | x=-0.00, y=0.00, yaw=-0.00
[INFO] [1778710930.791193233] [centerline_scan_node]: Mode=ALIGN_AISLE | x=-0.00, y=0.00, yaw=-0.00
[INFO] [1778710930.888801811] [centerline_scan_node]: Mode=ALIGN_AISLE | x=-0.00, y=0.00, yaw=-0.00
[INFO] [1778710930.996688823] [centerline_scan_node]: Mode=ALIGN_AISLE | x=-0.00, y=0.00, yaw=-0.00
[INFO] [1778710931.094876103] [centerline_scan_node]: Mode=ALIGN_AISLE | x=-0.00, y=0.00, yaw=-0.00
[INFO] [1778710931.194507955] [centerline_scan_node]: Mode=ALIGN_AISLE | x=-0.00, y=0.00, yaw=-0.00
[INFO] [1778710931.294775133] [centerline_scan_node]: Mode=ALIGN_AISLE | x=-0.00, y=0.00, yaw=-0.00
[INFO] [1778710931.388949527] [centerline_scan_node]: Mode=ALIGN_AISLE | x=-0.00, y=0.00, yaw=-0.00
[INFO] [1778710931.489317053] [centerline_scan_node]: Mode=ALIGN_AISLE | x=-0.00, y=0.00, yaw=-0.00
[INFO] [1778710931.587850143] [centerline_scan_node]: Mode=ALIGN_AISLE | x=-0.00, y=0.00, yaw=-0.00
[INFO] [1778710931.695667901] [centerline_scan_node]: Mode=ALIGN_AISLE | x=-0.00, y=0.00, yaw=-0.00
[INFO] [1778710931.788356748] [centerline_scan_node]: Mode=ALIGN_AISLE | x=-0.00, y=0.00, yaw=-0.00
[INFO] [1778710931.887118709] [centerline_scan_node]: Mode=ALIGN_AISLE | x=-0.00, y=0.00, yaw=-0.00
[INFO] [1778710931.988586583] [centerline_scan_node]: Mode=ALIGN_AISLE | x=-0.00, y=0.00, yaw=-0.00
[INFO] [1778710932.088925251] [centerline_scan_node]: Mode=ALIGN_AISLE | x=-0.00, y=0.00, yaw=-0.00
[INFO] [1778710932.202268194] [centerline_scan_node]: Mode=ALIGN_AISLE | x=-0.00, y=0.00, yaw=-0.00
[INFO] [1778710932.305010858] [centerline_scan_node]: Mode=ALIGN_AISLE | x=-0.00, y=0.00, yaw=-0.00
[INFO] [1778710932.389358485] [centerline_scan_node]: Mode=ALIGN_AISLE | x=-0.00, y=0.00, yaw=-0.00
[INFO] [1778710932.489250632] [centerline_scan_node]: Mode=ALIGN_AISLE | x=-0.00, y=0.00, yaw=-0.00
[INFO] [1778710932.595103695] [centerline_scan_node]: Mode=ALIGN_AISLE | x=-0.00, y=0.00, yaw=-0.00
[INFO] [1778710932.694228846] [centerline_scan_node]: Mode=ALIGN_AISLE | x=-0.00, y=0.00, yaw=-0.00
[INFO] [1778710932.792131321] [centerline_scan_node]: Mode=ALIGN_AISLE | x=-0.00, y=0.00, yaw=-0.00
[INFO] [1778710932.890693296] [centerline_scan_node]: Mode=ALIGN_AISLE | x=-0.00, y=0.00, yaw=-0.00
[INFO] [1778710932.989295259] [centerline_scan_node]: Mode=ALIGN_AISLE | x=-0.00, y=0.00, yaw=-0.00
[INFO] [1778710933.098223312] [centerline_scan_node]: Mode=ALIGN_AISLE | x=-0.00, y=0.00, yaw=-0.00
[INFO] [1778710933.194890884] [centerline_scan_node]: Mode=ALIGN_AISLE | x=-0.00, y=0.00, yaw=-0.00
[INFO] [1778710933.294716921] [centerline_scan_node]: Mode=ALIGN_AISLE | x=-0.00, y=0.00, yaw=-0.00
[INFO] [1778710933.393013413] [centerline_scan_node]: Mode=ALIGN_AISLE | x=-0.00, y=0.00, yaw=-0.00
[INFO] [1778710933.494459895] [centerline_scan_node]: Mode=ALIGN_AISLE | x=-0.00, y=0.00, yaw=-0.00
[INFO] [1778710933.586961499] [centerline_scan_node]: Mode=ALIGN_AISLE | x=-0.00, y=0.00, yaw=-0.00
[INFO] [1778710933.690365642] [centerline_scan_node]: Mode=ALIGN_AISLE | x=-0.00, y=0.00, yaw=-0.00
[INFO] [1778710933.914013111] [centerline_scan_node]: Mode=ALIGN_AISLE | x=-0.00, y=0.00, yaw=-0.00
[INFO] [1778710933.929284164] [centerline_scan_node]: Mode=ALIGN_AISLE | x=-0.00, y=0.00, yaw=-0.00
[INFO] [1778710933.989880208] [centerline_scan_node]: Mode=ALIGN_AISLE | x=-0.00, y=0.00, yaw=-0.00
[INFO] [1778710934.095830019] [centerline_scan_node]: Mode=ALIGN_AISLE | x=-0.00, y=0.00, yaw=-0.00
[INFO] [1778710934.191465415] [centerline_scan_node]: Mode=ALIGN_AISLE | x=-0.00, y=0.00, yaw=-0.00
[INFO] [1778710934.288688532] [centerline_scan_node]: Mode=ALIGN_AISLE | x=-0.00, y=0.00, yaw=-0.00
[INFO] [1778710934.387282912] [centerline_scan_node]: Mode=ALIGN_AISLE | x=-0.00, y=0.00, yaw=-0.00
[INFO] [1778710934.487435307] [centerline_scan_node]: Mode=ALIGN_AISLE | x=-0.00, y=0.00, yaw=-0.00
[INFO] [1778710934.588412415] [centerline_scan_node]: Mode=ALIGN_AISLE | x=-0.00, y=0.00, yaw=-0.00
[INFO] [1778710934.695618193] [centerline_scan_node]: Mode=ALIGN_AISLE | x=-0.00, y=0.00, yaw=-0.00
[INFO] [1778710934.793254489] [centerline_scan_node]: Mode=ALIGN_AISLE | x=-0.00, y=0.00, yaw=-0.00
[INFO] [1778710934.890117800] [centerline_scan_node]: Mode=ALIGN_AISLE | x=-0.00, y=0.00, yaw=-0.00
[INFO] [1778710934.988959523] [centerline_scan_node]: Mode=ALIGN_AISLE | x=-0.00, y=0.00, yaw=-0.00
[INFO] [1778710935.088631915] [centerline_scan_node]: Mode=ALIGN_AISLE | x=-0.00, y=0.00, yaw=-0.00
[INFO] [1778710935.195226327] [centerline_scan_node]: Mode=ALIGN_AISLE | x=-0.00, y=0.00, yaw=-0.00
[INFO] [1778710935.288572845] [centerline_scan_node]: Mode=ALIGN_AISLE | x=-0.00, y=0.00, yaw=-0.00
[INFO] [1778710935.401934250] [centerline_scan_node]: Mode=ALIGN_AISLE | x=-0.00, y=0.00, yaw=-0.00
[INFO] [1778710935.486794843] [centerline_scan_node]: Mode=ALIGN_AISLE | x=-0.00, y=0.00, yaw=-0.00
[INFO] [1778710935.596153471] [centerline_scan_node]: Mode=ALIGN_AISLE | x=-0.00, y=0.00, yaw=-0.00
[INFO] [1778710935.688274845] [centerline_scan_node]: Mode=ALIGN_AISLE | x=-0.00, y=0.00, yaw=-0.00
[INFO] [1778710935.801505247] [centerline_scan_node]: Mode=ALIGN_AISLE | x=-0.00, y=0.00, yaw=-0.00
[INFO] [1778710935.888403773] [centerline_scan_node]: Mode=ALIGN_AISLE | x=-0.00, y=0.00, yaw=-0.00
[INFO] [1778710935.986418752] [centerline_scan_node]: Mode=ALIGN_AISLE | x=-0.00, y=0.00, yaw=-0.00
[INFO] [1778710936.103562213] [centerline_scan_node]: Mode=ALIGN_AISLE | x=-0.00, y=0.00, yaw=-0.00
[INFO] [1778710936.196242060] [centerline_scan_node]: Mode=ALIGN_AISLE | x=-0.00, y=0.00, yaw=-0.00
[INFO] [1778710936.291866684] [centerline_scan_node]: Mode=ALIGN_AISLE | x=-0.00, y=0.00, yaw=-0.00
[INFO] [1778710936.388141008] [centerline_scan_node]: Mode=ALIGN_AISLE | x=-0.00, y=0.00, yaw=-0.00
[INFO] [1778710936.500022508] [centerline_scan_node]: Mode=ALIGN_AISLE | x=-0.00, y=0.00, yaw=-0.00
[INFO] [1778710936.596981513] [centerline_scan_node]: Mode=ALIGN_AISLE | x=-0.00, y=0.00, yaw=-0.00
[INFO] [1778710936.688585290] [centerline_scan_node]: Mode=ALIGN_AISLE | x=-0.00, y=0.00, yaw=-0.00
[INFO] [1778710936.789634048] [centerline_scan_node]: Mode=ALIGN_AISLE | x=-0.00, y=0.00, yaw=-0.00
[INFO] [1778710936.891807108] [centerline_scan_node]: Mode=ALIGN_AISLE | x=-0.00, y=0.00, yaw=-0.00
[INFO] [1778710936.989029252] [centerline_scan_node]: Mode=ALIGN_AISLE | x=-0.00, y=0.00, yaw=-0.00
[INFO] [1778710937.093223164] [centerline_scan_node]: Mode=ALIGN_AISLE | x=-0.00, y=0.00, yaw=-0.00
[INFO] [1778710937.194253867] [centerline_scan_node]: Mode=ALIGN_AISLE | x=-0.00, y=0.00, yaw=-0.00
[INFO] [1778710937.309647610] [centerline_scan_node]: Mode=ALIGN_AISLE | x=-0.00, y=0.00, yaw=-0.00
[INFO] [1778710937.390916907] [centerline_scan_node]: Mode=ALIGN_AISLE | x=-0.00, y=0.00, yaw=-0.00
[INFO] [1778710937.488567284] [centerline_scan_node]: Mode=ALIGN_AISLE | x=-0.00, y=0.00, yaw=-0.00
[INFO] [1778710937.590513654] [centerline_scan_node]: Mode=ALIGN_AISLE | x=-0.00, y=0.00, yaw=-0.00
[INFO] [1778710937.692033493] [centerline_scan_node]: Mode=ALIGN_AISLE | x=-0.00, y=0.00, yaw=-0.00
[INFO] [1778710937.788406706] [centerline_scan_node]: Mode=ALIGN_AISLE | x=-0.00, y=0.00, yaw=-0.00
[INFO] [1778710937.887591017] [centerline_scan_node]: Mode=ALIGN_AISLE | x=-0.00, y=0.00, yaw=-0.00
[INFO] [1778710937.992663421] [centerline_scan_node]: Mode=ALIGN_AISLE | x=-0.00, y=0.00, yaw=-0.00
[INFO] [1778710938.088191254] [centerline_scan_node]: Mode=ALIGN_AISLE | x=-0.00, y=0.00, yaw=-0.00
[INFO] [1778710938.189578937] [centerline_scan_node]: Mode=ALIGN_AISLE | x=-0.00, y=0.00, yaw=-0.00
[INFO] [1778710938.289907857] [centerline_scan_node]: Mode=ALIGN_AISLE | x=-0.00, y=0.00, yaw=-0.00
[INFO] [1778710938.396982825] [centerline_scan_node]: Mode=ALIGN_AISLE | x=-0.00, y=0.00, yaw=-0.00
[INFO] [1778710938.495694226] [centerline_scan_node]: Mode=ALIGN_AISLE | x=-0.00, y=0.00, yaw=-0.00
[INFO] [1778710938.588958501] [centerline_scan_node]: Mode=ALIGN_AISLE | x=-0.00, y=0.00, yaw=-0.00
[INFO] [1778710938.688388937] [centerline_scan_node]: Mode=ALIGN_AISLE | x=-0.00, y=0.00, yaw=-0.00
[INFO] [1778710938.793647582] [centerline_scan_node]: Mode=ALIGN_AISLE | x=-0.00, y=0.00, yaw=-0.00
[INFO] [1778710938.890305588] [centerline_scan_node]: Mode=ALIGN_AISLE | x=-0.00, y=0.00, yaw=-0.00
[INFO] [1778710938.987833085] [centerline_scan_node]: Mode=ALIGN_AISLE | x=-0.00, y=0.00, yaw=-0.00
[INFO] [1778710939.098831065] [centerline_scan_node]: Mode=ALIGN_AISLE | x=-0.00, y=0.00, yaw=-0.00
[INFO] [1778710939.194619387] [centerline_scan_node]: Mode=ALIGN_AISLE | x=-0.00, y=0.00, yaw=-0.00
[INFO] [1778710939.288527344] [centerline_scan_node]: Mode=ALIGN_AISLE | x=-0.00, y=0.00, yaw=-0.00
[INFO] [1778710939.385783685] [centerline_scan_node]: Mode=ALIGN_AISLE | x=-0.00, y=0.00, yaw=-0.00
[INFO] [1778710939.489725702] [centerline_scan_node]: Mode=ALIGN_AISLE | x=-0.00, y=0.00, yaw=-0.00
[INFO] [1778710939.586346271] [centerline_scan_node]: Mode=ALIGN_AISLE | x=-0.00, y=0.00, yaw=-0.00
[INFO] [1778710939.690064361] [centerline_scan_node]: Mode=ALIGN_AISLE | x=-0.00, y=0.00, yaw=-0.00
[INFO] [1778710939.793203525] [centerline_scan_node]: Mode=ALIGN_AISLE | x=-0.00, y=0.00, yaw=-0.00
[INFO] [1778710939.892349936] [centerline_scan_node]: Mode=ALIGN_AISLE | x=-0.00, y=0.00, yaw=-0.00
[INFO] [1778710939.996134313] [centerline_scan_node]: Mode=ALIGN_AISLE | x=-0.00, y=0.00, yaw=-0.00
[INFO] [1778710940.089022325] [centerline_scan_node]: Mode=ALIGN_AISLE | x=-0.00, y=0.00, yaw=-0.00
[INFO] [1778710940.190315499] [centerline_scan_node]: Mode=ALIGN_AISLE | x=-0.00, y=0.00, yaw=-0.00
[INFO] [1778710940.292594711] [centerline_scan_node]: Mode=ALIGN_AISLE | x=-0.00, y=0.00, yaw=-0.00
[INFO] [1778710940.393916964] [centerline_scan_node]: Mode=ALIGN_AISLE | x=-0.00, y=0.00, yaw=-0.00
[INFO] [1778710940.488533984] [centerline_scan_node]: Mode=ALIGN_AISLE | x=-0.00, y=0.00, yaw=-0.00
[INFO] [1778710940.587516329] [centerline_scan_node]: Mode=ALIGN_AISLE | x=-0.00, y=0.00, yaw=-0.00
[INFO] [1778710940.692212533] [centerline_scan_node]: Mode=ALIGN_AISLE | x=-0.00, y=0.00, yaw=-0.00
[INFO] [1778710940.786372017] [centerline_scan_node]: Mode=ALIGN_AISLE | x=-0.00, y=0.00, yaw=-0.00
[INFO] [1778710940.890029088] [centerline_scan_node]: Mode=ALIGN_AISLE | x=-0.00, y=0.00, yaw=-0.00
[INFO] [1778710940.994857640] [centerline_scan_node]: Mode=ALIGN_AISLE | x=-0.00, y=0.00, yaw=-0.00
[INFO] [1778710941.094177864] [centerline_scan_node]: Mode=ALIGN_AISLE | x=-0.00, y=0.00, yaw=-0.00
[INFO] [1778710941.187555928] [centerline_scan_node]: Mode=ALIGN_AISLE | x=-0.00, y=0.00, yaw=-0.00
[INFO] [1778710941.286790492] [centerline_scan_node]: Mode=ALIGN_AISLE | x=-0.00, y=0.00, yaw=-0.00
[INFO] [1778710941.386736705] [centerline_scan_node]: Mode=ALIGN_AISLE | x=-0.00, y=0.00, yaw=-0.00
[INFO] [1778710941.498662196] [centerline_scan_node]: Mode=ALIGN_AISLE | x=-0.00, y=0.00, yaw=-0.00
[INFO] [1778710941.600838768] [centerline_scan_node]: Mode=ALIGN_AISLE | x=-0.00, y=0.00, yaw=-0.00
[INFO] [1778710941.687412262] [centerline_scan_node]: Mode=ALIGN_AISLE | x=-0.00, y=0.00, yaw=-0.00
[INFO] [1778710941.790747908] [centerline_scan_node]: Mode=ALIGN_AISLE | x=-0.00, y=0.00, yaw=-0.00
[INFO] [1778710941.885962406] [centerline_scan_node]: Mode=ALIGN_AISLE | x=-0.00, y=0.00, yaw=-0.00
[INFO] [1778710941.987963837] [centerline_scan_node]: Mode=ALIGN_AISLE | x=-0.00, y=0.00, yaw=-0.00
[INFO] [1778710942.097265228] [centerline_scan_node]: Mode=ALIGN_AISLE | x=-0.00, y=0.00, yaw=-0.00
[INFO] [1778710942.187891469] [centerline_scan_node]: Mode=ALIGN_AISLE | x=-0.00, y=0.00, yaw=-0.00
[INFO] [1778710942.287602659] [centerline_scan_node]: Mode=ALIGN_AISLE | x=-0.00, y=0.00, yaw=-0.00
[INFO] [1778710942.400938612] [centerline_scan_node]: Mode=ALIGN_AISLE | x=-0.00, y=0.00, yaw=-0.00
[INFO] [1778710942.502278762] [centerline_scan_node]: Mode=ALIGN_AISLE | x=-0.00, y=0.00, yaw=-0.00
[INFO] [1778710942.593907587] [centerline_scan_node]: Mode=ALIGN_AISLE | x=-0.00, y=0.00, yaw=-0.00
[INFO] [1778710942.690323143] [centerline_scan_node]: Mode=ALIGN_AISLE | x=-0.00, y=0.00, yaw=-0.00
[INFO] [1778710942.787384238] [centerline_scan_node]: Mode=ALIGN_AISLE | x=-0.00, y=0.00, yaw=-0.00
[INFO] [1778710942.891499170] [centerline_scan_node]: Mode=ALIGN_AISLE | x=-0.00, y=0.00, yaw=-0.00
[INFO] [1778710942.994816469] [centerline_scan_node]: Mode=ALIGN_AISLE | x=-0.00, y=0.00, yaw=-0.00
[INFO] [1778710943.096800970] [centerline_scan_node]: Mode=ALIGN_AISLE | x=-0.00, y=0.00, yaw=-0.00
[INFO] [1778710943.188126158] [centerline_scan_node]: Mode=ALIGN_AISLE | x=-0.00, y=0.00, yaw=-0.00
[INFO] [1778710943.295925372] [centerline_scan_node]: Mode=ALIGN_AISLE | x=-0.00, y=0.00, yaw=-0.00
[INFO] [1778710943.389021761] [centerline_scan_node]: Mode=ALIGN_AISLE | x=-0.00, y=0.00, yaw=-0.00
[INFO] [1778710943.491590114] [centerline_scan_node]: Mode=ALIGN_AISLE | x=-0.00, y=0.00, yaw=-0.00
[INFO] [1778710943.603047474] [centerline_scan_node]: Mode=ALIGN_AISLE | x=-0.00, y=0.00, yaw=-0.00
[INFO] [1778710943.688429285] [centerline_scan_node]: Mode=ALIGN_AISLE | x=-0.00, y=0.00, yaw=-0.00
[INFO] [1778710943.788010319] [centerline_scan_node]: Mode=ALIGN_AISLE | x=-0.00, y=0.00, yaw=-0.00
[INFO] [1778710943.889545263] [centerline_scan_node]: Mode=ALIGN_AISLE | x=-0.00, y=0.00, yaw=-0.00
[INFO] [1778710943.988863707] [centerline_scan_node]: Mode=ALIGN_AISLE | x=-0.00, y=0.00, yaw=-0.00
[INFO] [1778710944.094179193] [centerline_scan_node]: Mode=ALIGN_AISLE | x=-0.00, y=0.00, yaw=-0.00
[INFO] [1778710944.189571188] [centerline_scan_node]: Mode=ALIGN_AISLE | x=-0.00, y=0.00, yaw=-0.00
[INFO] [1778710944.290199044] [centerline_scan_node]: Mode=ALIGN_AISLE | x=-0.00, y=0.00, yaw=-0.00
[INFO] [1778710944.389419146] [centerline_scan_node]: Mode=ALIGN_AISLE | x=-0.00, y=0.00, yaw=-0.00
[INFO] [1778710944.498081277] [centerline_scan_node]: Mode=ALIGN_AISLE | x=-0.00, y=0.00, yaw=-0.00
[INFO] [1778710944.591625505] [centerline_scan_node]: Mode=ALIGN_AISLE | x=-0.00, y=0.00, yaw=-0.00
[INFO] [1778710944.693095900] [centerline_scan_node]: Mode=ALIGN_AISLE | x=-0.00, y=0.00, yaw=-0.00
[INFO] [1778710944.792810946] [centerline_scan_node]: Mode=ALIGN_AISLE | x=-0.00, y=0.00, yaw=-0.00
[INFO] [1778710944.887937351] [centerline_scan_node]: Mode=ALIGN_AISLE | x=-0.00, y=0.00, yaw=-0.00
[INFO] [1778710944.988444555] [centerline_scan_node]: Mode=ALIGN_AISLE | x=-0.00, y=0.00, yaw=-0.00
[INFO] [1778710945.096980077] [centerline_scan_node]: Mode=ALIGN_AISLE | x=-0.00, y=0.00, yaw=-0.00
[INFO] [1778710945.197965210] [centerline_scan_node]: Mode=ALIGN_AISLE | x=-0.00, y=0.00, yaw=-0.00
[INFO] [1778710945.286393923] [centerline_scan_node]: Mode=ALIGN_AISLE | x=-0.00, y=0.00, yaw=-0.00
[INFO] [1778710945.401014350] [centerline_scan_node]: Mode=ALIGN_AISLE | x=-0.00, y=0.00, yaw=-0.00
[INFO] [1778710945.509609959] [centerline_scan_node]: Mode=ALIGN_AISLE | x=-0.00, y=0.00, yaw=-0.00
[INFO] [1778710945.596493375] [centerline_scan_node]: Mode=ALIGN_AISLE | x=-0.00, y=0.00, yaw=-0.00
[INFO] [1778710945.700170655] [centerline_scan_node]: Mode=ALIGN_AISLE | x=-0.00, y=0.00, yaw=-0.00
[INFO] [1778710945.787447674] [centerline_scan_node]: Mode=ALIGN_AISLE | x=-0.00, y=0.00, yaw=-0.00
[INFO] [1778710945.889939229] [centerline_scan_node]: Mode=ALIGN_AISLE | x=-0.00, y=0.00, yaw=-0.00
[INFO] [1778710945.999150026] [centerline_scan_node]: Mode=ALIGN_AISLE | x=-0.00, y=0.00, yaw=-0.00
[INFO] [1778710946.094943609] [centerline_scan_node]: Mode=ALIGN_AISLE | x=-0.00, y=0.00, yaw=-0.00
[INFO] [1778710946.188887519] [centerline_scan_node]: Mode=ALIGN_AISLE | x=-0.00, y=0.00, yaw=-0.00
[INFO] [1778710946.291763357] [centerline_scan_node]: Mode=ALIGN_AISLE | x=-0.00, y=0.00, yaw=-0.00
[INFO] [1778710946.390102579] [centerline_scan_node]: Mode=ALIGN_AISLE | x=-0.00, y=0.00, yaw=-0.00
[INFO] [1778710946.494361686] [centerline_scan_node]: Mode=ALIGN_AISLE | x=-0.00, y=0.00, yaw=-0.00
[INFO] [1778710946.592066864] [centerline_scan_node]: Mode=ALIGN_AISLE | x=-0.00, y=0.00, yaw=-0.00
[INFO] [1778710946.690925163] [centerline_scan_node]: Mode=ALIGN_AISLE | x=-0.00, y=0.00, yaw=-0.00
[INFO] [1778710946.791115502] [centerline_scan_node]: Mode=ALIGN_AISLE | x=-0.00, y=0.00, yaw=-0.00
[INFO] [1778710946.891318259] [centerline_scan_node]: Mode=ALIGN_AISLE | x=-0.00, y=0.00, yaw=-0.00
[INFO] [1778710947.000388364] [centerline_scan_node]: Mode=ALIGN_AISLE | x=-0.00, y=0.00, yaw=-0.00
[INFO] [1778710947.089339126] [centerline_scan_node]: Mode=ALIGN_AISLE | x=-0.00, y=0.00, yaw=-0.00
[INFO] [1778710947.192644643] [centerline_scan_node]: Mode=ALIGN_AISLE | x=-0.00, y=0.00, yaw=-0.00
[INFO] [1778710947.289583617] [centerline_scan_node]: Mode=ALIGN_AISLE | x=-0.00, y=0.00, yaw=-0.00
[INFO] [1778710947.388651583] [centerline_scan_node]: Mode=ALIGN_AISLE | x=-0.00, y=0.00, yaw=-0.00
[INFO] [1778710947.488202863] [centerline_scan_node]: Mode=ALIGN_AISLE | x=-0.00, y=0.00, yaw=-0.00
[INFO] [1778710947.595355552] [centerline_scan_node]: Mode=ALIGN_AISLE | x=-0.00, y=0.00, yaw=-0.00
[INFO] [1778710947.687957277] [centerline_scan_node]: Mode=ALIGN_AISLE | x=-0.00, y=0.00, yaw=-0.00
[INFO] [1778710947.788582905] [centerline_scan_node]: Mode=ALIGN_AISLE | x=-0.00, y=0.00, yaw=-0.00
[INFO] [1778710947.889507490] [centerline_scan_node]: Mode=ALIGN_AISLE | x=-0.00, y=0.00, yaw=-0.00
[INFO] [1778710947.991773018] [centerline_scan_node]: Mode=ALIGN_AISLE | x=-0.00, y=0.00, yaw=-0.00
[INFO] [1778710948.091165013] [centerline_scan_node]: Mode=ALIGN_AISLE | x=-0.00, y=0.00, yaw=-0.00
[INFO] [1778710948.186594864] [centerline_scan_node]: Mode=ALIGN_AISLE | x=-0.00, y=0.00, yaw=-0.00
[INFO] [1778710948.904118664] [centerline_scan_node]: Mode=ALIGN_AISLE | x=-0.00, y=0.00, yaw=-0.00
[INFO] [1778710948.999520305] [centerline_scan_node]: Mode=ALIGN_AISLE | x=-0.00, y=0.00, yaw=-0.00
[INFO] [1778710949.093116629] [centerline_scan_node]: Mode=ALIGN_AISLE | x=-0.00, y=0.00, yaw=-0.00
[INFO] [1778710949.194827584] [centerline_scan_node]: Mode=ALIGN_AISLE | x=-0.00, y=0.00, yaw=-0.00
[INFO] [1778710949.309391179] [centerline_scan_node]: Mode=ALIGN_AISLE | x=-0.00, y=0.00, yaw=-0.00
[INFO] [1778710949.415534844] [centerline_scan_node]: Mode=ALIGN_AISLE | x=-0.00, y=0.00, yaw=-0.00
[INFO] [1778710949.497079995] [centerline_scan_node]: Mode=ALIGN_AISLE | x=-0.00, y=0.00, yaw=-0.00
[INFO] [1778710949.594854535] [centerline_scan_node]: Mode=ALIGN_AISLE | x=-0.00, y=0.00, yaw=-0.00
[INFO] [1778710949.704646684] [centerline_scan_node]: Mode=ALIGN_AISLE | x=-0.00, y=0.00, yaw=-0.00
[INFO] [1778710949.800342945] [centerline_scan_node]: Mode=ALIGN_AISLE | x=-0.00, y=0.00, yaw=-0.00
[INFO] [1778710949.899002380] [centerline_scan_node]: Mode=ALIGN_AISLE | x=-0.00, y=0.00, yaw=-0.00
[INFO] [1778710949.994530758] [centerline_scan_node]: Mode=ALIGN_AISLE | x=-0.00, y=0.00, yaw=-0.00
[INFO] [1778710950.089663370] [centerline_scan_node]: Mode=ALIGN_AISLE | x=-0.00, y=0.00, yaw=-0.00
[INFO] [1778710950.191117873] [centerline_scan_node]: Mode=ALIGN_AISLE | x=-0.00, y=0.00, yaw=-0.00
[INFO] [1778710950.297487932] [centerline_scan_node]: Mode=ALIGN_AISLE | x=-0.00, y=0.00, yaw=-0.00
[INFO] [1778710950.400509138] [centerline_scan_node]: Mode=ALIGN_AISLE | x=-0.00, y=0.00, yaw=-0.00
[INFO] [1778710950.498897562] [centerline_scan_node]: Mode=ALIGN_AISLE | x=-0.00, y=0.00, yaw=-0.00
[INFO] [1778710950.596447845] [centerline_scan_node]: Mode=ALIGN_AISLE | x=-0.00, y=0.00, yaw=-0.00
[INFO] [1778710950.709634173] [centerline_scan_node]: Mode=ALIGN_AISLE | x=-0.00, y=0.00, yaw=-0.00
[INFO] [1778710950.800500480] [centerline_scan_node]: Mode=ALIGN_AISLE | x=-0.00, y=0.00, yaw=-0.00
[INFO] [1778710950.903676513] [centerline_scan_node]: Mode=ALIGN_AISLE | x=-0.00, y=0.00, yaw=-0.00
[INFO] [1778710950.992664043] [centerline_scan_node]: Mode=ALIGN_AISLE | x=-0.00, y=0.00, yaw=-0.00
[INFO] [1778710951.088912129] [centerline_scan_node]: Mode=ALIGN_AISLE | x=-0.00, y=0.00, yaw=-0.00
[INFO] [1778710951.188328254] [centerline_scan_node]: Mode=ALIGN_AISLE | x=-0.00, y=0.00, yaw=-0.00
[INFO] [1778710951.293013708] [centerline_scan_node]: Mode=ALIGN_AISLE | x=-0.00, y=0.00, yaw=-0.00
[INFO] [1778710951.390046918] [centerline_scan_node]: Mode=ALIGN_AISLE | x=-0.00, y=0.00, yaw=-0.00
[INFO] [1778710951.493504753] [centerline_scan_node]: Mode=ALIGN_AISLE | x=-0.00, y=0.00, yaw=-0.00
[INFO] [1778710951.592067517] [centerline_scan_node]: Mode=ALIGN_AISLE | x=-0.00, y=0.00, yaw=-0.00
[INFO] [1778710951.695462721] [centerline_scan_node]: Mode=ALIGN_AISLE | x=-0.00, y=0.00, yaw=-0.00
[INFO] [1778710951.798150873] [centerline_scan_node]: Mode=ALIGN_AISLE | x=-0.00, y=0.00, yaw=-0.00
[INFO] [1778710951.888420711] [centerline_scan_node]: Mode=ALIGN_AISLE | x=-0.00, y=0.00, yaw=-0.00
[INFO] [1778710951.996140730] [centerline_scan_node]: Mode=ALIGN_AISLE | x=-0.00, y=0.00, yaw=-0.00
[INFO] [1778710952.090460902] [centerline_scan_node]: Mode=ALIGN_AISLE | x=-0.00, y=0.00, yaw=-0.00
[INFO] [1778710952.191547583] [centerline_scan_node]: Mode=ALIGN_AISLE | x=-0.00, y=0.00, yaw=-0.00
[INFO] [1778710952.292961057] [centerline_scan_node]: Mode=ALIGN_AISLE | x=-0.00, y=0.00, yaw=-0.00
[INFO] [1778710952.388994772] [centerline_scan_node]: Mode=ALIGN_AISLE | x=-0.00, y=0.00, yaw=-0.00
[INFO] [1778710952.488565582] [centerline_scan_node]: Mode=ALIGN_AISLE | x=-0.00, y=0.00, yaw=-0.00
[INFO] [1778710952.589294896] [centerline_scan_node]: Mode=ALIGN_AISLE | x=-0.00, y=0.00, yaw=-0.00
[INFO] [1778710952.692711355] [centerline_scan_node]: Mode=ALIGN_AISLE | x=-0.00, y=0.00, yaw=-0.00
[INFO] [1778710952.791017233] [centerline_scan_node]: Mode=ALIGN_AISLE | x=-0.00, y=0.00, yaw=-0.00
[INFO] [1778710952.894284854] [centerline_scan_node]: Mode=ALIGN_AISLE | x=-0.00, y=0.00, yaw=-0.00
[INFO] [1778710952.997646656] [centerline_scan_node]: Mode=ALIGN_AISLE | x=-0.00, y=0.00, yaw=-0.00
[INFO] [1778710953.098910218] [centerline_scan_node]: Mode=ALIGN_AISLE | x=-0.00, y=0.00, yaw=-0.00
[INFO] [1778710953.205303437] [centerline_scan_node]: Mode=ALIGN_AISLE | x=-0.00, y=0.00, yaw=-0.00
[INFO] [1778710953.301318253] [centerline_scan_node]: Mode=ALIGN_AISLE | x=-0.00, y=0.00, yaw=-0.00
[INFO] [1778710953.397318988] [centerline_scan_node]: Mode=ALIGN_AISLE | x=-0.00, y=0.00, yaw=-0.00
[INFO] [1778710953.495194262] [centerline_scan_node]: Mode=ALIGN_AISLE | x=-0.00, y=0.00, yaw=-0.00
[INFO] [1778710953.587109718] [centerline_scan_node]: Mode=ALIGN_AISLE | x=-0.00, y=0.00, yaw=-0.00
[INFO] [1778710953.686100411] [centerline_scan_node]: Mode=ALIGN_AISLE | x=-0.00, y=0.00, yaw=-0.00
[INFO] [1778710953.788722096] [centerline_scan_node]: Mode=ALIGN_AISLE | x=-0.00, y=0.00, yaw=-0.00
[INFO] [1778710953.885194986] [centerline_scan_node]: Mode=ALIGN_AISLE | x=-0.00, y=0.00, yaw=-0.00
[INFO] [1778710953.998861142] [centerline_scan_node]: Mode=ALIGN_AISLE | x=-0.00, y=0.00, yaw=-0.00
[INFO] [1778710954.111391134] [centerline_scan_node]: Mode=ALIGN_AISLE | x=-0.00, y=0.00, yaw=-0.00
[INFO] [1778710954.203191090] [centerline_scan_node]: Mode=ALIGN_AISLE | x=-0.00, y=0.00, yaw=-0.00
[INFO] [1778710954.312802252] [centerline_scan_node]: Mode=ALIGN_AISLE | x=-0.00, y=0.00, yaw=-0.00
[INFO] [1778710954.387691755] [centerline_scan_node]: Mode=ALIGN_AISLE | x=-0.00, y=0.00, yaw=-0.00
[INFO] [1778710954.508825211] [centerline_scan_node]: Mode=ALIGN_AISLE | x=-0.00, y=0.00, yaw=-0.00
[INFO] [1778710954.589489801] [centerline_scan_node]: Mode=ALIGN_AISLE | x=-0.00, y=0.00, yaw=-0.00
[INFO] [1778710954.698962966] [centerline_scan_node]: Mode=ALIGN_AISLE | x=-0.00, y=0.00, yaw=-0.00
[INFO] [1778710954.809846123] [centerline_scan_node]: Mode=ALIGN_AISLE | x=-0.00, y=0.00, yaw=-0.00
[INFO] [1778710954.904997923] [centerline_scan_node]: Mode=ALIGN_AISLE | x=-0.00, y=0.00, yaw=-0.00
[INFO] [1778710955.004698236] [centerline_scan_node]: Mode=ALIGN_AISLE | x=-0.00, y=0.00, yaw=-0.00
[INFO] [1778710955.099150148] [centerline_scan_node]: Mode=ALIGN_AISLE | x=-0.00, y=0.00, yaw=-0.00
[INFO] [1778710955.192597981] [centerline_scan_node]: Mode=ALIGN_AISLE | x=-0.00, y=0.00, yaw=-0.00
[INFO] [1778710955.292202105] [centerline_scan_node]: Mode=ALIGN_AISLE | x=-0.00, y=0.00, yaw=-0.00
[INFO] [1778710955.393521559] [centerline_scan_node]: Mode=ALIGN_AISLE | x=-0.00, y=0.00, yaw=-0.00
[INFO] [1778710955.491463088] [centerline_scan_node]: Mode=ALIGN_AISLE | x=-0.00, y=0.00, yaw=-0.00
[INFO] [1778710955.595820109] [centerline_scan_node]: Mode=ALIGN_AISLE | x=-0.00, y=0.00, yaw=-0.00
[INFO] [1778710955.687792803] [centerline_scan_node]: Mode=ALIGN_AISLE | x=-0.00, y=0.00, yaw=-0.00
[INFO] [1778710955.796738108] [centerline_scan_node]: Mode=ALIGN_AISLE | x=-0.00, y=0.00, yaw=-0.00
[INFO] [1778710955.886916389] [centerline_scan_node]: Mode=ALIGN_AISLE | x=-0.00, y=0.00, yaw=-0.00
[INFO] [1778710955.987619160] [centerline_scan_node]: Mode=ALIGN_AISLE | x=-0.00, y=0.00, yaw=-0.00
[INFO] [1778710956.086086819] [centerline_scan_node]: Mode=ALIGN_AISLE | x=-0.00, y=0.00, yaw=-0.00
[INFO] [1778710956.195123656] [centerline_scan_node]: Mode=ALIGN_AISLE | x=-0.00, y=0.00, yaw=-0.00
[INFO] [1778710956.287586476] [centerline_scan_node]: Mode=ALIGN_AISLE | x=-0.00, y=0.00, yaw=-0.00
[INFO] [1778710956.388552645] [centerline_scan_node]: Mode=ALIGN_AISLE | x=-0.00, y=0.00, yaw=-0.00
[INFO] [1778710956.497213050] [centerline_scan_node]: Mode=ALIGN_AISLE | x=-0.00, y=0.00, yaw=-0.00
[INFO] [1778710956.596062994] [centerline_scan_node]: Mode=ALIGN_AISLE | x=-0.00, y=0.00, yaw=-0.00
[INFO] [1778710956.691994477] [centerline_scan_node]: Mode=ALIGN_AISLE | x=-0.00, y=0.00, yaw=-0.00
[INFO] [1778710956.790174026] [centerline_scan_node]: Mode=ALIGN_AISLE | x=-0.00, y=0.00, yaw=-0.00
[INFO] [1778710956.898150670] [centerline_scan_node]: Mode=ALIGN_AISLE | x=-0.00, y=0.00, yaw=-0.00
[INFO] [1778710956.990036932] [centerline_scan_node]: Mode=ALIGN_AISLE | x=-0.00, y=0.00, yaw=-0.00
[INFO] [1778710957.088680717] [centerline_scan_node]: Mode=ALIGN_AISLE | x=-0.00, y=0.00, yaw=-0.00
[INFO] [1778710957.191714513] [centerline_scan_node]: Mode=ALIGN_AISLE | x=-0.00, y=0.00, yaw=-0.00
[INFO] [1778710957.301508582] [centerline_scan_node]: Mode=ALIGN_AISLE | x=-0.00, y=0.00, yaw=-0.00
[INFO] [1778710957.396458957] [centerline_scan_node]: Mode=ALIGN_AISLE | x=-0.00, y=0.00, yaw=-0.00
[INFO] [1778710957.509814276] [centerline_scan_node]: Mode=ALIGN_AISLE | x=-0.00, y=0.00, yaw=-0.00
[INFO] [1778710957.596511337] [centerline_scan_node]: Mode=ALIGN_AISLE | x=-0.00, y=0.00, yaw=-0.00
[INFO] [1778710957.688416750] [centerline_scan_node]: Mode=ALIGN_AISLE | x=-0.00, y=0.00, yaw=-0.00
[INFO] [1778710957.786960244] [centerline_scan_node]: Mode=ALIGN_AISLE | x=-0.00, y=0.00, yaw=-0.00
[INFO] [1778710957.893267218] [centerline_scan_node]: Mode=ALIGN_AISLE | x=-0.00, y=0.00, yaw=-0.00
[INFO] [1778710957.988723347] [centerline_scan_node]: Mode=ALIGN_AISLE | x=-0.00, y=0.00, yaw=-0.00
[INFO] [1778710958.088875123] [centerline_scan_node]: Mode=ALIGN_AISLE | x=-0.00, y=0.00, yaw=-0.00
[INFO] [1778710958.186337430] [centerline_scan_node]: Mode=ALIGN_AISLE | x=-0.00, y=0.00, yaw=-0.00
[INFO] [1778710958.294278037] [centerline_scan_node]: Mode=ALIGN_AISLE | x=-0.00, y=0.00, yaw=-0.00
[INFO] [1778710958.393756486] [centerline_scan_node]: Mode=ALIGN_AISLE | x=-0.00, y=0.00, yaw=-0.00
[INFO] [1778710958.491289319] [centerline_scan_node]: Mode=ALIGN_AISLE | x=-0.00, y=0.00, yaw=-0.00
[INFO] [1778710958.592284566] [centerline_scan_node]: Mode=ALIGN_AISLE | x=-0.00, y=0.00, yaw=-0.00
[INFO] [1778710958.699837839] [centerline_scan_node]: Mode=ALIGN_AISLE | x=-0.00, y=0.00, yaw=-0.00
[INFO] [1778710958.790899200] [centerline_scan_node]: Mode=ALIGN_AISLE | x=-0.00, y=0.00, yaw=-0.00
[INFO] [1778710958.889625731] [centerline_scan_node]: Mode=ALIGN_AISLE | x=-0.00, y=0.00, yaw=-0.00
[INFO] [1778710959.002788713] [centerline_scan_node]: Mode=ALIGN_AISLE | x=-0.00, y=0.00, yaw=-0.00
[INFO] [1778710959.090330013] [centerline_scan_node]: Mode=ALIGN_AISLE | x=-0.00, y=0.00, yaw=-0.00
[INFO] [1778710959.187807617] [centerline_scan_node]: Mode=ALIGN_AISLE | x=-0.00, y=0.00, yaw=-0.00
[INFO] [1778710959.291043935] [centerline_scan_node]: Mode=ALIGN_AISLE | x=-0.00, y=0.00, yaw=-0.00
[INFO] [1778710959.389546411] [centerline_scan_node]: Mode=ALIGN_AISLE | x=-0.00, y=0.00, yaw=-0.00
[INFO] [1778710959.491595079] [centerline_scan_node]: Mode=ALIGN_AISLE | x=-0.00, y=0.00, yaw=-0.00
[INFO] [1778710959.590916648] [centerline_scan_node]: Mode=ALIGN_AISLE | x=-0.00, y=0.00, yaw=-0.00
[INFO] [1778710959.688447108] [centerline_scan_node]: Mode=ALIGN_AISLE | x=-0.00, y=0.00, yaw=-0.00
[INFO] [1778710959.806477227] [centerline_scan_node]: Mode=ALIGN_AISLE | x=-0.00, y=0.00, yaw=-0.00
[INFO] [1778710959.888245223] [centerline_scan_node]: Mode=ALIGN_AISLE | x=-0.00, y=0.00, yaw=-0.00
[INFO] [1778710959.987552421] [centerline_scan_node]: Mode=ALIGN_AISLE | x=-0.00, y=0.00, yaw=-0.00
[INFO] [1778710960.097992039] [centerline_scan_node]: Mode=ALIGN_AISLE | x=-0.00, y=0.00, yaw=-0.00
[INFO] [1778710960.192360879] [centerline_scan_node]: Mode=ALIGN_AISLE | x=-0.00, y=0.00, yaw=-0.00
[INFO] [1778710960.291923355] [centerline_scan_node]: Mode=ALIGN_AISLE | x=-0.00, y=0.00, yaw=-0.00
[INFO] [1778710960.393715598] [centerline_scan_node]: Mode=ALIGN_AISLE | x=-0.00, y=0.00, yaw=-0.00
[INFO] [1778710960.507094624] [centerline_scan_node]: Mode=ALIGN_AISLE | x=-0.00, y=0.00, yaw=-0.00
[INFO] [1778710960.589900141] [centerline_scan_node]: Mode=ALIGN_AISLE | x=-0.00, y=0.00, yaw=-0.00
[INFO] [1778710960.688421746] [centerline_scan_node]: Mode=ALIGN_AISLE | x=-0.00, y=0.00, yaw=-0.00
[INFO] [1778710960.787495488] [centerline_scan_node]: Mode=ALIGN_AISLE | x=-0.00, y=0.00, yaw=-0.00
[INFO] [1778710960.890836414] [centerline_scan_node]: Mode=ALIGN_AISLE | x=-0.00, y=0.00, yaw=-0.00
[INFO] [1778710960.991826191] [centerline_scan_node]: Mode=ALIGN_AISLE | x=-0.00, y=0.00, yaw=-0.00
[INFO] [1778710961.089761620] [centerline_scan_node]: Mode=ALIGN_AISLE | x=-0.00, y=0.00, yaw=-0.00
[INFO] [1778710961.197069319] [centerline_scan_node]: Mode=ALIGN_AISLE | x=-0.00, y=0.00, yaw=-0.00
[INFO] [1778710961.288572480] [centerline_scan_node]: Mode=ALIGN_AISLE | x=-0.00, y=0.00, yaw=-0.00
[INFO] [1778710961.388631840] [centerline_scan_node]: Mode=ALIGN_AISLE | x=-0.00, y=0.00, yaw=-0.00
[INFO] [1778710961.488224505] [centerline_scan_node]: Mode=ALIGN_AISLE | x=-0.00, y=0.00, yaw=-0.00
[INFO] [1778710961.593157691] [centerline_scan_node]: Mode=ALIGN_AISLE | x=-0.00, y=0.00, yaw=-0.00
[INFO] [1778710961.685472665] [centerline_scan_node]: Mode=ALIGN_AISLE | x=-0.00, y=0.00, yaw=-0.00
[INFO] [1778710961.791297363] [centerline_scan_node]: Mode=ALIGN_AISLE | x=-0.00, y=0.00, yaw=-0.00
[INFO] [1778710961.886413121] [centerline_scan_node]: Mode=ALIGN_AISLE | x=-0.00, y=0.00, yaw=-0.00
[INFO] [1778710961.993273252] [centerline_scan_node]: Mode=ALIGN_AISLE | x=-0.00, y=0.00, yaw=-0.00
[INFO] [1778710962.087137173] [centerline_scan_node]: Mode=ALIGN_AISLE | x=-0.00, y=0.00, yaw=-0.00
[INFO] [1778710962.211429615] [centerline_scan_node]: Mode=ALIGN_AISLE | x=-0.00, y=0.00, yaw=-0.00
[INFO] [1778710962.288118740] [centerline_scan_node]: Mode=ALIGN_AISLE | x=-0.00, y=0.00, yaw=-0.00
[INFO] [1778710962.393570368] [centerline_scan_node]: Mode=ALIGN_AISLE | x=-0.00, y=0.00, yaw=-0.00
[INFO] [1778710962.493263024] [centerline_scan_node]: Mode=ALIGN_AISLE | x=-0.00, y=0.00, yaw=-0.00
[INFO] [1778710962.589122780] [centerline_scan_node]: Mode=ALIGN_AISLE | x=-0.00, y=0.00, yaw=-0.00
[INFO] [1778710962.705244623] [centerline_scan_node]: Mode=ALIGN_AISLE | x=-0.00, y=0.00, yaw=-0.00
[INFO] [1778710962.797512384] [centerline_scan_node]: Mode=ALIGN_AISLE | x=-0.00, y=0.00, yaw=-0.00
[INFO] [1778710962.894643065] [centerline_scan_node]: Mode=ALIGN_AISLE | x=-0.00, y=0.00, yaw=-0.00
[INFO] [1778710962.987386577] [centerline_scan_node]: Mode=ALIGN_AISLE | x=-0.00, y=0.00, yaw=-0.00
[INFO] [1778710963.089121406] [centerline_scan_node]: Mode=ALIGN_AISLE | x=-0.00, y=0.00, yaw=-0.00
[INFO] [1778710963.190365099] [centerline_scan_node]: Mode=ALIGN_AISLE | x=-0.00, y=0.00, yaw=-0.00
[INFO] [1778710963.289096998] [centerline_scan_node]: Mode=ALIGN_AISLE | x=-0.00, y=0.00, yaw=-0.00
[INFO] [1778710963.395383708] [centerline_scan_node]: Mode=ALIGN_AISLE | x=-0.00, y=0.00, yaw=-0.00
[INFO] [1778710963.491331483] [centerline_scan_node]: Mode=ALIGN_AISLE | x=-0.00, y=0.00, yaw=-0.00
[INFO] [1778710963.596036460] [centerline_scan_node]: Mode=ALIGN_AISLE | x=-0.00, y=0.00, yaw=-0.00
[INFO] [1778710963.696316301] [centerline_scan_node]: Mode=ALIGN_AISLE | x=-0.00, y=0.00, yaw=-0.00
[INFO] [1778710963.786274805] [centerline_scan_node]: Mode=ALIGN_AISLE | x=-0.00, y=0.00, yaw=-0.00
[INFO] [1778710963.888395183] [centerline_scan_node]: Mode=ALIGN_AISLE | x=-0.00, y=0.00, yaw=-0.00
[INFO] [1778710963.991109500] [centerline_scan_node]: Mode=ALIGN_AISLE | x=-0.00, y=0.00, yaw=-0.00
[INFO] [1778710964.088403894] [centerline_scan_node]: Mode=ALIGN_AISLE | x=-0.00, y=0.00, yaw=-0.00
[INFO] [1778710964.189360570] [centerline_scan_node]: Mode=ALIGN_AISLE | x=-0.00, y=0.00, yaw=-0.00
[INFO] [1778710964.295628357] [centerline_scan_node]: Mode=ALIGN_AISLE | x=-0.00, y=0.00, yaw=-0.00
[INFO] [1778710964.397499581] [centerline_scan_node]: Mode=ALIGN_AISLE | x=-0.00, y=0.00, yaw=-0.00
[INFO] [1778710964.495229228] [centerline_scan_node]: Mode=ALIGN_AISLE | x=-0.00, y=0.00, yaw=-0.00
[INFO] [1778710964.595405983] [centerline_scan_node]: Mode=ALIGN_AISLE | x=-0.00, y=0.00, yaw=-0.00
[INFO] [1778710964.695395610] [centerline_scan_node]: Mode=ALIGN_AISLE | x=-0.00, y=0.00, yaw=-0.00
[INFO] [1778710964.794064050] [centerline_scan_node]: Mode=ALIGN_AISLE | x=-0.00, y=0.00, yaw=-0.00
[INFO] [1778710964.896018416] [centerline_scan_node]: Mode=ALIGN_AISLE | x=-0.00, y=0.00, yaw=-0.00
[INFO] [1778710964.991237292] [centerline_scan_node]: Mode=ALIGN_AISLE | x=-0.00, y=0.00, yaw=-0.00
[INFO] [1778710965.089776978] [centerline_scan_node]: Mode=ALIGN_AISLE | x=-0.00, y=0.00, yaw=-0.00
[INFO] [1778710965.201037180] [centerline_scan_node]: Mode=ALIGN_AISLE | x=-0.00, y=0.00, yaw=-0.00
[INFO] [1778710965.291203648] [centerline_scan_node]: Mode=ALIGN_AISLE | x=-0.00, y=0.00, yaw=-0.00
[INFO] [1778710965.392952866] [centerline_scan_node]: Mode=ALIGN_AISLE | x=-0.00, y=0.00, yaw=-0.00
[INFO] [1778710965.488989732] [centerline_scan_node]: Mode=ALIGN_AISLE | x=-0.00, y=0.00, yaw=-0.00
[INFO] [1778710965.589174368] [centerline_scan_node]: Mode=ALIGN_AISLE | x=-0.00, y=0.00, yaw=-0.00
[INFO] [1778710965.687919291] [centerline_scan_node]: Mode=ALIGN_AISLE | x=-0.00, y=0.00, yaw=-0.00
[INFO] [1778710965.795047464] [centerline_scan_node]: Mode=ALIGN_AISLE | x=-0.00, y=0.00, yaw=-0.00
[INFO] [1778710965.890530048] [centerline_scan_node]: Mode=ALIGN_AISLE | x=-0.00, y=0.00, yaw=-0.00
[INFO] [1778710965.989700650] [centerline_scan_node]: Mode=ALIGN_AISLE | x=-0.00, y=0.00, yaw=-0.00
[INFO] [1778710966.089120184] [centerline_scan_node]: Mode=ALIGN_AISLE | x=-0.00, y=0.00, yaw=-0.00
[INFO] [1778710966.190213620] [centerline_scan_node]: Mode=ALIGN_AISLE | x=-0.00, y=0.00, yaw=-0.00
[INFO] [1778710966.290876044] [centerline_scan_node]: Mode=ALIGN_AISLE | x=-0.00, y=0.00, yaw=-0.00
[INFO] [1778710966.396358565] [centerline_scan_node]: Mode=ALIGN_AISLE | x=-0.00, y=0.00, yaw=-0.00
[INFO] [1778710966.491103255] [centerline_scan_node]: Mode=ALIGN_AISLE | x=-0.00, y=0.00, yaw=-0.00
[INFO] [1778710966.589157112] [centerline_scan_node]: Mode=ALIGN_AISLE | x=-0.00, y=0.00, yaw=-0.00
[INFO] [1778710966.690301109] [centerline_scan_node]: Mode=ALIGN_AISLE | x=-0.00, y=0.00, yaw=-0.00
[INFO] [1778710966.796559857] [centerline_scan_node]: Mode=ALIGN_AISLE | x=-0.00, y=0.00, yaw=-0.00
[INFO] [1778710966.888431630] [centerline_scan_node]: Mode=ALIGN_AISLE | x=-0.00, y=0.00, yaw=-0.00
[INFO] [1778710966.995852628] [centerline_scan_node]: Mode=ALIGN_AISLE | x=-0.00, y=0.00, yaw=-0.00
[INFO] [1778710967.089220208] [centerline_scan_node]: Mode=ALIGN_AISLE | x=-0.00, y=0.00, yaw=-0.00
[INFO] [1778710967.191413855] [centerline_scan_node]: Mode=ALIGN_AISLE | x=-0.00, y=0.00, yaw=-0.00
[INFO] [1778710967.306816915] [centerline_scan_node]: Mode=ALIGN_AISLE | x=-0.00, y=0.00, yaw=-0.00
[INFO] [1778710967.394245258] [centerline_scan_node]: Mode=ALIGN_AISLE | x=-0.00, y=0.00, yaw=-0.00
[INFO] [1778710967.489865259] [centerline_scan_node]: Mode=ALIGN_AISLE | x=-0.00, y=0.00, yaw=-0.00
[INFO] [1778710967.585821382] [centerline_scan_node]: Mode=ALIGN_AISLE | x=-0.00, y=0.00, yaw=-0.00
[INFO] [1778710967.695743074] [centerline_scan_node]: Mode=ALIGN_AISLE | x=-0.00, y=0.00, yaw=-0.00
[INFO] [1778710967.787168975] [centerline_scan_node]: Mode=ALIGN_AISLE | x=-0.00, y=0.00, yaw=-0.00
[INFO] [1778710967.887249369] [centerline_scan_node]: Mode=ALIGN_AISLE | x=-0.00, y=0.00, yaw=-0.00
[INFO] [1778710968.002345763] [centerline_scan_node]: Mode=ALIGN_AISLE | x=-0.00, y=0.00, yaw=-0.00
[INFO] [1778710968.099037693] [centerline_scan_node]: Mode=ALIGN_AISLE | x=-0.00, y=0.00, yaw=-0.00
[INFO] [1778710968.188497854] [centerline_scan_node]: Mode=ALIGN_AISLE | x=-0.00, y=0.00, yaw=-0.00
[INFO] [1778710968.289065249] [centerline_scan_node]: Mode=ALIGN_AISLE | x=-0.00, y=0.00, yaw=-0.00
[INFO] [1778710968.392225832] [centerline_scan_node]: Mode=ALIGN_AISLE | x=-0.00, y=0.00, yaw=-0.00
[INFO] [1778710968.496216544] [centerline_scan_node]: Mode=ALIGN_AISLE | x=-0.00, y=0.00, yaw=-0.00
[INFO] [1778710968.588558479] [centerline_scan_node]: Mode=ALIGN_AISLE | x=-0.00, y=0.00, yaw=-0.00
[INFO] [1778710968.688470016] [centerline_scan_node]: Mode=ALIGN_AISLE | x=-0.00, y=0.00, yaw=-0.00
[INFO] [1778710968.803699427] [centerline_scan_node]: Mode=ALIGN_AISLE | x=-0.00, y=0.00, yaw=-0.00
[INFO] [1778710968.889563774] [centerline_scan_node]: Mode=ALIGN_AISLE | x=-0.00, y=0.00, yaw=-0.00
[INFO] [1778710968.991682475] [centerline_scan_node]: Mode=ALIGN_AISLE | x=-0.00, y=0.00, yaw=-0.00
[INFO] [1778710969.093088165] [centerline_scan_node]: Mode=ALIGN_AISLE | x=-0.00, y=0.00, yaw=-0.00
[INFO] [1778710969.193464399] [centerline_scan_node]: Mode=ALIGN_AISLE | x=-0.00, y=0.00, yaw=-0.00
[INFO] [1778710969.290604765] [centerline_scan_node]: Mode=ALIGN_AISLE | x=-0.00, y=0.00, yaw=-0.00
[INFO] [1778710969.390246304] [centerline_scan_node]: Mode=ALIGN_AISLE | x=-0.00, y=0.00, yaw=-0.00
[INFO] [1778710969.489337635] [centerline_scan_node]: Mode=ALIGN_AISLE | x=-0.00, y=0.00, yaw=-0.00
[INFO] [1778710969.587948914] [centerline_scan_node]: Mode=ALIGN_AISLE | x=-0.00, y=0.00, yaw=-0.00
[INFO] [1778710969.693146787] [centerline_scan_node]: Mode=ALIGN_AISLE | x=-0.00, y=0.00, yaw=-0.00
[INFO] [1778710969.792642881] [centerline_scan_node]: Mode=ALIGN_AISLE | x=-0.00, y=0.00, yaw=-0.00
[INFO] [1778710969.898260917] [centerline_scan_node]: Mode=ALIGN_AISLE | x=-0.00, y=0.00, yaw=-0.00
[INFO] [1778710969.986954650] [centerline_scan_node]: Mode=ALIGN_AISLE | x=-0.00, y=0.00, yaw=-0.00
[INFO] [1778710970.090131371] [centerline_scan_node]: Mode=ALIGN_AISLE | x=-0.00, y=0.00, yaw=-0.00
[INFO] [1778710970.203951460] [centerline_scan_node]: Mode=ALIGN_AISLE | x=-0.00, y=0.00, yaw=-0.00
[INFO] [1778710970.303023873] [centerline_scan_node]: Mode=ALIGN_AISLE | x=-0.00, y=0.00, yaw=-0.00
[INFO] [1778710970.387706209] [centerline_scan_node]: Mode=ALIGN_AISLE | x=-0.00, y=0.00, yaw=-0.00
[INFO] [1778710970.488711897] [centerline_scan_node]: Mode=ALIGN_AISLE | x=-0.00, y=0.00, yaw=-0.00
[INFO] [1778710970.586638791] [centerline_scan_node]: Mode=ALIGN_AISLE | x=-0.00, y=0.00, yaw=-0.00
[INFO] [1778710970.689703385] [centerline_scan_node]: Mode=ALIGN_AISLE | x=-0.00, y=0.00, yaw=-0.00
[INFO] [1778710970.791613381] [centerline_scan_node]: Mode=ALIGN_AISLE | x=-0.00, y=0.00, yaw=-0.00
[INFO] [1778710970.891831792] [centerline_scan_node]: Mode=ALIGN_AISLE | x=-0.00, y=0.00, yaw=-0.00
[INFO] [1778710970.993292940] [centerline_scan_node]: Mode=ALIGN_AISLE | x=-0.00, y=0.00, yaw=-0.00
[INFO] [1778710971.097249986] [centerline_scan_node]: Mode=ALIGN_AISLE | x=-0.00, y=0.00, yaw=-0.00
[INFO] [1778710971.189148371] [centerline_scan_node]: Mode=ALIGN_AISLE | x=-0.00, y=0.00, yaw=-0.00
[INFO] [1778710971.290322944] [centerline_scan_node]: Mode=ALIGN_AISLE | x=-0.00, y=0.00, yaw=-0.00
[INFO] [1778710971.397976654] [centerline_scan_node]: Mode=ALIGN_AISLE | x=-0.00, y=0.00, yaw=-0.00
[INFO] [1778710971.488048062] [centerline_scan_node]: Mode=ALIGN_AISLE | x=-0.00, y=0.00, yaw=-0.00
[INFO] [1778710971.589280020] [centerline_scan_node]: Mode=ALIGN_AISLE | x=-0.00, y=0.00, yaw=-0.00
[INFO] [1778710971.696313887] [centerline_scan_node]: Mode=ALIGN_AISLE | x=-0.00, y=0.00, yaw=-0.00
[INFO] [1778710971.799029515] [centerline_scan_node]: Mode=ALIGN_AISLE | x=-0.00, y=0.00, yaw=-0.00
[INFO] [1778710971.904876870] [centerline_scan_node]: Mode=ALIGN_AISLE | x=-0.00, y=0.00, yaw=-0.00
[INFO] [1778710972.002925718] [centerline_scan_node]: Mode=ALIGN_AISLE | x=-0.00, y=0.00, yaw=-0.00
[INFO] [1778710972.105087140] [centerline_scan_node]: Mode=ALIGN_AISLE | x=-0.00, y=0.00, yaw=-0.00
[INFO] [1778710972.196735758] [centerline_scan_node]: Mode=ALIGN_AISLE | x=-0.00, y=0.00, yaw=-0.00
[INFO] [1778710972.296307879] [centerline_scan_node]: Mode=ALIGN_AISLE | x=-0.00, y=0.00, yaw=-0.00
[INFO] [1778710972.387297400] [centerline_scan_node]: Mode=ALIGN_AISLE | x=-0.00, y=0.00, yaw=-0.00
[INFO] [1778710972.492026810] [centerline_scan_node]: Mode=ALIGN_AISLE | x=-0.00, y=0.00, yaw=-0.00
[INFO] [1778710972.593394691] [centerline_scan_node]: Mode=ALIGN_AISLE | x=-0.00, y=0.00, yaw=-0.00
[INFO] [1778710972.687809952] [centerline_scan_node]: Mode=ALIGN_AISLE | x=-0.00, y=0.00, yaw=-0.00
[INFO] [1778710972.787464532] [centerline_scan_node]: Mode=ALIGN_AISLE | x=-0.00, y=0.00, yaw=-0.00
[INFO] [1778710972.889078478] [centerline_scan_node]: Mode=ALIGN_AISLE | x=-0.00, y=0.00, yaw=-0.00
[INFO] [1778710972.991467631] [centerline_scan_node]: Mode=ALIGN_AISLE | x=-0.00, y=0.00, yaw=-0.00
[INFO] [1778710973.098532525] [centerline_scan_node]: Mode=ALIGN_AISLE | x=-0.00, y=0.00, yaw=-0.00
[INFO] [1778710973.196323390] [centerline_scan_node]: Mode=ALIGN_AISLE | x=-0.00, y=0.00, yaw=-0.00
[INFO] [1778710973.325842339] [centerline_scan_node]: Mode=ALIGN_AISLE | x=-0.00, y=0.00, yaw=-0.00
[INFO] [1778710973.395975571] [centerline_scan_node]: Mode=ALIGN_AISLE | x=-0.00, y=0.00, yaw=-0.00
[INFO] [1778710973.491991676] [centerline_scan_node]: Mode=ALIGN_AISLE | x=-0.00, y=0.00, yaw=-0.00
[INFO] [1778710973.590149706] [centerline_scan_node]: Mode=ALIGN_AISLE | x=-0.00, y=0.00, yaw=-0.00
[INFO] [1778710973.687672703] [centerline_scan_node]: Mode=ALIGN_AISLE | x=-0.00, y=0.00, yaw=-0.00
[INFO] [1778710973.786928722] [centerline_scan_node]: Mode=ALIGN_AISLE | x=-0.00, y=0.00, yaw=-0.00
[INFO] [1778710973.894010963] [centerline_scan_node]: Mode=ALIGN_AISLE | x=-0.00, y=0.00, yaw=-0.00
[INFO] [1778710973.987563216] [centerline_scan_node]: Mode=ALIGN_AISLE | x=-0.00, y=0.00, yaw=-0.00
[INFO] [1778710974.090468668] [centerline_scan_node]: Mode=ALIGN_AISLE | x=-0.00, y=0.00, yaw=-0.00
[INFO] [1778710974.187841929] [centerline_scan_node]: Mode=ALIGN_AISLE | x=-0.00, y=0.00, yaw=-0.00
[INFO] [1778710974.294811868] [centerline_scan_node]: Mode=ALIGN_AISLE | x=-0.00, y=0.00, yaw=-0.00
[INFO] [1778710974.397433009] [centerline_scan_node]: Mode=ALIGN_AISLE | x=-0.00, y=0.00, yaw=-0.00
[INFO] [1778710974.488720346] [centerline_scan_node]: Mode=ALIGN_AISLE | x=-0.00, y=0.00, yaw=-0.00
[INFO] [1778710974.586790760] [centerline_scan_node]: Mode=ALIGN_AISLE | x=-0.00, y=0.00, yaw=-0.00
[INFO] [1778710974.688178381] [centerline_scan_node]: Mode=ALIGN_AISLE | x=-0.00, y=0.00, yaw=-0.00
[INFO] [1778710974.793184867] [centerline_scan_node]: Mode=ALIGN_AISLE | x=-0.00, y=0.00, yaw=-0.00
[INFO] [1778710974.888276806] [centerline_scan_node]: Mode=ALIGN_AISLE | x=-0.00, y=0.00, yaw=-0.00
[INFO] [1778710974.990470535] [centerline_scan_node]: Mode=ALIGN_AISLE | x=-0.00, y=0.00, yaw=-0.00
[INFO] [1778710975.089296853] [centerline_scan_node]: Mode=ALIGN_AISLE | x=-0.00, y=0.00, yaw=-0.00
[INFO] [1778710975.188192354] [centerline_scan_node]: Mode=ALIGN_AISLE | x=-0.00, y=0.00, yaw=-0.00
[INFO] [1778710975.300372731] [centerline_scan_node]: Mode=ALIGN_AISLE | x=-0.00, y=0.00, yaw=-0.00
[INFO] [1778710975.392303955] [centerline_scan_node]: Mode=ALIGN_AISLE | x=-0.00, y=0.00, yaw=-0.00
[INFO] [1778710975.490367143] [centerline_scan_node]: Mode=ALIGN_AISLE | x=-0.00, y=0.00, yaw=-0.00
[INFO] [1778710975.586333271] [centerline_scan_node]: Mode=ALIGN_AISLE | x=-0.00, y=0.00, yaw=-0.00
[INFO] [1778710975.691737148] [centerline_scan_node]: Mode=ALIGN_AISLE | x=-0.00, y=0.00, yaw=-0.00
[INFO] [1778710975.789554686] [centerline_scan_node]: Mode=ALIGN_AISLE | x=-0.00, y=0.00, yaw=-0.00
[INFO] [1778710975.891399390] [centerline_scan_node]: Mode=ALIGN_AISLE | x=-0.00, y=0.00, yaw=-0.00
[INFO] [1778710975.987854651] [centerline_scan_node]: Mode=ALIGN_AISLE | x=-0.00, y=0.00, yaw=-0.00
[INFO] [1778710976.097584977] [centerline_scan_node]: Mode=ALIGN_AISLE | x=-0.00, y=0.00, yaw=-0.00
[INFO] [1778710976.188680428] [centerline_scan_node]: Mode=ALIGN_AISLE | x=-0.00, y=0.00, yaw=-0.00
[INFO] [1778710976.290254068] [centerline_scan_node]: Mode=ALIGN_AISLE | x=-0.00, y=0.00, yaw=-0.00
[INFO] [1778710976.389829652] [centerline_scan_node]: Mode=ALIGN_AISLE | x=-0.00, y=0.00, yaw=-0.00
[INFO] [1778710976.498359494] [centerline_scan_node]: Mode=ALIGN_AISLE | x=-0.00, y=0.00, yaw=-0.00
[INFO] [1778710976.594872991] [centerline_scan_node]: Mode=ALIGN_AISLE | x=-0.00, y=0.00, yaw=-0.00
[INFO] [1778710976.688660544] [centerline_scan_node]: Mode=ALIGN_AISLE | x=-0.00, y=0.00, yaw=-0.00
[INFO] [1778710976.787579161] [centerline_scan_node]: Mode=ALIGN_AISLE | x=-0.00, y=0.00, yaw=-0.00
[INFO] [1778710976.901534769] [centerline_scan_node]: Mode=ALIGN_AISLE | x=-0.00, y=0.00, yaw=-0.00
[INFO] [1778710976.993043799] [centerline_scan_node]: Mode=ALIGN_AISLE | x=-0.00, y=0.00, yaw=-0.00
[INFO] [1778710977.089893605] [centerline_scan_node]: Mode=ALIGN_AISLE | x=-0.00, y=0.00, yaw=-0.00
[INFO] [1778710977.192483782] [centerline_scan_node]: Mode=ALIGN_AISLE | x=-0.00, y=0.00, yaw=-0.00
[INFO] [1778710977.296298837] [centerline_scan_node]: Mode=ALIGN_AISLE | x=-0.00, y=0.00, yaw=-0.00
[INFO] [1778710977.386234549] [centerline_scan_node]: Mode=ALIGN_AISLE | x=-0.00, y=0.00, yaw=-0.00
[INFO] [1778710977.491095342] [centerline_scan_node]: Mode=ALIGN_AISLE | x=-0.00, y=0.00, yaw=-0.00
[INFO] [1778710977.586475421] [centerline_scan_node]: Mode=ALIGN_AISLE | x=-0.00, y=0.00, yaw=-0.00
[INFO] [1778710977.697014620] [centerline_scan_node]: Mode=ALIGN_AISLE | x=-0.00, y=0.00, yaw=-0.00
[INFO] [1778710977.795521609] [centerline_scan_node]: Mode=ALIGN_AISLE | x=-0.00, y=0.00, yaw=-0.00
[INFO] [1778710977.889026188] [centerline_scan_node]: Mode=ALIGN_AISLE | x=-0.00, y=0.00, yaw=-0.00
[INFO] [1778710977.993103285] [centerline_scan_node]: Mode=ALIGN_AISLE | x=-0.00, y=0.00, yaw=-0.00
[INFO] [1778710978.095572072] [centerline_scan_node]: Mode=ALIGN_AISLE | x=-0.00, y=0.00, yaw=-0.00
[INFO] [1778710978.188035345] [centerline_scan_node]: Mode=ALIGN_AISLE | x=-0.00, y=0.00, yaw=-0.00
[INFO] [1778710978.288117404] [centerline_scan_node]: Mode=ALIGN_AISLE | x=-0.00, y=0.00, yaw=-0.00
[INFO] [1778710978.400466145] [centerline_scan_node]: Mode=ALIGN_AISLE | x=-0.00, y=0.00, yaw=-0.00
[INFO] [1778710978.489377914] [centerline_scan_node]: Mode=ALIGN_AISLE | x=-0.00, y=0.00, yaw=-0.00
[INFO] [1778710978.593278662] [centerline_scan_node]: Mode=ALIGN_AISLE | x=-0.00, y=0.00, yaw=-0.00
[INFO] [1778710978.688002480] [centerline_scan_node]: Mode=ALIGN_AISLE | x=-0.00, y=0.00, yaw=-0.00
[INFO] [1778710978.797804881] [centerline_scan_node]: Mode=ALIGN_AISLE | x=-0.00, y=0.00, yaw=-0.00
[INFO] [1778710978.887681887] [centerline_scan_node]: Mode=ALIGN_AISLE | x=-0.00, y=0.00, yaw=-0.00
[INFO] [1778710978.987201723] [centerline_scan_node]: Mode=ALIGN_AISLE | x=-0.00, y=0.00, yaw=-0.00
[INFO] [1778710979.089420639] [centerline_scan_node]: Mode=ALIGN_AISLE | x=-0.00, y=0.00, yaw=-0.00
[INFO] [1778710979.192422182] [centerline_scan_node]: Mode=ALIGN_AISLE | x=-0.00, y=0.00, yaw=-0.00
[INFO] [1778710979.288047946] [centerline_scan_node]: Mode=ALIGN_AISLE | x=-0.00, y=0.00, yaw=-0.00
[INFO] [1778710979.386972400] [centerline_scan_node]: Mode=ALIGN_AISLE | x=-0.00, y=0.00, yaw=-0.00
[INFO] [1778710979.487500169] [centerline_scan_node]: Mode=ALIGN_AISLE | x=-0.00, y=0.00, yaw=-0.00
[INFO] [1778710979.606788511] [centerline_scan_node]: Mode=ALIGN_AISLE | x=-0.00, y=0.00, yaw=-0.00
[INFO] [1778710979.694651378] [centerline_scan_node]: Mode=ALIGN_AISLE | x=-0.00, y=0.00, yaw=-0.00
[INFO] [1778710979.787635533] [centerline_scan_node]: Mode=ALIGN_AISLE | x=-0.00, y=0.00, yaw=-0.00
[INFO] [1778710979.887391374] [centerline_scan_node]: Mode=ALIGN_AISLE | x=-0.00, y=0.00, yaw=-0.00
[INFO] [1778710979.993483682] [centerline_scan_node]: Mode=ALIGN_AISLE | x=-0.00, y=0.00, yaw=-0.00
[INFO] [1778710980.097719249] [centerline_scan_node]: Mode=ALIGN_AISLE | x=-0.00, y=0.00, yaw=-0.00
[INFO] [1778710980.191341810] [centerline_scan_node]: Mode=ALIGN_AISLE | x=-0.00, y=0.00, yaw=-0.00
[INFO] [1778710980.292416439] [centerline_scan_node]: Mode=ALIGN_AISLE | x=-0.00, y=0.00, yaw=-0.00
[INFO] [1778710980.390313438] [centerline_scan_node]: Mode=ALIGN_AISLE | x=-0.00, y=0.00, yaw=-0.00
[INFO] [1778710980.500069527] [centerline_scan_node]: Mode=ALIGN_AISLE | x=-0.00, y=0.00, yaw=-0.00
[INFO] [1778710980.588519247] [centerline_scan_node]: Mode=ALIGN_AISLE | x=-0.00, y=0.00, yaw=-0.00
[INFO] [1778710980.691640971] [centerline_scan_node]: Mode=ALIGN_AISLE | x=-0.00, y=0.00, yaw=-0.00
[INFO] [1778710980.787847857] [centerline_scan_node]: Mode=ALIGN_AISLE | x=-0.00, y=0.00, yaw=-0.00
[INFO] [1778710980.897999033] [centerline_scan_node]: Mode=ALIGN_AISLE | x=-0.00, y=0.00, yaw=-0.00
[INFO] [1778710980.992202152] [centerline_scan_node]: Mode=ALIGN_AISLE | x=-0.00, y=0.00, yaw=-0.00
[INFO] [1778710981.753641487] [centerline_scan_node]: Mode=ALIGN_AISLE | x=-0.00, y=0.00, yaw=-0.00
[INFO] [1778710981.796600198] [centerline_scan_node]: Mode=ALIGN_AISLE | x=-0.00, y=0.00, yaw=-0.00
[INFO] [1778710981.887780239] [centerline_scan_node]: Mode=ALIGN_AISLE | x=-0.00, y=0.00, yaw=-0.00
[INFO] [1778710981.991245683] [centerline_scan_node]: Mode=ALIGN_AISLE | x=-0.00, y=0.00, yaw=-0.00
[INFO] [1778710982.088621630] [centerline_scan_node]: Mode=ALIGN_AISLE | x=-0.00, y=0.00, yaw=-0.00
[INFO] [1778710982.186551852] [centerline_scan_node]: Mode=ALIGN_AISLE | x=-0.00, y=0.00, yaw=-0.00
[INFO] [1778710982.294019713] [centerline_scan_node]: Mode=ALIGN_AISLE | x=-0.00, y=0.00, yaw=-0.00
[INFO] [1778710982.389006496] [centerline_scan_node]: Mode=ALIGN_AISLE | x=-0.00, y=0.00, yaw=-0.00
[INFO] [1778710982.488690052] [centerline_scan_node]: Mode=ALIGN_AISLE | x=-0.00, y=0.00, yaw=-0.00
[INFO] [1778710982.590982974] [centerline_scan_node]: Mode=ALIGN_AISLE | x=-0.00, y=0.00, yaw=-0.00
[INFO] [1778710982.688912515] [centerline_scan_node]: Mode=ALIGN_AISLE | x=-0.00, y=0.00, yaw=-0.00
[INFO] [1778710982.788706033] [centerline_scan_node]: Mode=ALIGN_AISLE | x=-0.00, y=0.00, yaw=-0.00
[INFO] [1778710982.888912267] [centerline_scan_node]: Mode=ALIGN_AISLE | x=-0.00, y=0.00, yaw=-0.00
[INFO] [1778710982.994045947] [centerline_scan_node]: Mode=ALIGN_AISLE | x=-0.00, y=0.00, yaw=-0.00
[INFO] [1778710983.089622540] [centerline_scan_node]: Mode=ALIGN_AISLE | x=-0.00, y=0.00, yaw=-0.00
[INFO] [1778710983.188551044] [centerline_scan_node]: Mode=ALIGN_AISLE | x=-0.00, y=0.00, yaw=-0.00
[INFO] [1778710983.286943264] [centerline_scan_node]: Mode=ALIGN_AISLE | x=-0.00, y=0.00, yaw=-0.00
[INFO] [1778710983.390942841] [centerline_scan_node]: Mode=ALIGN_AISLE | x=-0.00, y=0.00, yaw=-0.00
[INFO] [1778710983.488150306] [centerline_scan_node]: Mode=ALIGN_AISLE | x=-0.00, y=0.00, yaw=-0.00
[INFO] [1778710983.586114653] [centerline_scan_node]: Mode=ALIGN_AISLE | x=-0.00, y=0.00, yaw=-0.00
[INFO] [1778710983.699120926] [centerline_scan_node]: Mode=ALIGN_AISLE | x=-0.00, y=0.00, yaw=-0.00
[INFO] [1778710983.800446418] [centerline_scan_node]: Mode=ALIGN_AISLE | x=-0.00, y=0.00, yaw=-0.00
[INFO] [1778710983.887673640] [centerline_scan_node]: Mode=ALIGN_AISLE | x=-0.00, y=0.00, yaw=-0.00
[INFO] [1778710983.994657875] [centerline_scan_node]: Mode=ALIGN_AISLE | x=-0.00, y=0.00, yaw=-0.00
[INFO] [1778710984.087523055] [centerline_scan_node]: Mode=ALIGN_AISLE | x=-0.00, y=0.00, yaw=-0.00
[INFO] [1778710984.194771373] [centerline_scan_node]: Mode=ALIGN_AISLE | x=-0.00, y=0.00, yaw=-0.00
[INFO] [1778710984.291769370] [centerline_scan_node]: Mode=ALIGN_AISLE | x=-0.00, y=0.00, yaw=-0.00
[INFO] [1778710984.387300964] [centerline_scan_node]: Mode=ALIGN_AISLE | x=-0.00, y=0.00, yaw=-0.00
[INFO] [1778710984.490516722] [centerline_scan_node]: Mode=ALIGN_AISLE | x=-0.00, y=0.00, yaw=-0.00
[INFO] [1778710984.589882202] [centerline_scan_node]: Mode=ALIGN_AISLE | x=-0.00, y=0.00, yaw=-0.00
[INFO] [1778710984.690972541] [centerline_scan_node]: Mode=ALIGN_AISLE | x=-0.00, y=0.00, yaw=-0.00
[INFO] [1778710984.788828799] [centerline_scan_node]: Mode=ALIGN_AISLE | x=-0.00, y=0.00, yaw=-0.00
[INFO] [1778710984.886351752] [centerline_scan_node]: Mode=ALIGN_AISLE | x=-0.00, y=0.00, yaw=-0.00
[INFO] [1778710985.000556430] [centerline_scan_node]: Mode=ALIGN_AISLE | x=-0.00, y=0.00, yaw=-0.00
[INFO] [1778710985.090340287] [centerline_scan_node]: Mode=ALIGN_AISLE | x=-0.00, y=0.00, yaw=-0.00
[INFO] [1778710985.186550706] [centerline_scan_node]: Mode=ALIGN_AISLE | x=-0.00, y=0.00, yaw=-0.00
[INFO] [1778710985.296793210] [centerline_scan_node]: Mode=ALIGN_AISLE | x=-0.00, y=0.00, yaw=-0.00
[INFO] [1778710985.391634303] [centerline_scan_node]: Mode=ALIGN_AISLE | x=-0.00, y=0.00, yaw=-0.00
[INFO] [1778710985.488962603] [centerline_scan_node]: Mode=ALIGN_AISLE | x=-0.00, y=0.00, yaw=-0.00
[INFO] [1778710985.589619699] [centerline_scan_node]: Mode=ALIGN_AISLE | x=-0.00, y=0.00, yaw=-0.00
[INFO] [1778710985.687488290] [centerline_scan_node]: Mode=ALIGN_AISLE | x=-0.00, y=0.00, yaw=-0.00
[INFO] [1778710985.794196429] [centerline_scan_node]: Mode=ALIGN_AISLE | x=-0.00, y=0.00, yaw=-0.00
[INFO] [1778710985.886200023] [centerline_scan_node]: Mode=ALIGN_AISLE | x=-0.00, y=0.00, yaw=-0.00
[INFO] [1778710985.989188502] [centerline_scan_node]: Mode=ALIGN_AISLE | x=-0.00, y=0.00, yaw=-0.00
[INFO] [1778710986.085348457] [centerline_scan_node]: Mode=ALIGN_AISLE | x=-0.00, y=0.00, yaw=-0.00
[INFO] [1778710986.191302930] [centerline_scan_node]: Mode=ALIGN_AISLE | x=-0.00, y=0.00, yaw=-0.00
[INFO] [1778710986.286297687] [centerline_scan_node]: Mode=ALIGN_AISLE | x=-0.00, y=0.00, yaw=-0.00
[INFO] [1778710986.398498100] [centerline_scan_node]: Mode=ALIGN_AISLE | x=-0.00, y=0.00, yaw=-0.00
[INFO] [1778710986.486505161] [centerline_scan_node]: Mode=ALIGN_AISLE | x=-0.00, y=0.00, yaw=-0.00
[INFO] [1778710986.585872709] [centerline_scan_node]: Mode=ALIGN_AISLE | x=-0.00, y=0.00, yaw=-0.00
[INFO] [1778710986.690396903] [centerline_scan_node]: Mode=ALIGN_AISLE | x=-0.00, y=0.00, yaw=-0.00
[INFO] [1778710986.800048809] [centerline_scan_node]: Mode=ALIGN_AISLE | x=-0.00, y=0.00, yaw=-0.00
[INFO] [1778710986.888727985] [centerline_scan_node]: Mode=ALIGN_AISLE | x=-0.00, y=0.00, yaw=-0.00
[INFO] [1778710986.988896528] [centerline_scan_node]: Mode=ALIGN_AISLE | x=-0.00, y=0.00, yaw=-0.00
[INFO] [1778710987.097295206] [centerline_scan_node]: Mode=ALIGN_AISLE | x=-0.00, y=0.00, yaw=-0.00
[INFO] [1778710987.191702813] [centerline_scan_node]: Mode=ALIGN_AISLE | x=-0.00, y=0.00, yaw=-0.00
[INFO] [1778710987.286791605] [centerline_scan_node]: Mode=ALIGN_AISLE | x=-0.00, y=0.00, yaw=-0.00
[INFO] [1778710987.388983969] [centerline_scan_node]: Mode=ALIGN_AISLE | x=-0.00, y=0.00, yaw=-0.00
[INFO] [1778710987.494646090] [centerline_scan_node]: Mode=ALIGN_AISLE | x=-0.00, y=0.00, yaw=-0.00
[INFO] [1778710987.587442305] [centerline_scan_node]: Mode=ALIGN_AISLE | x=-0.00, y=0.00, yaw=-0.00
[INFO] [1778710987.685416227] [centerline_scan_node]: Mode=ALIGN_AISLE | x=-0.00, y=0.00, yaw=-0.00
[INFO] [1778710987.786824334] [centerline_scan_node]: Mode=ALIGN_AISLE | x=-0.00, y=0.00, yaw=-0.00
[INFO] [1778710987.891720395] [centerline_scan_node]: Mode=ALIGN_AISLE | x=-0.00, y=0.00, yaw=-0.00
[INFO] [1778710987.985009172] [centerline_scan_node]: Mode=ALIGN_AISLE | x=-0.00, y=0.00, yaw=-0.00
[INFO] [1778710988.098126059] [centerline_scan_node]: Mode=ALIGN_AISLE | x=-0.00, y=0.00, yaw=-0.00
[INFO] [1778710988.186476496] [centerline_scan_node]: Mode=ALIGN_AISLE | x=-0.00, y=0.00, yaw=-0.00
[INFO] [1778710988.291284930] [centerline_scan_node]: Mode=ALIGN_AISLE | x=-0.00, y=0.00, yaw=-0.00
[INFO] [1778710988.391482780] [centerline_scan_node]: Mode=ALIGN_AISLE | x=-0.00, y=0.00, yaw=-0.00
[INFO] [1778710988.488312875] [centerline_scan_node]: Mode=ALIGN_AISLE | x=-0.00, y=0.00, yaw=-0.00
[INFO] [1778710988.596161119] [centerline_scan_node]: Mode=ALIGN_AISLE | x=-0.00, y=0.00, yaw=-0.00
[INFO] [1778710988.699460994] [centerline_scan_node]: Mode=ALIGN_AISLE | x=-0.00, y=0.00, yaw=-0.00
[INFO] [1778710988.788520479] [centerline_scan_node]: Mode=ALIGN_AISLE | x=-0.00, y=0.00, yaw=-0.00
[INFO] [1778710988.888687750] [centerline_scan_node]: Mode=ALIGN_AISLE | x=-0.00, y=0.00, yaw=-0.00
[INFO] [1778710988.988532417] [centerline_scan_node]: Mode=ALIGN_AISLE | x=-0.00, y=0.00, yaw=-0.00
[INFO] [1778710989.094779898] [centerline_scan_node]: Mode=ALIGN_AISLE | x=-0.00, y=0.00, yaw=-0.00
[INFO] [1778710989.190347813] [centerline_scan_node]: Mode=ALIGN_AISLE | x=-0.00, y=0.00, yaw=-0.00
[INFO] [1778710989.291201495] [centerline_scan_node]: Mode=ALIGN_AISLE | x=-0.00, y=0.00, yaw=-0.00
[INFO] [1778710989.396491441] [centerline_scan_node]: Mode=ALIGN_AISLE | x=-0.00, y=0.00, yaw=-0.00
[INFO] [1778710989.496996890] [centerline_scan_node]: Mode=ALIGN_AISLE | x=-0.00, y=0.00, yaw=-0.00
[INFO] [1778710989.586699225] [centerline_scan_node]: Mode=ALIGN_AISLE | x=-0.00, y=0.00, yaw=-0.00
[INFO] [1778710989.696297737] [centerline_scan_node]: Mode=ALIGN_AISLE | x=-0.00, y=0.00, yaw=-0.00
[INFO] [1778710989.786628414] [centerline_scan_node]: Mode=ALIGN_AISLE | x=-0.00, y=0.00, yaw=-0.00
[INFO] [1778710989.888831426] [centerline_scan_node]: Mode=ALIGN_AISLE | x=-0.00, y=0.00, yaw=-0.00
[INFO] [1778710989.987954409] [centerline_scan_node]: Mode=ALIGN_AISLE | x=-0.00, y=0.00, yaw=-0.00
[INFO] [1778710990.088297877] [centerline_scan_node]: Mode=ALIGN_AISLE | x=-0.00, y=0.00, yaw=-0.00
[INFO] [1778710990.200589833] [centerline_scan_node]: Mode=ALIGN_AISLE | x=-0.00, y=0.00, yaw=-0.00
[INFO] [1778710990.290854628] [centerline_scan_node]: Mode=ALIGN_AISLE | x=-0.00, y=0.00, yaw=-0.00
[INFO] [1778710990.392447807] [centerline_scan_node]: Mode=ALIGN_AISLE | x=-0.00, y=0.00, yaw=-0.00
[INFO] [1778710990.487221173] [centerline_scan_node]: Mode=ALIGN_AISLE | x=-0.00, y=0.00, yaw=-0.00
[INFO] [1778710990.586408294] [centerline_scan_node]: Mode=ALIGN_AISLE | x=-0.00, y=0.00, yaw=-0.00
[INFO] [1778710990.688990639] [centerline_scan_node]: Mode=ALIGN_AISLE | x=-0.00, y=0.00, yaw=-0.00
[INFO] [1778710990.787750884] [centerline_scan_node]: Mode=ALIGN_AISLE | x=-0.00, y=0.00, yaw=-0.00
[INFO] [1778710990.894676212] [centerline_scan_node]: Mode=ALIGN_AISLE | x=-0.00, y=0.00, yaw=-0.00
[INFO] [1778710990.993284315] [centerline_scan_node]: Mode=ALIGN_AISLE | x=-0.00, y=0.00, yaw=-0.00
[INFO] [1778710991.088823321] [centerline_scan_node]: Mode=ALIGN_AISLE | x=-0.00, y=0.00, yaw=-0.00
[INFO] [1778710991.186944002] [centerline_scan_node]: Mode=ALIGN_AISLE | x=-0.00, y=0.00, yaw=-0.00
[INFO] [1778710991.289234553] [centerline_scan_node]: Mode=ALIGN_AISLE | x=-0.00, y=0.00, yaw=-0.00
[INFO] [1778710991.392562183] [centerline_scan_node]: Mode=ALIGN_AISLE | x=-0.00, y=0.00, yaw=-0.00
[INFO] [1778710991.489389099] [centerline_scan_node]: Mode=ALIGN_AISLE | x=-0.00, y=0.00, yaw=-0.00
[INFO] [1778710991.589052429] [centerline_scan_node]: Mode=ALIGN_AISLE | x=-0.00, y=0.00, yaw=-0.00
[INFO] [1778710991.688992583] [centerline_scan_node]: Mode=ALIGN_AISLE | x=-0.00, y=0.00, yaw=-0.00
[INFO] [1778710991.784835907] [centerline_scan_node]: Mode=ALIGN_AISLE | x=-0.00, y=0.00, yaw=-0.00
[INFO] [1778710991.895752302] [centerline_scan_node]: Mode=ALIGN_AISLE | x=-0.00, y=0.00, yaw=-0.00
[INFO] [1778710991.987673484] [centerline_scan_node]: Mode=ALIGN_AISLE | x=-0.00, y=0.00, yaw=-0.00
[INFO] [1778710992.094433172] [centerline_scan_node]: Mode=ALIGN_AISLE | x=-0.00, y=0.00, yaw=-0.00
[INFO] [1778710992.187940575] [centerline_scan_node]: Mode=ALIGN_AISLE | x=-0.00, y=0.00, yaw=-0.00
[INFO] [1778710992.286739151] [centerline_scan_node]: Mode=ALIGN_AISLE | x=-0.00, y=0.00, yaw=-0.00
[INFO] [1778710992.395118687] [centerline_scan_node]: Mode=ALIGN_AISLE | x=-0.00, y=0.00, yaw=-0.00
[INFO] [1778710992.489373938] [centerline_scan_node]: Mode=ALIGN_AISLE | x=-0.00, y=0.00, yaw=-0.00
[INFO] [1778710992.585969339] [centerline_scan_node]: Mode=ALIGN_AISLE | x=-0.00, y=0.00, yaw=-0.00
[INFO] [1778710992.687814473] [centerline_scan_node]: Mode=ALIGN_AISLE | x=-0.00, y=0.00, yaw=-0.00
[INFO] [1778710992.786499453] [centerline_scan_node]: Mode=ALIGN_AISLE | x=-0.00, y=0.00, yaw=-0.00
[INFO] [1778710992.887699053] [centerline_scan_node]: Mode=ALIGN_AISLE | x=-0.00, y=0.00, yaw=-0.00
[INFO] [1778710992.985180225] [centerline_scan_node]: Mode=ALIGN_AISLE | x=-0.00, y=0.00, yaw=-0.00
[INFO] [1778710993.097572050] [centerline_scan_node]: Mode=ALIGN_AISLE | x=-0.00, y=0.00, yaw=-0.00
[INFO] [1778710993.187634306] [centerline_scan_node]: Mode=ALIGN_AISLE | x=-0.00, y=0.00, yaw=-0.00
[INFO] [1778710993.286736012] [centerline_scan_node]: Mode=ALIGN_AISLE | x=-0.00, y=0.00, yaw=-0.00
[INFO] [1778710993.398286934] [centerline_scan_node]: Mode=ALIGN_AISLE | x=-0.00, y=0.00, yaw=-0.00
[INFO] [1778710993.486726289] [centerline_scan_node]: Mode=ALIGN_AISLE | x=-0.00, y=0.00, yaw=-0.00
[INFO] [1778710993.587651975] [centerline_scan_node]: Mode=ALIGN_AISLE | x=-0.00, y=0.00, yaw=-0.00
[INFO] [1778710993.687748380] [centerline_scan_node]: Mode=ALIGN_AISLE | x=-0.00, y=0.00, yaw=-0.00
[INFO] [1778710993.794324340] [centerline_scan_node]: Mode=ALIGN_AISLE | x=-0.00, y=0.00, yaw=-0.00
[INFO] [1778710993.891999983] [centerline_scan_node]: Mode=ALIGN_AISLE | x=-0.00, y=0.00, yaw=-0.00
[INFO] [1778710993.992091521] [centerline_scan_node]: Mode=ALIGN_AISLE | x=-0.00, y=0.00, yaw=-0.00
[INFO] [1778710994.090142473] [centerline_scan_node]: Mode=ALIGN_AISLE | x=-0.00, y=0.00, yaw=-0.00
[INFO] [1778710994.190681011] [centerline_scan_node]: Mode=ALIGN_AISLE | x=-0.00, y=0.00, yaw=-0.00
[INFO] [1778710994.289772414] [centerline_scan_node]: Mode=ALIGN_AISLE | x=-0.00, y=0.00, yaw=-0.00
[INFO] [1778710994.392969496] [centerline_scan_node]: Mode=ALIGN_AISLE | x=-0.00, y=0.00, yaw=-0.00
[INFO] [1778710994.514506760] [centerline_scan_node]: Mode=ALIGN_AISLE | x=-0.00, y=0.00, yaw=-0.00
[INFO] [1778710994.589006084] [centerline_scan_node]: Mode=ALIGN_AISLE | x=-0.00, y=0.00, yaw=-0.00
[INFO] [1778710994.688623079] [centerline_scan_node]: Mode=ALIGN_AISLE | x=-0.00, y=0.00, yaw=-0.00
[INFO] [1778710994.792537894] [centerline_scan_node]: Mode=ALIGN_AISLE | x=-0.00, y=0.00, yaw=-0.00
[INFO] [1778710994.891928052] [centerline_scan_node]: Mode=ALIGN_AISLE | x=-0.00, y=0.00, yaw=-0.00
[INFO] [1778710994.987202363] [centerline_scan_node]: Mode=ALIGN_AISLE | x=-0.00, y=0.00, yaw=-0.00
[INFO] [1778710995.094448705] [centerline_scan_node]: Mode=ALIGN_AISLE | x=-0.00, y=0.00, yaw=-0.00
[INFO] [1778710995.189288351] [centerline_scan_node]: Mode=ALIGN_AISLE | x=-0.00, y=0.00, yaw=-0.00
[INFO] [1778710995.286881455] [centerline_scan_node]: Mode=ALIGN_AISLE | x=-0.00, y=0.00, yaw=-0.00
[INFO] [1778710995.396693213] [centerline_scan_node]: Mode=ALIGN_AISLE | x=-0.00, y=0.00, yaw=-0.00
[INFO] [1778710995.497937455] [centerline_scan_node]: Mode=ALIGN_AISLE | x=-0.00, y=0.00, yaw=-0.00
[INFO] [1778710995.601054857] [centerline_scan_node]: Mode=ALIGN_AISLE | x=-0.00, y=0.00, yaw=-0.00
[INFO] [1778710995.687203285] [centerline_scan_node]: Mode=ALIGN_AISLE | x=-0.00, y=0.00, yaw=-0.00
[INFO] [1778710995.785099748] [centerline_scan_node]: Mode=ALIGN_AISLE | x=-0.00, y=0.00, yaw=-0.00
[INFO] [1778710995.901180227] [centerline_scan_node]: Mode=ALIGN_AISLE | x=-0.00, y=0.00, yaw=-0.00
[INFO] [1778710995.993868768] [centerline_scan_node]: Mode=ALIGN_AISLE | x=-0.00, y=0.00, yaw=-0.00
[INFO] [1778710996.086985296] [centerline_scan_node]: Mode=ALIGN_AISLE | x=-0.00, y=0.00, yaw=-0.00
[INFO] [1778710996.188677865] [centerline_scan_node]: Mode=ALIGN_AISLE | x=-0.00, y=0.00, yaw=-0.00
[INFO] [1778710996.293619572] [centerline_scan_node]: Mode=ALIGN_AISLE | x=-0.00, y=0.00, yaw=-0.00
[INFO] [1778710996.388204756] [centerline_scan_node]: Mode=ALIGN_AISLE | x=-0.00, y=0.00, yaw=-0.00
[INFO] [1778710996.490916122] [centerline_scan_node]: Mode=ALIGN_AISLE | x=-0.00, y=0.00, yaw=-0.00
[INFO] [1778710996.596623007] [centerline_scan_node]: Mode=ALIGN_AISLE | x=-0.00, y=0.00, yaw=-0.00
[INFO] [1778710996.695788733] [centerline_scan_node]: Mode=ALIGN_AISLE | x=-0.00, y=0.00, yaw=-0.00
[INFO] [1778710996.795116246] [centerline_scan_node]: Mode=ALIGN_AISLE | x=-0.00, y=0.00, yaw=-0.00
[INFO] [1778710996.888015333] [centerline_scan_node]: Mode=ALIGN_AISLE | x=-0.00, y=0.00, yaw=-0.00
[INFO] [1778710996.989796622] [centerline_scan_node]: Mode=ALIGN_AISLE | x=-0.00, y=0.00, yaw=-0.00
[INFO] [1778710997.090502381] [centerline_scan_node]: Mode=ALIGN_AISLE | x=-0.00, y=0.00, yaw=-0.00
[INFO] [1778710997.192435660] [centerline_scan_node]: Mode=ALIGN_AISLE | x=-0.00, y=0.00, yaw=-0.00
[INFO] [1778710997.291740806] [centerline_scan_node]: Mode=ALIGN_AISLE | x=-0.00, y=0.00, yaw=-0.00
[INFO] [1778710997.389911804] [centerline_scan_node]: Mode=ALIGN_AISLE | x=-0.00, y=0.00, yaw=-0.00
[INFO] [1778710997.491494070] [centerline_scan_node]: Mode=ALIGN_AISLE | x=-0.00, y=0.00, yaw=-0.00
[INFO] [1778710997.589802792] [centerline_scan_node]: Mode=ALIGN_AISLE | x=-0.00, y=0.00, yaw=-0.00
[INFO] [1778710997.706207761] [centerline_scan_node]: Mode=ALIGN_AISLE | x=-0.00, y=0.00, yaw=-0.00
[INFO] [1778710997.790435837] [centerline_scan_node]: Mode=ALIGN_AISLE | x=-0.00, y=0.00, yaw=-0.00
[INFO] [1778710997.887995060] [centerline_scan_node]: Mode=ALIGN_AISLE | x=-0.00, y=0.00, yaw=-0.00
[INFO] [1778710997.994214787] [centerline_scan_node]: Mode=ALIGN_AISLE | x=-0.00, y=0.00, yaw=-0.00
[INFO] [1778710998.090482741] [centerline_scan_node]: Mode=ALIGN_AISLE | x=-0.00, y=0.00, yaw=-0.00
[INFO] [1778710998.199463595] [centerline_scan_node]: Mode=ALIGN_AISLE | x=-0.00, y=0.00, yaw=-0.00
[INFO] [1778710998.289341553] [centerline_scan_node]: Mode=ALIGN_AISLE | x=-0.00, y=0.00, yaw=-0.00
[INFO] [1778710998.391878096] [centerline_scan_node]: Mode=ALIGN_AISLE | x=-0.00, y=0.00, yaw=-0.00
[INFO] [1778710998.490236559] [centerline_scan_node]: Mode=ALIGN_AISLE | x=-0.00, y=0.00, yaw=-0.00
[INFO] [1778710998.601914867] [centerline_scan_node]: Mode=ALIGN_AISLE | x=-0.00, y=0.00, yaw=-0.00
[INFO] [1778710998.703437621] [centerline_scan_node]: Mode=ALIGN_AISLE | x=-0.00, y=0.00, yaw=-0.00
[INFO] [1778710998.809595180] [centerline_scan_node]: Mode=ALIGN_AISLE | x=-0.00, y=0.00, yaw=-0.00
[INFO] [1778710998.889388401] [centerline_scan_node]: Mode=ALIGN_AISLE | x=-0.00, y=0.00, yaw=-0.00
[INFO] [1778710998.993762723] [centerline_scan_node]: Mode=ALIGN_AISLE | x=-0.00, y=0.00, yaw=-0.00
[INFO] [1778710999.089561953] [centerline_scan_node]: Mode=ALIGN_AISLE | x=-0.00, y=0.00, yaw=-0.00
[INFO] [1778710999.190091733] [centerline_scan_node]: Mode=ALIGN_AISLE | x=-0.00, y=0.00, yaw=-0.00
[INFO] [1778710999.292080828] [centerline_scan_node]: Mode=ALIGN_AISLE | x=-0.00, y=0.00, yaw=-0.00
[INFO] [1778710999.388803732] [centerline_scan_node]: Mode=ALIGN_AISLE | x=-0.00, y=0.00, yaw=-0.00
[INFO] [1778710999.488736271] [centerline_scan_node]: Mode=ALIGN_AISLE | x=-0.00, y=0.00, yaw=-0.00
[INFO] [1778710999.600120526] [centerline_scan_node]: Mode=ALIGN_AISLE | x=-0.00, y=0.00, yaw=-0.00
[INFO] [1778710999.685698645] [centerline_scan_node]: Mode=ALIGN_AISLE | x=-0.00, y=0.00, yaw=-0.00
[INFO] [1778710999.792443316] [centerline_scan_node]: Mode=ALIGN_AISLE | x=-0.00, y=0.00, yaw=-0.00
[INFO] [1778710999.902611163] [centerline_scan_node]: Mode=ALIGN_AISLE | x=-0.00, y=0.00, yaw=-0.00
[INFO] [1778710999.990278993] [centerline_scan_node]: Mode=ALIGN_AISLE | x=-0.00, y=0.00, yaw=-0.00
[INFO] [1778711000.095191946] [centerline_scan_node]: Mode=ALIGN_AISLE | x=-0.00, y=0.00, yaw=-0.00
[INFO] [1778711000.193535629] [centerline_scan_node]: Mode=ALIGN_AISLE | x=-0.00, y=0.00, yaw=-0.00
[INFO] [1778711000.296436602] [centerline_scan_node]: Mode=ALIGN_AISLE | x=-0.00, y=0.00, yaw=-0.00
[INFO] [1778711000.390356018] [centerline_scan_node]: Mode=ALIGN_AISLE | x=-0.00, y=0.00, yaw=-0.00
[INFO] [1778711000.493123457] [centerline_scan_node]: Mode=ALIGN_AISLE | x=-0.00, y=0.00, yaw=-0.00
[INFO] [1778711000.586991052] [centerline_scan_node]: Mode=ALIGN_AISLE | x=-0.00, y=0.00, yaw=-0.00
[INFO] [1778711000.691709570] [centerline_scan_node]: Mode=ALIGN_AISLE | x=-0.00, y=0.00, yaw=-0.00
[INFO] [1778711000.797341960] [centerline_scan_node]: Mode=ALIGN_AISLE | x=-0.00, y=0.00, yaw=-0.00
[INFO] [1778711000.889529399] [centerline_scan_node]: Mode=ALIGN_AISLE | x=-0.00, y=0.00, yaw=-0.00
[INFO] [1778711000.987614433] [centerline_scan_node]: Mode=ALIGN_AISLE | x=-0.00, y=0.00, yaw=-0.00
[INFO] [1778711001.090849854] [centerline_scan_node]: Mode=ALIGN_AISLE | x=-0.00, y=0.00, yaw=-0.00
[INFO] [1778711001.208337582] [centerline_scan_node]: Mode=ALIGN_AISLE | x=-0.00, y=0.00, yaw=-0.00
[INFO] [1778711001.300710756] [centerline_scan_node]: Mode=ALIGN_AISLE | x=-0.00, y=0.00, yaw=-0.00
[INFO] [1778711001.386495272] [centerline_scan_node]: Mode=ALIGN_AISLE | x=-0.00, y=0.00, yaw=-0.00
[INFO] [1778711001.488614558] [centerline_scan_node]: Mode=ALIGN_AISLE | x=-0.00, y=0.00, yaw=-0.00
[INFO] [1778711001.590628028] [centerline_scan_node]: Mode=ALIGN_AISLE | x=-0.00, y=0.00, yaw=-0.00
[INFO] [1778711001.686702877] [centerline_scan_node]: Mode=ALIGN_AISLE | x=-0.00, y=0.00, yaw=-0.00
[INFO] [1778711001.793110461] [centerline_scan_node]: Mode=ALIGN_AISLE | x=-0.00, y=0.00, yaw=-0.00
[INFO] [1778711001.887032681] [centerline_scan_node]: Mode=ALIGN_AISLE | x=-0.00, y=0.00, yaw=-0.00
[INFO] [1778711001.987288572] [centerline_scan_node]: Mode=ALIGN_AISLE | x=-0.00, y=0.00, yaw=-0.00
[INFO] [1778711002.098229725] [centerline_scan_node]: Mode=ALIGN_AISLE | x=-0.00, y=0.00, yaw=-0.00
[INFO] [1778711002.204984397] [centerline_scan_node]: Mode=ALIGN_AISLE | x=-0.00, y=0.00, yaw=-0.00
[INFO] [1778711002.302094530] [centerline_scan_node]: Mode=ALIGN_AISLE | x=-0.00, y=0.00, yaw=-0.00
[INFO] [1778711002.392444434] [centerline_scan_node]: Mode=ALIGN_AISLE | x=-0.00, y=0.00, yaw=-0.00
[INFO] [1778711002.492839399] [centerline_scan_node]: Mode=ALIGN_AISLE | x=-0.00, y=0.00, yaw=-0.00
[INFO] [1778711002.589528125] [centerline_scan_node]: Mode=ALIGN_AISLE | x=-0.00, y=0.00, yaw=-0.00
[INFO] [1778711002.694308481] [centerline_scan_node]: Mode=ALIGN_AISLE | x=-0.00, y=0.00, yaw=-0.00
[INFO] [1778711002.793625350] [centerline_scan_node]: Mode=ALIGN_AISLE | x=-0.00, y=0.00, yaw=-0.00
[INFO] [1778711002.888093130] [centerline_scan_node]: Mode=ALIGN_AISLE | x=-0.00, y=0.00, yaw=-0.00
[INFO] [1778711002.991880342] [centerline_scan_node]: Mode=ALIGN_AISLE | x=-0.00, y=0.00, yaw=-0.00
[INFO] [1778711003.105616779] [centerline_scan_node]: Mode=ALIGN_AISLE | x=-0.00, y=0.00, yaw=-0.00
[INFO] [1778711003.201510390] [centerline_scan_node]: Mode=ALIGN_AISLE | x=-0.00, y=0.00, yaw=-0.00
[INFO] [1778711003.286942025] [centerline_scan_node]: Mode=ALIGN_AISLE | x=-0.00, y=0.00, yaw=-0.00
[INFO] [1778711003.391846659] [centerline_scan_node]: Mode=ALIGN_AISLE | x=-0.00, y=0.00, yaw=-0.00
[INFO] [1778711003.491136829] [centerline_scan_node]: Mode=ALIGN_AISLE | x=-0.00, y=0.00, yaw=-0.00
[INFO] [1778711003.590462091] [centerline_scan_node]: Mode=ALIGN_AISLE | x=-0.00, y=0.00, yaw=-0.00
[INFO] [1778711003.689923671] [centerline_scan_node]: Mode=ALIGN_AISLE | x=-0.00, y=0.00, yaw=-0.00
[INFO] [1778711003.796233669] [centerline_scan_node]: Mode=ALIGN_AISLE | x=-0.00, y=0.00, yaw=-0.00
[INFO] [1778711003.888735386] [centerline_scan_node]: Mode=ALIGN_AISLE | x=-0.00, y=0.00, yaw=-0.00
[INFO] [1778711003.990191636] [centerline_scan_node]: Mode=ALIGN_AISLE | x=-0.00, y=0.00, yaw=-0.00
[INFO] [1778711004.113938745] [centerline_scan_node]: Mode=ALIGN_AISLE | x=-0.00, y=0.00, yaw=-0.00
[INFO] [1778711004.198226656] [centerline_scan_node]: Mode=ALIGN_AISLE | x=-0.00, y=0.00, yaw=-0.00
[INFO] [1778711004.289705643] [centerline_scan_node]: Mode=ALIGN_AISLE | x=-0.00, y=0.00, yaw=-0.00
[INFO] [1778711004.404301313] [centerline_scan_node]: Mode=ALIGN_AISLE | x=-0.00, y=0.00, yaw=-0.00
[INFO] [1778711004.490315351] [centerline_scan_node]: Mode=ALIGN_AISLE | x=-0.00, y=0.00, yaw=-0.00
[INFO] [1778711004.586903641] [centerline_scan_node]: Mode=ALIGN_AISLE | x=-0.00, y=0.00, yaw=-0.00
[INFO] [1778711004.697528197] [centerline_scan_node]: Mode=ALIGN_AISLE | x=-0.00, y=0.00, yaw=-0.00
[INFO] [1778711004.794555887] [centerline_scan_node]: Mode=ALIGN_AISLE | x=-0.00, y=0.00, yaw=-0.00
[INFO] [1778711004.893564321] [centerline_scan_node]: Mode=ALIGN_AISLE | x=-0.00, y=0.00, yaw=-0.00
[INFO] [1778711004.992899584] [centerline_scan_node]: Mode=ALIGN_AISLE | x=-0.00, y=0.00, yaw=-0.00
[INFO] [1778711005.092458345] [centerline_scan_node]: Mode=ALIGN_AISLE | x=-0.00, y=0.00, yaw=-0.00
[INFO] [1778711005.194641407] [centerline_scan_node]: Mode=ALIGN_AISLE | x=-0.00, y=0.00, yaw=-0.00
[INFO] [1778711005.286293021] [centerline_scan_node]: Mode=ALIGN_AISLE | x=-0.00, y=0.00, yaw=-0.00
[INFO] [1778711005.398120842] [centerline_scan_node]: Mode=ALIGN_AISLE | x=-0.00, y=0.00, yaw=-0.00
[INFO] [1778711005.490676110] [centerline_scan_node]: Mode=ALIGN_AISLE | x=-0.00, y=0.00, yaw=-0.00
[INFO] [1778711005.588327332] [centerline_scan_node]: Mode=ALIGN_AISLE | x=-0.00, y=0.00, yaw=-0.00
[INFO] [1778711005.688050074] [centerline_scan_node]: Mode=ALIGN_AISLE | x=-0.00, y=0.00, yaw=-0.00
[INFO] [1778711005.808007396] [centerline_scan_node]: Mode=ALIGN_AISLE | x=-0.00, y=0.00, yaw=-0.00
[INFO] [1778711005.902716217] [centerline_scan_node]: Mode=ALIGN_AISLE | x=-0.00, y=0.00, yaw=-0.00
[INFO] [1778711005.997837877] [centerline_scan_node]: Mode=ALIGN_AISLE | x=-0.00, y=0.00, yaw=-0.00
[INFO] [1778711006.095874573] [centerline_scan_node]: Mode=ALIGN_AISLE | x=-0.00, y=0.00, yaw=-0.00
[INFO] [1778711006.196678658] [centerline_scan_node]: Mode=ALIGN_AISLE | x=-0.00, y=0.00, yaw=-0.00
[INFO] [1778711006.295585304] [centerline_scan_node]: Mode=ALIGN_AISLE | x=-0.00, y=0.00, yaw=-0.00
[INFO] [1778711006.388036409] [centerline_scan_node]: Mode=ALIGN_AISLE | x=-0.00, y=0.00, yaw=-0.00
[INFO] [1778711006.487748063] [centerline_scan_node]: Mode=ALIGN_AISLE | x=-0.00, y=0.00, yaw=-0.00
[INFO] [1778711006.591925887] [centerline_scan_node]: Mode=ALIGN_AISLE | x=-0.00, y=0.00, yaw=-0.00
[INFO] [1778711006.690384360] [centerline_scan_node]: Mode=ALIGN_AISLE | x=-0.00, y=0.00, yaw=-0.00
[INFO] [1778711006.787377761] [centerline_scan_node]: Mode=ALIGN_AISLE | x=-0.00, y=0.00, yaw=-0.00
[INFO] [1778711006.891945727] [centerline_scan_node]: Mode=ALIGN_AISLE | x=-0.00, y=0.00, yaw=-0.00
[INFO] [1778711007.005757635] [centerline_scan_node]: Mode=ALIGN_AISLE | x=-0.00, y=0.00, yaw=-0.00
[INFO] [1778711007.089765398] [centerline_scan_node]: Mode=ALIGN_AISLE | x=-0.00, y=0.00, yaw=-0.00
[INFO] [1778711007.190453184] [centerline_scan_node]: Mode=ALIGN_AISLE | x=-0.00, y=0.00, yaw=-0.00
[INFO] [1778711007.291953435] [centerline_scan_node]: Mode=ALIGN_AISLE | x=-0.00, y=0.00, yaw=-0.00
[INFO] [1778711007.389966060] [centerline_scan_node]: Mode=ALIGN_AISLE | x=-0.00, y=0.00, yaw=-0.00
[INFO] [1778711007.494176365] [centerline_scan_node]: Mode=ALIGN_AISLE | x=-0.00, y=0.00, yaw=-0.00
[INFO] [1778711007.590932538] [centerline_scan_node]: Mode=ALIGN_AISLE | x=-0.00, y=0.00, yaw=-0.00
[INFO] [1778711007.853705989] [centerline_scan_node]: Mode=ALIGN_AISLE | x=-0.00, y=0.00, yaw=-0.00
[INFO] [1778711007.864427660] [centerline_scan_node]: Mode=ALIGN_AISLE | x=-0.00, y=0.00, yaw=-0.00
[INFO] [1778711007.892665801] [centerline_scan_node]: Mode=ALIGN_AISLE | x=-0.00, y=0.00, yaw=-0.00
[INFO] [1778711007.991483332] [centerline_scan_node]: Mode=ALIGN_AISLE | x=-0.00, y=0.00, yaw=-0.00
[INFO] [1778711008.100600257] [centerline_scan_node]: Mode=ALIGN_AISLE | x=-0.00, y=0.00, yaw=-0.00
[INFO] [1778711008.193869122] [centerline_scan_node]: Mode=ALIGN_AISLE | x=-0.00, y=0.00, yaw=-0.00
[INFO] [1778711008.289283934] [centerline_scan_node]: Mode=ALIGN_AISLE | x=-0.00, y=0.00, yaw=-0.00
[INFO] [1778711008.400831434] [centerline_scan_node]: Mode=ALIGN_AISLE | x=-0.00, y=0.00, yaw=-0.00
[INFO] [1778711008.501196116] [centerline_scan_node]: Mode=ALIGN_AISLE | x=-0.00, y=0.00, yaw=-0.00
[INFO] [1778711008.594910843] [centerline_scan_node]: Mode=ALIGN_AISLE | x=-0.00, y=0.00, yaw=-0.00
[INFO] [1778711008.688620411] [centerline_scan_node]: Mode=ALIGN_AISLE | x=-0.00, y=0.00, yaw=-0.00
[INFO] [1778711008.788899836] [centerline_scan_node]: Mode=ALIGN_AISLE | x=-0.00, y=0.00, yaw=-0.00
[INFO] [1778711008.888275169] [centerline_scan_node]: Mode=ALIGN_AISLE | x=-0.00, y=0.00, yaw=-0.00
[INFO] [1778711008.991819408] [centerline_scan_node]: Mode=ALIGN_AISLE | x=-0.00, y=0.00, yaw=-0.00
[INFO] [1778711009.097928120] [centerline_scan_node]: Mode=ALIGN_AISLE | x=-0.00, y=0.00, yaw=-0.00
[INFO] [1778711009.191442459] [centerline_scan_node]: Mode=ALIGN_AISLE | x=-0.00, y=0.00, yaw=-0.00
[INFO] [1778711009.290903383] [centerline_scan_node]: Mode=ALIGN_AISLE | x=-0.00, y=0.00, yaw=-0.00
[INFO] [1778711009.388408915] [centerline_scan_node]: Mode=ALIGN_AISLE | x=-0.00, y=0.00, yaw=-0.00
[INFO] [1778711009.492702255] [centerline_scan_node]: Mode=ALIGN_AISLE | x=-0.00, y=0.00, yaw=-0.00
[INFO] [1778711009.587060935] [centerline_scan_node]: Mode=ALIGN_AISLE | x=-0.00, y=0.00, yaw=-0.00
[INFO] [1778711009.688457182] [centerline_scan_node]: Mode=ALIGN_AISLE | x=-0.00, y=0.00, yaw=-0.00
[INFO] [1778711009.789041435] [centerline_scan_node]: Mode=ALIGN_AISLE | x=-0.00, y=0.00, yaw=-0.00
[INFO] [1778711009.895863915] [centerline_scan_node]: Mode=ALIGN_AISLE | x=-0.00, y=0.00, yaw=-0.00
[INFO] [1778711009.996914337] [centerline_scan_node]: Mode=ALIGN_AISLE | x=-0.00, y=0.00, yaw=-0.00
[INFO] [1778711010.093551813] [centerline_scan_node]: Mode=ALIGN_AISLE | x=-0.00, y=0.00, yaw=-0.00
[INFO] [1778711010.196064372] [centerline_scan_node]: Mode=ALIGN_AISLE | x=-0.00, y=0.00, yaw=-0.00
[INFO] [1778711010.289137067] [centerline_scan_node]: Mode=ALIGN_AISLE | x=-0.00, y=0.00, yaw=-0.00
[INFO] [1778711010.389731161] [centerline_scan_node]: Mode=ALIGN_AISLE | x=-0.00, y=0.00, yaw=-0.00
[INFO] [1778711010.494604316] [centerline_scan_node]: Mode=ALIGN_AISLE | x=-0.00, y=0.00, yaw=-0.00
[INFO] [1778711010.587270486] [centerline_scan_node]: Mode=ALIGN_AISLE | x=-0.00, y=0.00, yaw=-0.00
[INFO] [1778711010.686751745] [centerline_scan_node]: Mode=ALIGN_AISLE | x=-0.00, y=0.00, yaw=-0.00
[INFO] [1778711010.798827076] [centerline_scan_node]: Mode=ALIGN_AISLE | x=-0.00, y=0.00, yaw=-0.00
[INFO] [1778711010.892569959] [centerline_scan_node]: Mode=ALIGN_AISLE | x=-0.00, y=0.00, yaw=-0.00
[INFO] [1778711010.989702239] [centerline_scan_node]: Mode=ALIGN_AISLE | x=-0.00, y=0.00, yaw=-0.00
[INFO] [1778711011.095031187] [centerline_scan_node]: Mode=ALIGN_AISLE | x=-0.00, y=0.00, yaw=-0.00
[INFO] [1778711011.213207296] [centerline_scan_node]: Mode=ALIGN_AISLE | x=-0.00, y=0.00, yaw=-0.00
[INFO] [1778711011.286490377] [centerline_scan_node]: Mode=ALIGN_AISLE | x=-0.00, y=0.00, yaw=-0.00
[INFO] [1778711011.393881963] [centerline_scan_node]: Mode=ALIGN_AISLE | x=-0.00, y=0.00, yaw=-0.00
[INFO] [1778711011.496257049] [centerline_scan_node]: Mode=ALIGN_AISLE | x=-0.00, y=0.00, yaw=-0.00
[INFO] [1778711011.590948840] [centerline_scan_node]: Mode=ALIGN_AISLE | x=-0.00, y=0.00, yaw=-0.00
[INFO] [1778711011.689248532] [centerline_scan_node]: Mode=ALIGN_AISLE | x=-0.00, y=0.00, yaw=-0.00
[INFO] [1778711011.788508033] [centerline_scan_node]: Mode=ALIGN_AISLE | x=-0.00, y=0.00, yaw=-0.00
[INFO] [1778711011.903803677] [centerline_scan_node]: Mode=ALIGN_AISLE | x=-0.00, y=0.00, yaw=-0.00
[INFO] [1778711012.007377243] [centerline_scan_node]: Mode=ALIGN_AISLE | x=-0.00, y=0.00, yaw=-0.00
[INFO] [1778711012.096216608] [centerline_scan_node]: Mode=ALIGN_AISLE | x=-0.00, y=0.00, yaw=-0.00
[INFO] [1778711012.198722303] [centerline_scan_node]: Mode=ALIGN_AISLE | x=-0.00, y=0.00, yaw=-0.00
[INFO] [1778711012.287760782] [centerline_scan_node]: Mode=ALIGN_AISLE | x=-0.00, y=0.00, yaw=-0.00
[INFO] [1778711012.389014336] [centerline_scan_node]: Mode=ALIGN_AISLE | x=-0.00, y=0.00, yaw=-0.00
[INFO] [1778711012.491653214] [centerline_scan_node]: Mode=ALIGN_AISLE | x=-0.00, y=0.00, yaw=-0.00
[INFO] [1778711012.592570354] [centerline_scan_node]: Mode=ALIGN_AISLE | x=-0.00, y=0.00, yaw=-0.00
[INFO] [1778711012.701968709] [centerline_scan_node]: Mode=ALIGN_AISLE | x=-0.00, y=0.00, yaw=-0.00
[INFO] [1778711012.791491644] [centerline_scan_node]: Mode=ALIGN_AISLE | x=-0.00, y=0.00, yaw=-0.00
[INFO] [1778711012.894744618] [centerline_scan_node]: Mode=ALIGN_AISLE | x=-0.00, y=0.00, yaw=-0.00
[INFO] [1778711012.995233332] [centerline_scan_node]: Mode=ALIGN_AISLE | x=-0.00, y=0.00, yaw=-0.00
[INFO] [1778711013.089838075] [centerline_scan_node]: Mode=ALIGN_AISLE | x=-0.00, y=0.00, yaw=-0.00
[INFO] [1778711013.189082425] [centerline_scan_node]: Mode=ALIGN_AISLE | x=-0.00, y=0.00, yaw=-0.00
[INFO] [1778711013.285675510] [centerline_scan_node]: Mode=ALIGN_AISLE | x=-0.00, y=0.00, yaw=-0.00
[INFO] [1778711013.389733299] [centerline_scan_node]: Mode=ALIGN_AISLE | x=-0.00, y=0.00, yaw=-0.00
[INFO] [1778711013.487608946] [centerline_scan_node]: Mode=ALIGN_AISLE | x=-0.00, y=0.00, yaw=-0.00
[INFO] [1778711013.590521669] [centerline_scan_node]: Mode=ALIGN_AISLE | x=-0.00, y=0.00, yaw=-0.00
[INFO] [1778711013.689678868] [centerline_scan_node]: Mode=ALIGN_AISLE | x=-0.00, y=0.00, yaw=-0.00
[INFO] [1778711013.787964957] [centerline_scan_node]: Mode=ALIGN_AISLE | x=-0.00, y=0.00, yaw=-0.00
[INFO] [1778711013.899888647] [centerline_scan_node]: Mode=ALIGN_AISLE | x=-0.00, y=0.00, yaw=-0.00
[INFO] [1778711013.990268042] [centerline_scan_node]: Mode=ALIGN_AISLE | x=-0.00, y=0.00, yaw=-0.00
[INFO] [1778711014.811993509] [centerline_scan_node]: Mode=ALIGN_AISLE | x=-0.00, y=0.00, yaw=-0.00
[INFO] [1778711014.887169947] [centerline_scan_node]: Mode=ALIGN_AISLE | x=-0.00, y=0.00, yaw=-0.00
[INFO] [1778711014.992859194] [centerline_scan_node]: Mode=ALIGN_AISLE | x=-0.00, y=0.00, yaw=-0.00
[INFO] [1778711015.098625994] [centerline_scan_node]: Mode=ALIGN_AISLE | x=-0.00, y=0.00, yaw=-0.00
[INFO] [1778711015.190170464] [centerline_scan_node]: Mode=ALIGN_AISLE | x=-0.00, y=0.00, yaw=-0.00
[INFO] [1778711015.296517998] [centerline_scan_node]: Mode=ALIGN_AISLE | x=-0.00, y=0.00, yaw=-0.00
[INFO] [1778711015.387312021] [centerline_scan_node]: Mode=ALIGN_AISLE | x=-0.00, y=0.00, yaw=-0.00
[INFO] [1778711015.493221859] [centerline_scan_node]: Mode=ALIGN_AISLE | x=-0.00, y=0.00, yaw=-0.00
[INFO] [1778711015.586499985] [centerline_scan_node]: Mode=ALIGN_AISLE | x=-0.00, y=0.00, yaw=-0.00
[INFO] [1778711015.694038065] [centerline_scan_node]: Mode=ALIGN_AISLE | x=-0.00, y=0.00, yaw=-0.00
[INFO] [1778711015.786402566] [centerline_scan_node]: Mode=ALIGN_AISLE | x=-0.00, y=0.00, yaw=-0.00
[INFO] [1778711015.890281643] [centerline_scan_node]: Mode=ALIGN_AISLE | x=-0.00, y=0.00, yaw=-0.00
[INFO] [1778711015.990893346] [centerline_scan_node]: Mode=ALIGN_AISLE | x=-0.00, y=0.00, yaw=-0.00
[INFO] [1778711016.087956403] [centerline_scan_node]: Mode=ALIGN_AISLE | x=-0.00, y=0.00, yaw=-0.00
[INFO] [1778711016.186025119] [centerline_scan_node]: Mode=ALIGN_AISLE | x=-0.00, y=0.00, yaw=-0.00
[INFO] [1778711016.290034739] [centerline_scan_node]: Mode=ALIGN_AISLE | x=-0.00, y=0.00, yaw=-0.00
[INFO] [1778711016.390135448] [centerline_scan_node]: Mode=ALIGN_AISLE | x=-0.00, y=0.00, yaw=-0.00
[INFO] [1778711016.490905626] [centerline_scan_node]: Mode=ALIGN_AISLE | x=-0.00, y=0.00, yaw=-0.00
[INFO] [1778711016.587994342] [centerline_scan_node]: Mode=ALIGN_AISLE | x=-0.00, y=0.00, yaw=-0.00
[INFO] [1778711016.688007313] [centerline_scan_node]: Mode=ALIGN_AISLE | x=-0.00, y=0.00, yaw=-0.00
[INFO] [1778711016.787262923] [centerline_scan_node]: Mode=ALIGN_AISLE | x=-0.00, y=0.00, yaw=-0.00
[INFO] [1778711016.895048660] [centerline_scan_node]: Mode=ALIGN_AISLE | x=-0.00, y=0.00, yaw=-0.00
[INFO] [1778711016.986804118] [centerline_scan_node]: Mode=ALIGN_AISLE | x=-0.00, y=0.00, yaw=-0.00
[INFO] [1778711017.085281869] [centerline_scan_node]: Mode=ALIGN_AISLE | x=-0.00, y=0.00, yaw=-0.00
[INFO] [1778711017.187359095] [centerline_scan_node]: Mode=ALIGN_AISLE | x=-0.00, y=0.00, yaw=-0.00
[INFO] [1778711017.286387009] [centerline_scan_node]: Mode=ALIGN_AISLE | x=-0.00, y=0.00, yaw=-0.00
[INFO] [1778711017.386673383] [centerline_scan_node]: Mode=ALIGN_AISLE | x=-0.00, y=0.00, yaw=-0.00
[INFO] [1778711017.494554657] [centerline_scan_node]: Mode=ALIGN_AISLE | x=-0.00, y=0.00, yaw=-0.00
[INFO] [1778711017.586595898] [centerline_scan_node]: Mode=ALIGN_AISLE | x=-0.00, y=0.00, yaw=-0.00
[INFO] [1778711017.691573237] [centerline_scan_node]: Mode=ALIGN_AISLE | x=-0.00, y=0.00, yaw=-0.00
[INFO] [1778711017.793657150] [centerline_scan_node]: Mode=ALIGN_AISLE | x=-0.00, y=0.00, yaw=-0.00
[INFO] [1778711017.887787116] [centerline_scan_node]: Mode=ALIGN_AISLE | x=-0.00, y=0.00, yaw=-0.00
[INFO] [1778711017.991847298] [centerline_scan_node]: Mode=ALIGN_AISLE | x=-0.00, y=0.00, yaw=-0.00
[INFO] [1778711018.089523953] [centerline_scan_node]: Mode=ALIGN_AISLE | x=-0.00, y=0.00, yaw=-0.00
[INFO] [1778711018.196887478] [centerline_scan_node]: Mode=ALIGN_AISLE | x=-0.00, y=0.00, yaw=-0.00
[INFO] [1778711018.289857663] [centerline_scan_node]: Mode=ALIGN_AISLE | x=-0.00, y=0.00, yaw=-0.00
[INFO] [1778711018.395193588] [centerline_scan_node]: Mode=ALIGN_AISLE | x=-0.00, y=0.00, yaw=-0.00
[INFO] [1778711018.487599952] [centerline_scan_node]: Mode=ALIGN_AISLE | x=-0.00, y=0.00, yaw=-0.00
[INFO] [1778711018.587931974] [centerline_scan_node]: Mode=ALIGN_AISLE | x=-0.00, y=0.00, yaw=-0.00
[INFO] [1778711018.687295327] [centerline_scan_node]: Mode=ALIGN_AISLE | x=-0.00, y=0.00, yaw=-0.00
[INFO] [1778711018.797751734] [centerline_scan_node]: Mode=ALIGN_AISLE | x=-0.00, y=0.00, yaw=-0.00
[INFO] [1778711018.886734123] [centerline_scan_node]: Mode=ALIGN_AISLE | x=-0.00, y=0.00, yaw=-0.00
[INFO] [1778711018.997087221] [centerline_scan_node]: Mode=ALIGN_AISLE | x=-0.00, y=0.00, yaw=-0.00
[INFO] [1778711019.085461010] [centerline_scan_node]: Mode=ALIGN_AISLE | x=-0.00, y=0.00, yaw=-0.00
[INFO] [1778711019.189012731] [centerline_scan_node]: Mode=ALIGN_AISLE | x=-0.00, y=0.00, yaw=-0.00
[INFO] [1778711019.291752761] [centerline_scan_node]: Mode=ALIGN_AISLE | x=-0.00, y=0.00, yaw=-0.00
[INFO] [1778711019.391679252] [centerline_scan_node]: Mode=ALIGN_AISLE | x=-0.00, y=0.00, yaw=-0.00
[INFO] [1778711019.486267954] [centerline_scan_node]: Mode=ALIGN_AISLE | x=-0.00, y=0.00, yaw=-0.00
[INFO] [1778711019.587780455] [centerline_scan_node]: Mode=ALIGN_AISLE | x=-0.00, y=0.00, yaw=-0.00
[INFO] [1778711019.712975840] [centerline_scan_node]: Mode=ALIGN_AISLE | x=-0.00, y=0.00, yaw=-0.00
[INFO] [1778711019.926076106] [centerline_scan_node]: Mode=ALIGN_AISLE | x=-0.00, y=0.00, yaw=-0.00
[INFO] [1778711019.989257684] [centerline_scan_node]: Mode=ALIGN_AISLE | x=-0.00, y=0.00, yaw=-0.00
[INFO] [1778711020.020027877] [centerline_scan_node]: Mode=ALIGN_AISLE | x=-0.00, y=0.00, yaw=-0.00
[INFO] [1778711020.090681351] [centerline_scan_node]: Mode=ALIGN_AISLE | x=-0.00, y=0.00, yaw=-0.00
[INFO] [1778711020.210273303] [centerline_scan_node]: Mode=ALIGN_AISLE | x=-0.00, y=0.00, yaw=-0.00
[INFO] [1778711020.290642165] [centerline_scan_node]: Mode=ALIGN_AISLE | x=-0.00, y=0.00, yaw=-0.00
[INFO] [1778711020.387826783] [centerline_scan_node]: Mode=ALIGN_AISLE | x=-0.00, y=0.00, yaw=-0.00
[INFO] [1778711020.492471719] [centerline_scan_node]: Mode=ALIGN_AISLE | x=-0.00, y=0.00, yaw=-0.00
[INFO] [1778711020.586507180] [centerline_scan_node]: Mode=ALIGN_AISLE | x=-0.00, y=0.00, yaw=-0.00
[INFO] [1778711020.700904954] [centerline_scan_node]: Mode=ALIGN_AISLE | x=-0.00, y=0.00, yaw=-0.00
[INFO] [1778711020.787472001] [centerline_scan_node]: Mode=ALIGN_AISLE | x=-0.00, y=0.00, yaw=-0.00
[INFO] [1778711020.895630773] [centerline_scan_node]: Mode=ALIGN_AISLE | x=-0.00, y=0.00, yaw=-0.00
[INFO] [1778711020.989419809] [centerline_scan_node]: Mode=ALIGN_AISLE | x=-0.00, y=0.00, yaw=-0.00
[INFO] [1778711021.088833163] [centerline_scan_node]: Mode=ALIGN_AISLE | x=-0.00, y=0.00, yaw=-0.00
[INFO] [1778711021.187342495] [centerline_scan_node]: Mode=ALIGN_AISLE | x=-0.00, y=0.00, yaw=-0.00
[INFO] [1778711021.289585361] [centerline_scan_node]: Mode=ALIGN_AISLE | x=-0.00, y=0.00, yaw=-0.00
[INFO] [1778711021.398825094] [centerline_scan_node]: Mode=ALIGN_AISLE | x=-0.00, y=0.00, yaw=-0.00
[INFO] [1778711021.487807548] [centerline_scan_node]: Mode=ALIGN_AISLE | x=-0.00, y=0.00, yaw=-0.00
[INFO] [1778711021.592120402] [centerline_scan_node]: Mode=ALIGN_AISLE | x=-0.00, y=0.00, yaw=-0.00
[INFO] [1778711021.699773118] [centerline_scan_node]: Mode=ALIGN_AISLE | x=-0.00, y=0.00, yaw=-0.00
[INFO] [1778711021.794609616] [centerline_scan_node]: Mode=ALIGN_AISLE | x=-0.00, y=0.00, yaw=-0.00
[INFO] [1778711021.892290808] [centerline_scan_node]: Mode=ALIGN_AISLE | x=-0.00, y=0.00, yaw=-0.00
[INFO] [1778711021.986508020] [centerline_scan_node]: Mode=ALIGN_AISLE | x=-0.00, y=0.00, yaw=-0.00
[INFO] [1778711022.094289177] [centerline_scan_node]: Mode=ALIGN_AISLE | x=-0.00, y=0.00, yaw=-0.00
[INFO] [1778711022.188314141] [centerline_scan_node]: Mode=ALIGN_AISLE | x=-0.00, y=0.00, yaw=-0.00
[INFO] [1778711022.290582158] [centerline_scan_node]: Mode=ALIGN_AISLE | x=-0.00, y=0.00, yaw=-0.00
[INFO] [1778711022.388687944] [centerline_scan_node]: Mode=ALIGN_AISLE | x=-0.00, y=0.00, yaw=-0.00
[INFO] [1778711022.487066220] [centerline_scan_node]: Mode=ALIGN_AISLE | x=-0.00, y=0.00, yaw=-0.00
[INFO] [1778711022.589300965] [centerline_scan_node]: Mode=ALIGN_AISLE | x=-0.00, y=0.00, yaw=-0.00
[INFO] [1778711022.686688816] [centerline_scan_node]: Mode=ALIGN_AISLE | x=-0.00, y=0.00, yaw=-0.00
[INFO] [1778711022.786880844] [centerline_scan_node]: Mode=ALIGN_AISLE | x=-0.00, y=0.00, yaw=-0.00
[INFO] [1778711022.889573577] [centerline_scan_node]: Mode=ALIGN_AISLE | x=-0.00, y=0.00, yaw=-0.00
[INFO] [1778711022.987093930] [centerline_scan_node]: Mode=ALIGN_AISLE | x=-0.00, y=0.00, yaw=-0.00
[INFO] [1778711023.095180428] [centerline_scan_node]: Mode=ALIGN_AISLE | x=-0.00, y=0.00, yaw=-0.00
[INFO] [1778711023.188022647] [centerline_scan_node]: Mode=ALIGN_AISLE | x=-0.00, y=0.00, yaw=-0.00
[INFO] [1778711023.298722092] [centerline_scan_node]: Mode=ALIGN_AISLE | x=-0.00, y=0.00, yaw=-0.00
[INFO] [1778711023.389225328] [centerline_scan_node]: Mode=ALIGN_AISLE | x=-0.00, y=0.00, yaw=-0.00
[INFO] [1778711023.487248016] [centerline_scan_node]: Mode=ALIGN_AISLE | x=-0.00, y=0.00, yaw=-0.00
[INFO] [1778711023.586607485] [centerline_scan_node]: Mode=ALIGN_AISLE | x=-0.00, y=0.00, yaw=-0.00
[INFO] [1778711023.693154668] [centerline_scan_node]: Mode=ALIGN_AISLE | x=-0.00, y=0.00, yaw=-0.00
[INFO] [1778711023.789496651] [centerline_scan_node]: Mode=ALIGN_AISLE | x=-0.00, y=0.00, yaw=-0.00
[INFO] [1778711023.887069312] [centerline_scan_node]: Mode=ALIGN_AISLE | x=-0.00, y=0.00, yaw=-0.00
[INFO] [1778711023.993129702] [centerline_scan_node]: Mode=ALIGN_AISLE | x=-0.00, y=0.00, yaw=-0.00
[INFO] [1778711024.088911672] [centerline_scan_node]: Mode=ALIGN_AISLE | x=-0.00, y=0.00, yaw=-0.00
[INFO] [1778711024.198278566] [centerline_scan_node]: Mode=ALIGN_AISLE | x=-0.00, y=0.00, yaw=-0.00
[INFO] [1778711024.292832985] [centerline_scan_node]: Mode=ALIGN_AISLE | x=-0.00, y=0.00, yaw=-0.00
[INFO] [1778711024.395698372] [centerline_scan_node]: Mode=ALIGN_AISLE | x=-0.00, y=0.00, yaw=-0.00
[INFO] [1778711024.488043811] [centerline_scan_node]: Mode=ALIGN_AISLE | x=-0.00, y=0.00, yaw=-0.00
[INFO] [1778711024.604978386] [centerline_scan_node]: Mode=ALIGN_AISLE | x=-0.00, y=0.00, yaw=-0.00
[INFO] [1778711024.702582292] [centerline_scan_node]: Mode=ALIGN_AISLE | x=-0.00, y=0.00, yaw=-0.00
[INFO] [1778711024.792728808] [centerline_scan_node]: Mode=ALIGN_AISLE | x=-0.00, y=0.00, yaw=-0.00
[INFO] [1778711024.889175012] [centerline_scan_node]: Mode=ALIGN_AISLE | x=-0.00, y=0.00, yaw=-0.00
[INFO] [1778711024.987744653] [centerline_scan_node]: Mode=ALIGN_AISLE | x=-0.00, y=0.00, yaw=-0.00
[INFO] [1778711025.092532229] [centerline_scan_node]: Mode=ALIGN_AISLE | x=-0.00, y=0.00, yaw=-0.00
[INFO] [1778711025.189018216] [centerline_scan_node]: Mode=ALIGN_AISLE | x=-0.00, y=0.00, yaw=-0.00
[INFO] [1778711025.294505316] [centerline_scan_node]: Mode=ALIGN_AISLE | x=-0.00, y=0.00, yaw=-0.00
[INFO] [1778711025.386373090] [centerline_scan_node]: Mode=ALIGN_AISLE | x=-0.00, y=0.00, yaw=-0.00
[INFO] [1778711025.488327504] [centerline_scan_node]: Mode=ALIGN_AISLE | x=-0.00, y=0.00, yaw=-0.00
[INFO] [1778711025.591745249] [centerline_scan_node]: Mode=ALIGN_AISLE | x=-0.00, y=0.00, yaw=-0.00
[INFO] [1778711025.700258777] [centerline_scan_node]: Mode=ALIGN_AISLE | x=-0.00, y=0.00, yaw=-0.00
[INFO] [1778711025.791261582] [centerline_scan_node]: Mode=ALIGN_AISLE | x=-0.00, y=0.00, yaw=-0.00
[INFO] [1778711025.887046762] [centerline_scan_node]: Mode=ALIGN_AISLE | x=-0.00, y=0.00, yaw=-0.00
[INFO] [1778711025.997556203] [centerline_scan_node]: Mode=ALIGN_AISLE | x=-0.00, y=0.00, yaw=-0.00
[INFO] [1778711026.091514694] [centerline_scan_node]: Mode=ALIGN_AISLE | x=-0.00, y=0.00, yaw=-0.00
[INFO] [1778711026.192606825] [centerline_scan_node]: Mode=ALIGN_AISLE | x=-0.00, y=0.00, yaw=-0.00
[INFO] [1778711026.292247530] [centerline_scan_node]: Mode=ALIGN_AISLE | x=-0.00, y=0.00, yaw=-0.00
[INFO] [1778711026.389416671] [centerline_scan_node]: Mode=ALIGN_AISLE | x=-0.00, y=0.00, yaw=-0.00
[INFO] [1778711026.487368808] [centerline_scan_node]: Mode=ALIGN_AISLE | x=-0.00, y=0.00, yaw=-0.00
[INFO] [1778711026.591319606] [centerline_scan_node]: Mode=ALIGN_AISLE | x=-0.00, y=0.00, yaw=-0.00
[INFO] [1778711026.690464192] [centerline_scan_node]: Mode=ALIGN_AISLE | x=-0.00, y=0.00, yaw=-0.00
[INFO] [1778711026.809461941] [centerline_scan_node]: Mode=ALIGN_AISLE | x=-0.00, y=0.00, yaw=-0.00
[INFO] [1778711026.895970166] [centerline_scan_node]: Mode=ALIGN_AISLE | x=-0.00, y=0.00, yaw=-0.00
[INFO] [1778711026.991339760] [centerline_scan_node]: Mode=ALIGN_AISLE | x=-0.00, y=0.00, yaw=-0.00
[INFO] [1778711027.097358632] [centerline_scan_node]: Mode=ALIGN_AISLE | x=-0.00, y=0.00, yaw=-0.00
[INFO] [1778711027.187313463] [centerline_scan_node]: Mode=ALIGN_AISLE | x=-0.00, y=0.00, yaw=-0.00
[INFO] [1778711027.287335268] [centerline_scan_node]: Mode=ALIGN_AISLE | x=-0.00, y=0.00, yaw=-0.00
[INFO] [1778711027.385864700] [centerline_scan_node]: Mode=ALIGN_AISLE | x=-0.00, y=0.00, yaw=-0.00
[INFO] [1778711027.489766404] [centerline_scan_node]: Mode=ALIGN_AISLE | x=-0.00, y=0.00, yaw=-0.00
[INFO] [1778711027.589879086] [centerline_scan_node]: Mode=ALIGN_AISLE | x=-0.00, y=0.00, yaw=-0.00
[INFO] [1778711027.704692081] [centerline_scan_node]: Mode=ALIGN_AISLE | x=-0.00, y=0.00, yaw=-0.00
[INFO] [1778711027.795002531] [centerline_scan_node]: Mode=ALIGN_AISLE | x=-0.00, y=0.00, yaw=-0.00
[INFO] [1778711027.887532700] [centerline_scan_node]: Mode=ALIGN_AISLE | x=-0.00, y=0.00, yaw=-0.00
[INFO] [1778711027.994164307] [centerline_scan_node]: Mode=ALIGN_AISLE | x=-0.00, y=0.00, yaw=-0.00
[INFO] [1778711028.086434277] [centerline_scan_node]: Mode=ALIGN_AISLE | x=-0.00, y=0.00, yaw=-0.00
[INFO] [1778711028.202700644] [centerline_scan_node]: Mode=ALIGN_AISLE | x=-0.00, y=0.00, yaw=-0.00
[INFO] [1778711028.286172697] [centerline_scan_node]: Mode=ALIGN_AISLE | x=-0.00, y=0.00, yaw=-0.00
[INFO] [1778711028.391777149] [centerline_scan_node]: Mode=ALIGN_AISLE | x=-0.00, y=0.00, yaw=-0.00
[INFO] [1778711028.488320773] [centerline_scan_node]: Mode=ALIGN_AISLE | x=-0.00, y=0.00, yaw=-0.00
[INFO] [1778711028.587161043] [centerline_scan_node]: Mode=ALIGN_AISLE | x=-0.00, y=0.00, yaw=-0.00
[INFO] [1778711028.685943413] [centerline_scan_node]: Mode=ALIGN_AISLE | x=-0.00, y=0.00, yaw=-0.00
[INFO] [1778711028.792499889] [centerline_scan_node]: Mode=ALIGN_AISLE | x=-0.00, y=0.00, yaw=-0.00
[INFO] [1778711028.891556009] [centerline_scan_node]: Mode=ALIGN_AISLE | x=-0.00, y=0.00, yaw=-0.00
[INFO] [1778711028.992522388] [centerline_scan_node]: Mode=ALIGN_AISLE | x=-0.00, y=0.00, yaw=-0.00
[INFO] [1778711029.093471067] [centerline_scan_node]: Mode=ALIGN_AISLE | x=-0.00, y=0.00, yaw=-0.00
[INFO] [1778711029.198116641] [centerline_scan_node]: Mode=ALIGN_AISLE | x=-0.00, y=0.00, yaw=-0.00
[INFO] [1778711029.287590061] [centerline_scan_node]: Mode=ALIGN_AISLE | x=-0.00, y=0.00, yaw=-0.00
[INFO] [1778711029.386148198] [centerline_scan_node]: Mode=ALIGN_AISLE | x=-0.00, y=0.00, yaw=-0.00
[INFO] [1778711029.488634394] [centerline_scan_node]: Mode=ALIGN_AISLE | x=-0.00, y=0.00, yaw=-0.00
[INFO] [1778711029.593621505] [centerline_scan_node]: Mode=ALIGN_AISLE | x=-0.00, y=0.00, yaw=-0.00
[INFO] [1778711029.690030217] [centerline_scan_node]: Mode=ALIGN_AISLE | x=-0.00, y=0.00, yaw=-0.00
[INFO] [1778711029.794256190] [centerline_scan_node]: Mode=ALIGN_AISLE | x=-0.00, y=0.00, yaw=-0.00
[INFO] [1778711029.890955518] [centerline_scan_node]: Mode=ALIGN_AISLE | x=-0.00, y=0.00, yaw=-0.00
[INFO] [1778711029.990415680] [centerline_scan_node]: Mode=ALIGN_AISLE | x=-0.00, y=0.00, yaw=-0.00
[INFO] [1778711030.084692212] [centerline_scan_node]: Mode=ALIGN_AISLE | x=-0.00, y=0.00, yaw=-0.00
[INFO] [1778711030.192351290] [centerline_scan_node]: Mode=ALIGN_AISLE | x=-0.00, y=0.00, yaw=-0.00
[INFO] [1778711030.294998385] [centerline_scan_node]: Mode=ALIGN_AISLE | x=-0.00, y=0.00, yaw=-0.00
[INFO] [1778711030.392503560] [centerline_scan_node]: Mode=ALIGN_AISLE | x=-0.00, y=0.00, yaw=-0.00
[INFO] [1778711030.491545960] [centerline_scan_node]: Mode=ALIGN_AISLE | x=-0.00, y=0.00, yaw=-0.00
[INFO] [1778711030.649335521] [centerline_scan_node]: Mode=ALIGN_AISLE | x=-0.00, y=0.00, yaw=-0.00
[INFO] [1778711030.706572068] [centerline_scan_node]: Mode=ALIGN_AISLE | x=-0.00, y=0.00, yaw=-0.00
[INFO] [1778711030.869413705] [centerline_scan_node]: Mode=ALIGN_AISLE | x=-0.00, y=0.00, yaw=-0.00
[INFO] [1778711030.913235780] [centerline_scan_node]: Mode=ALIGN_AISLE | x=-0.00, y=0.00, yaw=-0.00
[INFO] [1778711031.026365590] [centerline_scan_node]: Mode=ALIGN_AISLE | x=-0.00, y=0.00, yaw=-0.00
[INFO] [1778711031.124084807] [centerline_scan_node]: Mode=ALIGN_AISLE | x=-0.00, y=0.00, yaw=-0.00
[INFO] [1778711031.214859283] [centerline_scan_node]: Mode=ALIGN_AISLE | x=-0.00, y=0.00, yaw=-0.00
[INFO] [1778711031.310265467] [centerline_scan_node]: Mode=ALIGN_AISLE | x=-0.00, y=0.00, yaw=-0.00
[INFO] [1778711031.413289437] [centerline_scan_node]: Mode=ALIGN_AISLE | x=-0.00, y=0.00, yaw=-0.00
[INFO] [1778711031.497061006] [centerline_scan_node]: Mode=ALIGN_AISLE | x=-0.00, y=0.00, yaw=-0.00
[INFO] [1778711031.588942709] [centerline_scan_node]: Mode=ALIGN_AISLE | x=-0.00, y=0.00, yaw=-0.00
[INFO] [1778711031.687245541] [centerline_scan_node]: Mode=ALIGN_AISLE | x=-0.00, y=0.00, yaw=-0.00
[INFO] [1778711031.795028914] [centerline_scan_node]: Mode=ALIGN_AISLE | x=-0.00, y=0.00, yaw=-0.00
[INFO] [1778711031.898971206] [centerline_scan_node]: Mode=ALIGN_AISLE | x=-0.00, y=0.00, yaw=-0.00
[INFO] [1778711031.993385772] [centerline_scan_node]: Mode=ALIGN_AISLE | x=-0.00, y=0.00, yaw=-0.00
[INFO] [1778711032.093555391] [centerline_scan_node]: Mode=ALIGN_AISLE | x=-0.00, y=0.00, yaw=-0.00
[INFO] [1778711032.191924300] [centerline_scan_node]: Mode=ALIGN_AISLE | x=-0.00, y=0.00, yaw=-0.00
[INFO] [1778711032.289666167] [centerline_scan_node]: Mode=ALIGN_AISLE | x=-0.00, y=0.00, yaw=-0.00
[INFO] [1778711032.400544576] [centerline_scan_node]: Mode=ALIGN_AISLE | x=-0.00, y=0.00, yaw=-0.00
[INFO] [1778711032.488435364] [centerline_scan_node]: Mode=ALIGN_AISLE | x=-0.00, y=0.00, yaw=-0.00
[INFO] [1778711032.586370817] [centerline_scan_node]: Mode=ALIGN_AISLE | x=-0.00, y=0.00, yaw=-0.00
[INFO] [1778711032.690383900] [centerline_scan_node]: Mode=ALIGN_AISLE | x=-0.00, y=0.00, yaw=-0.00
[INFO] [1778711032.786564889] [centerline_scan_node]: Mode=ALIGN_AISLE | x=-0.00, y=0.00, yaw=-0.00
[INFO] [1778711032.894960622] [centerline_scan_node]: Mode=ALIGN_AISLE | x=-0.00, y=0.00, yaw=-0.00
[INFO] [1778711032.994147717] [centerline_scan_node]: Mode=ALIGN_AISLE | x=-0.00, y=0.00, yaw=-0.00
[INFO] [1778711033.092367284] [centerline_scan_node]: Mode=ALIGN_AISLE | x=-0.00, y=0.00, yaw=-0.00
[INFO] [1778711033.188492998] [centerline_scan_node]: Mode=ALIGN_AISLE | x=-0.00, y=0.00, yaw=-0.00
[INFO] [1778711033.291640774] [centerline_scan_node]: Mode=ALIGN_AISLE | x=-0.00, y=0.00, yaw=-0.00
[INFO] [1778711033.386966631] [centerline_scan_node]: Mode=ALIGN_AISLE | x=-0.00, y=0.00, yaw=-0.00
[INFO] [1778711033.490114295] [centerline_scan_node]: Mode=ALIGN_AISLE | x=-0.00, y=0.00, yaw=-0.00
[INFO] [1778711033.601872568] [centerline_scan_node]: Mode=ALIGN_AISLE | x=-0.00, y=0.00, yaw=-0.00
[INFO] [1778711033.720645595] [centerline_scan_node]: Mode=ALIGN_AISLE | x=-0.00, y=0.00, yaw=-0.00
[INFO] [1778711033.794041479] [centerline_scan_node]: Mode=ALIGN_AISLE | x=-0.00, y=0.00, yaw=-0.00
[INFO] [1778711033.895157008] [centerline_scan_node]: Mode=ALIGN_AISLE | x=-0.00, y=0.00, yaw=-0.00
[INFO] [1778711033.990101013] [centerline_scan_node]: Mode=ALIGN_AISLE | x=-0.00, y=0.00, yaw=-0.00
[INFO] [1778711034.087250427] [centerline_scan_node]: Mode=ALIGN_AISLE | x=-0.00, y=0.00, yaw=-0.00
[INFO] [1778711034.192392846] [centerline_scan_node]: Mode=ALIGN_AISLE | x=-0.00, y=0.00, yaw=-0.00
[INFO] [1778711034.287474425] [centerline_scan_node]: Mode=ALIGN_AISLE | x=-0.00, y=0.00, yaw=-0.00
[INFO] [1778711034.399787788] [centerline_scan_node]: Mode=ALIGN_AISLE | x=-0.00, y=0.00, yaw=-0.00
[INFO] [1778711034.498965163] [centerline_scan_node]: Mode=ALIGN_AISLE | x=-0.00, y=0.00, yaw=-0.00
[INFO] [1778711034.609529905] [centerline_scan_node]: Mode=ALIGN_AISLE | x=-0.00, y=0.00, yaw=-0.00
[INFO] [1778711034.702162770] [centerline_scan_node]: Mode=ALIGN_AISLE | x=-0.00, y=0.00, yaw=-0.00
[INFO] [1778711034.798374156] [centerline_scan_node]: Mode=ALIGN_AISLE | x=-0.00, y=0.00, yaw=-0.00
[INFO] [1778711034.891150495] [centerline_scan_node]: Mode=ALIGN_AISLE | x=-0.00, y=0.00, yaw=-0.00
[INFO] [1778711034.988294335] [centerline_scan_node]: Mode=ALIGN_AISLE | x=-0.00, y=0.00, yaw=-0.00
[INFO] [1778711035.170364302] [centerline_scan_node]: Mode=ALIGN_AISLE | x=-0.00, y=0.00, yaw=-0.00
[INFO] [1778711035.201624780] [centerline_scan_node]: Mode=ALIGN_AISLE | x=-0.00, y=0.00, yaw=-0.00
[INFO] [1778711035.324433328] [centerline_scan_node]: Mode=ALIGN_AISLE | x=-0.00, y=0.00, yaw=-0.00
[INFO] [1778711035.402572489] [centerline_scan_node]: Mode=ALIGN_AISLE | x=-0.00, y=0.00, yaw=-0.00
[INFO] [1778711035.489161378] [centerline_scan_node]: Mode=ALIGN_AISLE | x=-0.00, y=0.00, yaw=-0.00
[INFO] [1778711035.587262654] [centerline_scan_node]: Mode=ALIGN_AISLE | x=-0.00, y=0.00, yaw=-0.00
[INFO] [1778711035.699556446] [centerline_scan_node]: Mode=ALIGN_AISLE | x=-0.00, y=0.00, yaw=-0.00
[INFO] [1778711035.788389693] [centerline_scan_node]: Mode=ALIGN_AISLE | x=-0.00, y=0.00, yaw=-0.00
[INFO] [1778711035.895355231] [centerline_scan_node]: Mode=ALIGN_AISLE | x=-0.00, y=0.00, yaw=-0.00
[INFO] [1778711035.996226192] [centerline_scan_node]: Mode=ALIGN_AISLE | x=-0.00, y=0.00, yaw=-0.00
[INFO] [1778711036.088690410] [centerline_scan_node]: Mode=ALIGN_AISLE | x=-0.00, y=0.00, yaw=-0.00
[INFO] [1778711036.196281657] [centerline_scan_node]: Mode=ALIGN_AISLE | x=-0.00, y=0.00, yaw=-0.00
[INFO] [1778711036.290758237] [centerline_scan_node]: Mode=ALIGN_AISLE | x=-0.00, y=0.00, yaw=-0.00
[INFO] [1778711036.389159051] [centerline_scan_node]: Mode=ALIGN_AISLE | x=-0.00, y=0.00, yaw=-0.00
[INFO] [1778711036.490335002] [centerline_scan_node]: Mode=ALIGN_AISLE | x=-0.00, y=0.00, yaw=-0.00
[INFO] [1778711036.592368956] [centerline_scan_node]: Mode=ALIGN_AISLE | x=-0.00, y=0.00, yaw=-0.00
[INFO] [1778711036.693446110] [centerline_scan_node]: Mode=ALIGN_AISLE | x=-0.00, y=0.00, yaw=-0.00
[INFO] [1778711036.790824485] [centerline_scan_node]: Mode=ALIGN_AISLE | x=-0.00, y=0.00, yaw=-0.00
[INFO] [1778711036.894654526] [centerline_scan_node]: Mode=ALIGN_AISLE | x=-0.00, y=0.00, yaw=-0.00
[INFO] [1778711036.987428622] [centerline_scan_node]: Mode=ALIGN_AISLE | x=-0.00, y=0.00, yaw=-0.00
[INFO] [1778711037.086943684] [centerline_scan_node]: Mode=ALIGN_AISLE | x=-0.00, y=0.00, yaw=-0.00
[INFO] [1778711037.191103808] [centerline_scan_node]: Mode=ALIGN_AISLE | x=-0.00, y=0.00, yaw=-0.00
[INFO] [1778711037.304119995] [centerline_scan_node]: Mode=ALIGN_AISLE | x=-0.00, y=0.00, yaw=-0.00
[INFO] [1778711037.398361322] [centerline_scan_node]: Mode=ALIGN_AISLE | x=-0.00, y=0.00, yaw=-0.00
[INFO] [1778711037.498013815] [centerline_scan_node]: Mode=ALIGN_AISLE | x=-0.00, y=0.00, yaw=-0.00
[INFO] [1778711037.587220380] [centerline_scan_node]: Mode=ALIGN_AISLE | x=-0.00, y=0.00, yaw=-0.00
[INFO] [1778711037.702189191] [centerline_scan_node]: Mode=ALIGN_AISLE | x=-0.00, y=0.00, yaw=-0.00
[INFO] [1778711037.789046972] [centerline_scan_node]: Mode=ALIGN_AISLE | x=-0.00, y=0.00, yaw=-0.00
[INFO] [1778711037.909199739] [centerline_scan_node]: Mode=ALIGN_AISLE | x=-0.00, y=0.00, yaw=-0.00
[INFO] [1778711037.997540565] [centerline_scan_node]: Mode=ALIGN_AISLE | x=-0.00, y=0.00, yaw=-0.00
[INFO] [1778711038.129744484] [centerline_scan_node]: Mode=ALIGN_AISLE | x=-0.00, y=0.00, yaw=-0.00
[INFO] [1778711038.559087608] [centerline_scan_node]: Mode=ALIGN_AISLE | x=-0.00, y=0.00, yaw=-0.00
[INFO] [1778711038.605951933] [centerline_scan_node]: Mode=ALIGN_AISLE | x=-0.00, y=0.00, yaw=-0.00
[INFO] [1778711038.732621402] [centerline_scan_node]: Mode=ALIGN_AISLE | x=-0.00, y=0.00, yaw=-0.00
[INFO] [1778711038.751772910] [centerline_scan_node]: Mode=ALIGN_AISLE | x=-0.00, y=0.00, yaw=-0.00
[INFO] [1778711038.822448240] [centerline_scan_node]: Mode=ALIGN_AISLE | x=-0.00, y=0.00, yaw=-0.00
[INFO] [1778711038.905853839] [centerline_scan_node]: Mode=ALIGN_AISLE | x=-0.00, y=0.00, yaw=-0.00
[INFO] [1778711038.994052808] [centerline_scan_node]: Mode=ALIGN_AISLE | x=-0.00, y=0.00, yaw=-0.00
[INFO] [1778711039.116399468] [centerline_scan_node]: Mode=ALIGN_AISLE | x=-0.00, y=0.00, yaw=-0.00
[INFO] [1778711039.195918470] [centerline_scan_node]: Mode=ALIGN_AISLE | x=-0.00, y=0.00, yaw=-0.00
[INFO] [1778711039.326902651] [centerline_scan_node]: Mode=ALIGN_AISLE | x=-0.00, y=0.00, yaw=-0.00
[INFO] [1778711039.434827243] [centerline_scan_node]: Mode=ALIGN_AISLE | x=-0.00, y=0.00, yaw=-0.00
[INFO] [1778711039.502958601] [centerline_scan_node]: Mode=ALIGN_AISLE | x=-0.00, y=0.00, yaw=-0.00
[INFO] [1778711039.591962445] [centerline_scan_node]: Mode=ALIGN_AISLE | x=-0.00, y=0.00, yaw=-0.00
[INFO] [1778711039.705469877] [centerline_scan_node]: Mode=ALIGN_AISLE | x=-0.00, y=0.00, yaw=-0.00
[INFO] [1778711039.799958905] [centerline_scan_node]: Mode=ALIGN_AISLE | x=-0.00, y=0.00, yaw=-0.00
[INFO] [1778711039.941600222] [centerline_scan_node]: Mode=ALIGN_AISLE | x=-0.00, y=0.00, yaw=-0.00
[INFO] [1778711040.020885821] [centerline_scan_node]: Mode=ALIGN_AISLE | x=-0.00, y=0.00, yaw=-0.00
[INFO] [1778711040.131520934] [centerline_scan_node]: Mode=ALIGN_AISLE | x=-0.00, y=0.00, yaw=-0.00
[INFO] [1778711040.204649796] [centerline_scan_node]: Mode=ALIGN_AISLE | x=-0.00, y=0.00, yaw=-0.00
[INFO] [1778711040.368162306] [centerline_scan_node]: Mode=ALIGN_AISLE | x=-0.00, y=0.00, yaw=-0.00
[INFO] [1778711040.401523123] [centerline_scan_node]: Mode=ALIGN_AISLE | x=-0.00, y=0.00, yaw=-0.00
[INFO] [1778711040.516027229] [centerline_scan_node]: Mode=ALIGN_AISLE | x=-0.00, y=0.00, yaw=-0.00
[INFO] [1778711040.595932295] [centerline_scan_node]: Mode=ALIGN_AISLE | x=-0.00, y=0.00, yaw=-0.00
[INFO] [1778711040.736042032] [centerline_scan_node]: Mode=ALIGN_AISLE | x=-0.00, y=0.00, yaw=-0.00
[INFO] [1778711040.812493796] [centerline_scan_node]: Mode=ALIGN_AISLE | x=-0.00, y=0.00, yaw=-0.00
[INFO] [1778711040.921399217] [centerline_scan_node]: Mode=ALIGN_AISLE | x=-0.00, y=0.00, yaw=-0.00
[INFO] [1778711041.042054534] [centerline_scan_node]: Mode=ALIGN_AISLE | x=-0.00, y=0.00, yaw=-0.00
[INFO] [1778711041.185065278] [centerline_scan_node]: Mode=ALIGN_AISLE | x=-0.00, y=0.00, yaw=-0.00
[INFO] [1778711041.304294805] [centerline_scan_node]: Mode=ALIGN_AISLE | x=-0.00, y=0.00, yaw=-0.00
[INFO] [1778711041.345579281] [centerline_scan_node]: Mode=ALIGN_AISLE | x=-0.00, y=0.00, yaw=-0.00
[INFO] [1778711041.417104254] [centerline_scan_node]: Mode=ALIGN_AISLE | x=-0.00, y=0.00, yaw=-0.00
[INFO] [1778711041.492301124] [centerline_scan_node]: Mode=ALIGN_AISLE | x=-0.00, y=0.00, yaw=-0.00
[INFO] [1778711041.590563930] [centerline_scan_node]: Mode=ALIGN_AISLE | x=-0.00, y=0.00, yaw=-0.00
[INFO] [1778711041.693789877] [centerline_scan_node]: Mode=ALIGN_AISLE | x=-0.00, y=0.00, yaw=-0.00
[INFO] [1778711041.787420345] [centerline_scan_node]: Mode=ALIGN_AISLE | x=-0.00, y=0.00, yaw=-0.00
[INFO] [1778711042.011373183] [centerline_scan_node]: Mode=ALIGN_AISLE | x=-0.00, y=0.00, yaw=-0.00
[INFO] [1778711042.048827217] [centerline_scan_node]: Mode=ALIGN_AISLE | x=-0.00, y=0.00, yaw=-0.00
[INFO] [1778711042.088809847] [centerline_scan_node]: Mode=ALIGN_AISLE | x=-0.00, y=0.00, yaw=-0.00
[INFO] [1778711042.198495044] [centerline_scan_node]: Mode=ALIGN_AISLE | x=-0.00, y=0.00, yaw=-0.00
[INFO] [1778711042.287762367] [centerline_scan_node]: Mode=ALIGN_AISLE | x=-0.00, y=0.00, yaw=-0.00
[INFO] [1778711042.411683850] [centerline_scan_node]: Mode=ALIGN_AISLE | x=-0.00, y=0.00, yaw=-0.00
[INFO] [1778711042.499189398] [centerline_scan_node]: Mode=ALIGN_AISLE | x=-0.00, y=0.00, yaw=-0.00
[INFO] [1778711042.603427247] [centerline_scan_node]: Mode=ALIGN_AISLE | x=-0.00, y=0.00, yaw=-0.00
[INFO] [1778711042.694229479] [centerline_scan_node]: Mode=ALIGN_AISLE | x=-0.00, y=0.00, yaw=-0.00
[INFO] [1778711042.791898246] [centerline_scan_node]: Mode=ALIGN_AISLE | x=-0.00, y=0.00, yaw=-0.00
[INFO] [1778711042.906768901] [centerline_scan_node]: Mode=ALIGN_AISLE | x=-0.00, y=0.00, yaw=-0.00
[INFO] [1778711043.071917115] [centerline_scan_node]: Mode=ALIGN_AISLE | x=-0.00, y=0.00, yaw=-0.00
[INFO] [1778711043.206582365] [centerline_scan_node]: Mode=ALIGN_AISLE | x=-0.00, y=0.00, yaw=-0.00
[INFO] [1778711043.277824769] [centerline_scan_node]: Mode=ALIGN_AISLE | x=-0.00, y=0.00, yaw=-0.00
[INFO] [1778711043.349590085] [centerline_scan_node]: Mode=ALIGN_AISLE | x=-0.00, y=0.00, yaw=-0.00
[INFO] [1778711043.440473796] [centerline_scan_node]: Mode=ALIGN_AISLE | x=-0.00, y=0.00, yaw=-0.00
[INFO] [1778711043.603675649] [centerline_scan_node]: Mode=ALIGN_AISLE | x=-0.00, y=0.00, yaw=-0.00
[INFO] [1778711043.624673288] [centerline_scan_node]: Mode=ALIGN_AISLE | x=-0.00, y=0.00, yaw=-0.00
[INFO] [1778711043.716398811] [centerline_scan_node]: Mode=ALIGN_AISLE | x=-0.00, y=0.00, yaw=-0.00
[INFO] [1778711043.791853459] [centerline_scan_node]: Mode=ALIGN_AISLE | x=-0.00, y=0.00, yaw=-0.00
[INFO] [1778711043.899286208] [centerline_scan_node]: Mode=ALIGN_AISLE | x=-0.00, y=0.00, yaw=-0.00
[INFO] [1778711044.004119368] [centerline_scan_node]: Mode=ALIGN_AISLE | x=-0.00, y=0.00, yaw=-0.00
[INFO] [1778711044.113885226] [centerline_scan_node]: Mode=ALIGN_AISLE | x=-0.00, y=0.00, yaw=-0.00
[INFO] [1778711044.200238540] [centerline_scan_node]: Mode=ALIGN_AISLE | x=-0.00, y=0.00, yaw=-0.00
[INFO] [1778711044.296368458] [centerline_scan_node]: Mode=ALIGN_AISLE | x=-0.00, y=0.00, yaw=-0.00
[INFO] [1778711044.406637551] [centerline_scan_node]: Mode=ALIGN_AISLE | x=-0.00, y=0.00, yaw=-0.00
[INFO] [1778711044.493163425] [centerline_scan_node]: Mode=ALIGN_AISLE | x=-0.00, y=0.00, yaw=-0.00
[INFO] [1778711044.649916791] [centerline_scan_node]: Mode=ALIGN_AISLE | x=-0.00, y=0.00, yaw=-0.00
[INFO] [1778711044.699414866] [centerline_scan_node]: Mode=ALIGN_AISLE | x=-0.00, y=0.00, yaw=-0.00
[INFO] [1778711044.800519168] [centerline_scan_node]: Mode=ALIGN_AISLE | x=-0.00, y=0.00, yaw=-0.00
[INFO] [1778711044.936336920] [centerline_scan_node]: Mode=ALIGN_AISLE | x=-0.00, y=0.00, yaw=-0.00
[INFO] [1778711045.023310938] [centerline_scan_node]: Mode=ALIGN_AISLE | x=-0.00, y=0.00, yaw=-0.00
[INFO] [1778711045.137594787] [centerline_scan_node]: Mode=ALIGN_AISLE | x=-0.00, y=0.00, yaw=-0.00
[INFO] [1778711045.197645176] [centerline_scan_node]: Mode=ALIGN_AISLE | x=-0.00, y=0.00, yaw=-0.00
[INFO] [1778711045.296483156] [centerline_scan_node]: Mode=ALIGN_AISLE | x=-0.00, y=0.00, yaw=-0.00
[INFO] [1778711045.407010687] [centerline_scan_node]: Mode=ALIGN_AISLE | x=-0.00, y=0.00, yaw=-0.00
[INFO] [1778711045.526602361] [centerline_scan_node]: Mode=ALIGN_AISLE | x=-0.00, y=0.00, yaw=-0.00
[INFO] [1778711045.639516784] [centerline_scan_node]: Mode=ALIGN_AISLE | x=-0.00, y=0.00, yaw=-0.00
[INFO] [1778711045.699421358] [centerline_scan_node]: Mode=ALIGN_AISLE | x=-0.00, y=0.00, yaw=-0.00
[INFO] [1778711045.807347838] [centerline_scan_node]: Mode=ALIGN_AISLE | x=-0.00, y=0.00, yaw=-0.00
[INFO] [1778711045.915114332] [centerline_scan_node]: Mode=ALIGN_AISLE | x=-0.00, y=0.00, yaw=-0.00
[INFO] [1778711046.009227777] [centerline_scan_node]: Mode=ALIGN_AISLE | x=-0.00, y=0.00, yaw=-0.00
[INFO] [1778711046.113630456] [centerline_scan_node]: Mode=ALIGN_AISLE | x=-0.00, y=0.00, yaw=-0.00
[INFO] [1778711046.199326232] [centerline_scan_node]: Mode=ALIGN_AISLE | x=-0.00, y=0.00, yaw=-0.00
[INFO] [1778711046.292671951] [centerline_scan_node]: Mode=ALIGN_AISLE | x=-0.00, y=0.00, yaw=-0.00
[INFO] [1778711046.398891926] [centerline_scan_node]: Mode=ALIGN_AISLE | x=-0.00, y=0.00, yaw=-0.00
[INFO] [1778711046.510662592] [centerline_scan_node]: Mode=ALIGN_AISLE | x=-0.00, y=0.00, yaw=-0.00
[INFO] [1778711046.591259629] [centerline_scan_node]: Mode=ALIGN_AISLE | x=-0.00, y=0.00, yaw=-0.00
[INFO] [1778711046.703530149] [centerline_scan_node]: Mode=ALIGN_AISLE | x=-0.00, y=0.00, yaw=-0.00
[INFO] [1778711046.798755411] [centerline_scan_node]: Mode=ALIGN_AISLE | x=-0.00, y=0.00, yaw=-0.00
[INFO] [1778711046.925950345] [centerline_scan_node]: Mode=ALIGN_AISLE | x=-0.00, y=0.00, yaw=-0.00
[INFO] [1778711047.016992105] [centerline_scan_node]: Mode=ALIGN_AISLE | x=-0.00, y=0.00, yaw=-0.00
[INFO] [1778711047.912778113] [centerline_scan_node]: Mode=ALIGN_AISLE | x=-0.00, y=0.00, yaw=-0.00
[INFO] [1778711048.007876769] [centerline_scan_node]: Mode=ALIGN_AISLE | x=-0.00, y=0.00, yaw=-0.00
[INFO] [1778711048.417554981] [centerline_scan_node]: Mode=ALIGN_AISLE | x=-0.00, y=0.00, yaw=-0.00
[INFO] [1778711048.492121539] [centerline_scan_node]: Mode=ALIGN_AISLE | x=-0.00, y=0.00, yaw=-0.00
[INFO] [1778711048.526226002] [centerline_scan_node]: Mode=ALIGN_AISLE | x=-0.00, y=0.00, yaw=-0.00
[INFO] [1778711048.596176197] [centerline_scan_node]: Mode=ALIGN_AISLE | x=-0.00, y=0.00, yaw=-0.00
[INFO] [1778711048.693996365] [centerline_scan_node]: Mode=ALIGN_AISLE | x=-0.00, y=0.00, yaw=-0.00
[INFO] [1778711048.799178662] [centerline_scan_node]: Mode=ALIGN_AISLE | x=-0.00, y=0.00, yaw=-0.00
[INFO] [1778711048.894193771] [centerline_scan_node]: Mode=ALIGN_AISLE | x=-0.00, y=0.00, yaw=-0.00
[INFO] [1778711048.988726588] [centerline_scan_node]: Mode=ALIGN_AISLE | x=-0.00, y=0.00, yaw=-0.00
[INFO] [1778711049.090675984] [centerline_scan_node]: Mode=ALIGN_AISLE | x=-0.00, y=0.00, yaw=-0.00
[INFO] [1778711049.189829905] [centerline_scan_node]: Mode=ALIGN_AISLE | x=-0.00, y=0.00, yaw=-0.00
[INFO] [1778711049.290295255] [centerline_scan_node]: Mode=ALIGN_AISLE | x=-0.00, y=0.00, yaw=-0.00
[INFO] [1778711049.431213814] [centerline_scan_node]: Mode=ALIGN_AISLE | x=-0.00, y=0.00, yaw=-0.00
[INFO] [1778711049.512994760] [centerline_scan_node]: Mode=ALIGN_AISLE | x=-0.00, y=0.00, yaw=-0.00
[INFO] [1778711049.594791348] [centerline_scan_node]: Mode=ALIGN_AISLE | x=-0.00, y=0.00, yaw=-0.00
[INFO] [1778711049.689649157] [centerline_scan_node]: Mode=ALIGN_AISLE | x=-0.00, y=0.00, yaw=-0.00
[INFO] [1778711049.794805431] [centerline_scan_node]: Mode=ALIGN_AISLE | x=-0.00, y=0.00, yaw=-0.00
[INFO] [1778711049.902629288] [centerline_scan_node]: Mode=ALIGN_AISLE | x=-0.00, y=0.00, yaw=-0.00
[INFO] [1778711050.022176651] [centerline_scan_node]: Mode=ALIGN_AISLE | x=-0.00, y=0.00, yaw=-0.00
[INFO] [1778711050.090093698] [centerline_scan_node]: Mode=ALIGN_AISLE | x=-0.00, y=0.00, yaw=-0.00
[INFO] [1778711050.199971266] [centerline_scan_node]: Mode=ALIGN_AISLE | x=-0.00, y=0.00, yaw=-0.00
[INFO] [1778711050.291932162] [centerline_scan_node]: Mode=ALIGN_AISLE | x=-0.00, y=0.00, yaw=-0.00
[INFO] [1778711050.398258682] [centerline_scan_node]: Mode=ALIGN_AISLE | x=-0.00, y=0.00, yaw=-0.00
[INFO] [1778711050.505518285] [centerline_scan_node]: Mode=ALIGN_AISLE | x=-0.00, y=0.00, yaw=-0.00
[INFO] [1778711050.606671487] [centerline_scan_node]: Mode=ALIGN_AISLE | x=-0.00, y=0.00, yaw=-0.00
[INFO] [1778711050.716576878] [centerline_scan_node]: Mode=ALIGN_AISLE | x=-0.00, y=0.00, yaw=-0.00
[INFO] [1778711050.825737504] [centerline_scan_node]: Mode=ALIGN_AISLE | x=-0.00, y=0.00, yaw=-0.00
[INFO] [1778711050.907056647] [centerline_scan_node]: Mode=ALIGN_AISLE | x=-0.00, y=0.00, yaw=-0.00
[INFO] [1778711051.031621700] [centerline_scan_node]: Mode=ALIGN_AISLE | x=-0.00, y=0.00, yaw=-0.00
[INFO] [1778711051.089053664] [centerline_scan_node]: Mode=ALIGN_AISLE | x=-0.00, y=0.00, yaw=-0.00
[INFO] [1778711051.193146256] [centerline_scan_node]: Mode=ALIGN_AISLE | x=-0.00, y=0.00, yaw=-0.00
[INFO] [1778711051.322616658] [centerline_scan_node]: Mode=ALIGN_AISLE | x=-0.00, y=0.00, yaw=-0.00
[INFO] [1778711051.403753622] [centerline_scan_node]: Mode=ALIGN_AISLE | x=-0.00, y=0.00, yaw=-0.00
[INFO] [1778711051.521742061] [centerline_scan_node]: Mode=ALIGN_AISLE | x=-0.00, y=0.00, yaw=-0.00
[INFO] [1778711051.690543600] [centerline_scan_node]: Mode=ALIGN_AISLE | x=-0.00, y=0.00, yaw=-0.00
[INFO] [1778711051.861567713] [centerline_scan_node]: Mode=ALIGN_AISLE | x=-0.00, y=0.00, yaw=-0.00
[INFO] [1778711051.996148246] [centerline_scan_node]: Mode=ALIGN_AISLE | x=-0.00, y=0.00, yaw=-0.00
[INFO] [1778711052.019441918] [centerline_scan_node]: Mode=ALIGN_AISLE | x=-0.00, y=0.00, yaw=-0.00
[INFO] [1778711052.142677094] [centerline_scan_node]: Mode=ALIGN_AISLE | x=-0.00, y=0.00, yaw=-0.00
[INFO] [1778711052.206399927] [centerline_scan_node]: Mode=ALIGN_AISLE | x=-0.00, y=0.00, yaw=-0.00
[INFO] [1778711052.319274888] [centerline_scan_node]: Mode=ALIGN_AISLE | x=-0.00, y=0.00, yaw=-0.00
[INFO] [1778711052.397223441] [centerline_scan_node]: Mode=ALIGN_AISLE | x=-0.00, y=0.00, yaw=-0.00
[INFO] [1778711052.508730515] [centerline_scan_node]: Mode=ALIGN_AISLE | x=-0.00, y=0.00, yaw=-0.00
[INFO] [1778711052.624593431] [centerline_scan_node]: Mode=ALIGN_AISLE | x=-0.00, y=0.00, yaw=-0.00
[INFO] [1778711052.785871265] [centerline_scan_node]: Mode=ALIGN_AISLE | x=-0.00, y=0.00, yaw=-0.00
[INFO] [1778711052.806454055] [centerline_scan_node]: Mode=ALIGN_AISLE | x=-0.00, y=0.00, yaw=-0.00
[INFO] [1778711052.911954789] [centerline_scan_node]: Mode=ALIGN_AISLE | x=-0.00, y=0.00, yaw=-0.00
[INFO] [1778711052.991446889] [centerline_scan_node]: Mode=ALIGN_AISLE | x=-0.00, y=0.00, yaw=-0.00
[INFO] [1778711053.109083558] [centerline_scan_node]: Mode=ALIGN_AISLE | x=-0.00, y=0.00, yaw=-0.00
[INFO] [1778711053.195962201] [centerline_scan_node]: Mode=ALIGN_AISLE | x=-0.00, y=0.00, yaw=-0.00
[INFO] [1778711053.320978971] [centerline_scan_node]: Mode=ALIGN_AISLE | x=-0.00, y=0.00, yaw=-0.00
[INFO] [1778711053.410369949] [centerline_scan_node]: Mode=ALIGN_AISLE | x=-0.00, y=0.00, yaw=-0.00
[INFO] [1778711053.507011321] [centerline_scan_node]: Mode=ALIGN_AISLE | x=-0.00, y=0.00, yaw=-0.00
[INFO] [1778711053.605721865] [centerline_scan_node]: Mode=ALIGN_AISLE | x=-0.00, y=0.00, yaw=-0.00
[INFO] [1778711053.712055640] [centerline_scan_node]: Mode=ALIGN_AISLE | x=-0.00, y=0.00, yaw=-0.00
[INFO] [1778711053.786764087] [centerline_scan_node]: Mode=ALIGN_AISLE | x=-0.00, y=0.00, yaw=-0.00
[INFO] [1778711053.908229510] [centerline_scan_node]: Mode=ALIGN_AISLE | x=-0.00, y=0.00, yaw=-0.00
[INFO] [1778711054.031726523] [centerline_scan_node]: Mode=ALIGN_AISLE | x=-0.00, y=0.00, yaw=-0.00
[INFO] [1778711054.104104537] [centerline_scan_node]: Mode=ALIGN_AISLE | x=-0.00, y=0.00, yaw=-0.00
[INFO] [1778711054.216299523] [centerline_scan_node]: Mode=ALIGN_AISLE | x=-0.00, y=0.00, yaw=-0.00
[INFO] [1778711054.290327642] [centerline_scan_node]: Mode=ALIGN_AISLE | x=-0.00, y=0.00, yaw=-0.00
[INFO] [1778711054.406390706] [centerline_scan_node]: Mode=ALIGN_AISLE | x=-0.00, y=0.00, yaw=-0.00
[INFO] [1778711054.505559396] [centerline_scan_node]: Mode=ALIGN_AISLE | x=-0.00, y=0.00, yaw=-0.00
[INFO] [1778711054.599940398] [centerline_scan_node]: Mode=ALIGN_AISLE | x=-0.00, y=0.00, yaw=-0.00
[INFO] [1778711054.699663539] [centerline_scan_node]: Mode=ALIGN_AISLE | x=-0.00, y=0.00, yaw=-0.00
[INFO] [1778711054.825298317] [centerline_scan_node]: Mode=ALIGN_AISLE | x=-0.00, y=0.00, yaw=-0.00
[INFO] [1778711054.927711348] [centerline_scan_node]: Mode=ALIGN_AISLE | x=-0.00, y=0.00, yaw=-0.00
[INFO] [1778711055.066527824] [centerline_scan_node]: Mode=ALIGN_AISLE | x=-0.00, y=0.00, yaw=-0.00
[INFO] [1778711055.099359361] [centerline_scan_node]: Mode=ALIGN_AISLE | x=-0.00, y=0.00, yaw=-0.00
[INFO] [1778711055.220465556] [centerline_scan_node]: Mode=ALIGN_AISLE | x=-0.00, y=0.00, yaw=-0.00
[INFO] [1778711055.299638811] [centerline_scan_node]: Mode=ALIGN_AISLE | x=-0.00, y=0.00, yaw=-0.00
[INFO] [1778711055.400254172] [centerline_scan_node]: Mode=ALIGN_AISLE | x=-0.00, y=0.00, yaw=-0.00
[INFO] [1778711055.517039043] [centerline_scan_node]: Mode=ALIGN_AISLE | x=-0.00, y=0.00, yaw=-0.00
[INFO] [1778711055.591507099] [centerline_scan_node]: Mode=ALIGN_AISLE | x=-0.00, y=0.00, yaw=-0.00
[INFO] [1778711055.727016832] [centerline_scan_node]: Mode=ALIGN_AISLE | x=-0.00, y=0.00, yaw=-0.00
[INFO] [1778711055.821157367] [centerline_scan_node]: Mode=ALIGN_AISLE | x=-0.00, y=0.00, yaw=-0.00
[INFO] [1778711055.905167944] [centerline_scan_node]: Mode=ALIGN_AISLE | x=-0.00, y=0.00, yaw=-0.00
[INFO] [1778711056.006692393] [centerline_scan_node]: Mode=ALIGN_AISLE | x=-0.00, y=0.00, yaw=-0.00
[INFO] [1778711056.106573775] [centerline_scan_node]: Mode=ALIGN_AISLE | x=-0.00, y=0.00, yaw=-0.00
[INFO] [1778711056.235240454] [centerline_scan_node]: Mode=ALIGN_AISLE | x=-0.00, y=0.00, yaw=-0.00
[INFO] [1778711056.364071218] [centerline_scan_node]: Mode=ALIGN_AISLE | x=-0.00, y=0.00, yaw=-0.00
[INFO] [1778711056.418508087] [centerline_scan_node]: Mode=ALIGN_AISLE | x=-0.00, y=0.00, yaw=-0.00
[INFO] [1778711056.552623395] [centerline_scan_node]: Mode=ALIGN_AISLE | x=-0.00, y=0.00, yaw=-0.00
[INFO] [1778711056.628330360] [centerline_scan_node]: Mode=ALIGN_AISLE | x=-0.00, y=0.00, yaw=-0.00
[INFO] [1778711056.709393362] [centerline_scan_node]: Mode=ALIGN_AISLE | x=-0.00, y=0.00, yaw=-0.00
[INFO] [1778711056.855282707] [centerline_scan_node]: Mode=ALIGN_AISLE | x=-0.00, y=0.00, yaw=-0.00
[INFO] [1778711056.966160230] [centerline_scan_node]: Mode=ALIGN_AISLE | x=-0.00, y=0.00, yaw=-0.00
[INFO] [1778711057.020338629] [centerline_scan_node]: Mode=ALIGN_AISLE | x=-0.00, y=0.00, yaw=-0.00
[INFO] [1778711057.121550259] [centerline_scan_node]: Mode=ALIGN_AISLE | x=-0.00, y=0.00, yaw=-0.00
[INFO] [1778711057.244915798] [centerline_scan_node]: Mode=ALIGN_AISLE | x=-0.00, y=0.00, yaw=-0.00
[INFO] [1778711057.410744716] [centerline_scan_node]: Mode=ALIGN_AISLE | x=-0.00, y=0.00, yaw=-0.00
[INFO] [1778711057.481302908] [centerline_scan_node]: Mode=ALIGN_AISLE | x=-0.00, y=0.00, yaw=-0.00
[INFO] [1778711057.515894927] [centerline_scan_node]: Mode=ALIGN_AISLE | x=-0.00, y=0.00, yaw=-0.00
[INFO] [1778711057.633725653] [centerline_scan_node]: Mode=ALIGN_AISLE | x=-0.00, y=0.00, yaw=-0.00
[INFO] [1778711057.726094290] [centerline_scan_node]: Mode=ALIGN_AISLE | x=-0.00, y=0.00, yaw=-0.00
[INFO] [1778711057.809749676] [centerline_scan_node]: Mode=ALIGN_AISLE | x=-0.00, y=0.00, yaw=-0.00
[INFO] [1778711057.901056664] [centerline_scan_node]: Mode=ALIGN_AISLE | x=-0.00, y=0.00, yaw=-0.00
[INFO] [1778711058.049243010] [centerline_scan_node]: Mode=ALIGN_AISLE | x=-0.00, y=0.00, yaw=-0.00
[INFO] [1778711058.106155633] [centerline_scan_node]: Mode=ALIGN_AISLE | x=-0.00, y=0.00, yaw=-0.00
[INFO] [1778711058.216348723] [centerline_scan_node]: Mode=ALIGN_AISLE | x=-0.00, y=0.00, yaw=-0.00
[INFO] [1778711058.342631807] [centerline_scan_node]: Mode=ALIGN_AISLE | x=-0.00, y=0.00, yaw=-0.00
[INFO] [1778711058.539895005] [centerline_scan_node]: Mode=ALIGN_AISLE | x=-0.00, y=0.00, yaw=-0.00
[INFO] [1778711058.593062611] [centerline_scan_node]: Mode=ALIGN_AISLE | x=-0.00, y=0.00, yaw=-0.00
[INFO] [1778711058.617898206] [centerline_scan_node]: Mode=ALIGN_AISLE | x=-0.00, y=0.00, yaw=-0.00
[INFO] [1778711058.697719738] [centerline_scan_node]: Mode=ALIGN_AISLE | x=-0.00, y=0.00, yaw=-0.00
[INFO] [1778711058.801725931] [centerline_scan_node]: Mode=ALIGN_AISLE | x=-0.00, y=0.00, yaw=-0.00
[INFO] [1778711058.901744173] [centerline_scan_node]: Mode=ALIGN_AISLE | x=-0.00, y=0.00, yaw=-0.00
[INFO] [1778711058.991958682] [centerline_scan_node]: Mode=ALIGN_AISLE | x=-0.00, y=0.00, yaw=-0.00
[INFO] [1778711059.088870625] [centerline_scan_node]: Mode=ALIGN_AISLE | x=-0.00, y=0.00, yaw=-0.00
[INFO] [1778711059.190655601] [centerline_scan_node]: Mode=ALIGN_AISLE | x=-0.00, y=0.00, yaw=-0.00
[INFO] [1778711059.288900408] [centerline_scan_node]: Mode=ALIGN_AISLE | x=-0.00, y=0.00, yaw=-0.00
[INFO] [1778711059.401289044] [centerline_scan_node]: Mode=ALIGN_AISLE | x=-0.00, y=0.00, yaw=-0.00
[INFO] [1778711059.504371903] [centerline_scan_node]: Mode=ALIGN_AISLE | x=-0.00, y=0.00, yaw=-0.00
[INFO] [1778711059.603027360] [centerline_scan_node]: Mode=ALIGN_AISLE | x=-0.00, y=0.00, yaw=-0.00
[INFO] [1778711059.710396235] [centerline_scan_node]: Mode=ALIGN_AISLE | x=-0.00, y=0.00, yaw=-0.00
[INFO] [1778711059.805161327] [centerline_scan_node]: Mode=ALIGN_AISLE | x=-0.00, y=0.00, yaw=-0.00
[INFO] [1778711059.913991678] [centerline_scan_node]: Mode=ALIGN_AISLE | x=-0.00, y=0.00, yaw=-0.00
[INFO] [1778711059.990696942] [centerline_scan_node]: Mode=ALIGN_AISLE | x=-0.00, y=0.00, yaw=-0.00
[INFO] [1778711060.088274800] [centerline_scan_node]: Mode=ALIGN_AISLE | x=-0.00, y=0.00, yaw=-0.00
[INFO] [1778711060.202458617] [centerline_scan_node]: Mode=ALIGN_AISLE | x=-0.00, y=0.00, yaw=-0.00
[INFO] [1778711060.291029211] [centerline_scan_node]: Mode=ALIGN_AISLE | x=-0.00, y=0.00, yaw=-0.00
[INFO] [1778711060.388120073] [centerline_scan_node]: Mode=ALIGN_AISLE | x=-0.00, y=0.00, yaw=-0.00
[INFO] [1778711060.488292060] [centerline_scan_node]: Mode=ALIGN_AISLE | x=-0.00, y=0.00, yaw=-0.00
[INFO] [1778711060.590456810] [centerline_scan_node]: Mode=ALIGN_AISLE | x=-0.00, y=0.00, yaw=-0.00
[INFO] [1778711060.697453247] [centerline_scan_node]: Mode=ALIGN_AISLE | x=-0.00, y=0.00, yaw=-0.00
[INFO] [1778711060.789692406] [centerline_scan_node]: Mode=ALIGN_AISLE | x=-0.00, y=0.00, yaw=-0.00
[INFO] [1778711060.887983409] [centerline_scan_node]: Mode=ALIGN_AISLE | x=-0.00, y=0.00, yaw=-0.00
[INFO] [1778711060.990961956] [centerline_scan_node]: Mode=ALIGN_AISLE | x=-0.00, y=0.00, yaw=-0.00
[INFO] [1778711061.088416955] [centerline_scan_node]: Mode=ALIGN_AISLE | x=-0.00, y=0.00, yaw=-0.00
[INFO] [1778711061.195523723] [centerline_scan_node]: Mode=ALIGN_AISLE | x=-0.00, y=0.00, yaw=-0.00
[INFO] [1778711061.295958425] [centerline_scan_node]: Mode=ALIGN_AISLE | x=-0.00, y=0.00, yaw=-0.00
[INFO] [1778711061.390770742] [centerline_scan_node]: Mode=ALIGN_AISLE | x=-0.00, y=0.00, yaw=-0.00
[INFO] [1778711061.490090448] [centerline_scan_node]: Mode=ALIGN_AISLE | x=-0.00, y=0.00, yaw=-0.00
[INFO] [1778711061.594285425] [centerline_scan_node]: Mode=ALIGN_AISLE | x=-0.00, y=0.00, yaw=-0.00
[INFO] [1778711061.690170249] [centerline_scan_node]: Mode=ALIGN_AISLE | x=-0.00, y=0.00, yaw=-0.00
[INFO] [1778711061.787695989] [centerline_scan_node]: Mode=ALIGN_AISLE | x=-0.00, y=0.00, yaw=-0.00
[INFO] [1778711061.888946876] [centerline_scan_node]: Mode=ALIGN_AISLE | x=-0.00, y=0.00, yaw=-0.00
[INFO] [1778711061.992704041] [centerline_scan_node]: Mode=ALIGN_AISLE | x=-0.00, y=0.00, yaw=-0.00
[INFO] [1778711062.090451188] [centerline_scan_node]: Mode=ALIGN_AISLE | x=-0.00, y=0.00, yaw=-0.00
[INFO] [1778711062.199458642] [centerline_scan_node]: Mode=ALIGN_AISLE | x=-0.00, y=0.00, yaw=-0.00
[INFO] [1778711062.289419337] [centerline_scan_node]: Mode=ALIGN_AISLE | x=-0.00, y=0.00, yaw=-0.00
[INFO] [1778711062.391915265] [centerline_scan_node]: Mode=ALIGN_AISLE | x=-0.00, y=0.00, yaw=-0.00
[INFO] [1778711062.501792617] [centerline_scan_node]: Mode=ALIGN_AISLE | x=-0.00, y=0.00, yaw=-0.00
[INFO] [1778711062.589878556] [centerline_scan_node]: Mode=ALIGN_AISLE | x=-0.00, y=0.00, yaw=-0.00
[INFO] [1778711062.687853692] [centerline_scan_node]: Mode=ALIGN_AISLE | x=-0.00, y=0.00, yaw=-0.00
[INFO] [1778711062.785752230] [centerline_scan_node]: Mode=ALIGN_AISLE | x=-0.00, y=0.00, yaw=-0.00
[INFO] [1778711062.889930806] [centerline_scan_node]: Mode=ALIGN_AISLE | x=-0.00, y=0.00, yaw=-0.00
[INFO] [1778711063.000606477] [centerline_scan_node]: Mode=ALIGN_AISLE | x=-0.00, y=0.00, yaw=-0.00
[INFO] [1778711063.094997209] [centerline_scan_node]: Mode=ALIGN_AISLE | x=-0.00, y=0.00, yaw=-0.00
[INFO] [1778711063.193348214] [centerline_scan_node]: Mode=ALIGN_AISLE | x=-0.00, y=0.00, yaw=-0.00
[INFO] [1778711063.300092775] [centerline_scan_node]: Mode=ALIGN_AISLE | x=-0.00, y=0.00, yaw=-0.00
[INFO] [1778711063.394748264] [centerline_scan_node]: Mode=ALIGN_AISLE | x=-0.00, y=0.00, yaw=-0.00
[INFO] [1778711063.498675960] [centerline_scan_node]: Mode=ALIGN_AISLE | x=-0.00, y=0.00, yaw=-0.00
[INFO] [1778711063.587669558] [centerline_scan_node]: Mode=ALIGN_AISLE | x=-0.00, y=0.00, yaw=-0.00
[INFO] [1778711063.693878674] [centerline_scan_node]: Mode=ALIGN_AISLE | x=-0.00, y=0.00, yaw=-0.00
[INFO] [1778711063.791360197] [centerline_scan_node]: Mode=ALIGN_AISLE | x=-0.00, y=0.00, yaw=-0.00
[INFO] [1778711063.895073413] [centerline_scan_node]: Mode=ALIGN_AISLE | x=-0.00, y=0.00, yaw=-0.00
[INFO] [1778711063.992121420] [centerline_scan_node]: Mode=ALIGN_AISLE | x=-0.00, y=0.00, yaw=-0.00
[INFO] [1778711064.119279072] [centerline_scan_node]: Mode=ALIGN_AISLE | x=-0.00, y=0.00, yaw=-0.00
[INFO] [1778711064.193023792] [centerline_scan_node]: Mode=ALIGN_AISLE | x=-0.00, y=0.00, yaw=-0.00
[INFO] [1778711064.301025797] [centerline_scan_node]: Mode=ALIGN_AISLE | x=-0.00, y=0.00, yaw=-0.00
[INFO] [1778711064.393563593] [centerline_scan_node]: Mode=ALIGN_AISLE | x=-0.00, y=0.00, yaw=-0.00
[INFO] [1778711064.514151145] [centerline_scan_node]: Mode=ALIGN_AISLE | x=-0.00, y=0.00, yaw=-0.00
[INFO] [1778711064.600483134] [centerline_scan_node]: Mode=ALIGN_AISLE | x=-0.00, y=0.00, yaw=-0.00
[INFO] [1778711064.693487512] [centerline_scan_node]: Mode=ALIGN_AISLE | x=-0.00, y=0.00, yaw=-0.00
[INFO] [1778711064.794840007] [centerline_scan_node]: Mode=ALIGN_AISLE | x=-0.00, y=0.00, yaw=-0.00
[INFO] [1778711064.889330141] [centerline_scan_node]: Mode=ALIGN_AISLE | x=-0.00, y=0.00, yaw=-0.00
[INFO] [1778711064.988881313] [centerline_scan_node]: Mode=ALIGN_AISLE | x=-0.00, y=0.00, yaw=-0.00
[INFO] [1778711065.099693361] [centerline_scan_node]: Mode=ALIGN_AISLE | x=-0.00, y=0.00, yaw=-0.00
[INFO] [1778711065.191496755] [centerline_scan_node]: Mode=ALIGN_AISLE | x=-0.00, y=0.00, yaw=-0.00
[INFO] [1778711065.288676963] [centerline_scan_node]: Mode=ALIGN_AISLE | x=-0.00, y=0.00, yaw=-0.00
[INFO] [1778711065.393257479] [centerline_scan_node]: Mode=ALIGN_AISLE | x=-0.00, y=0.00, yaw=-0.00
[INFO] [1778711065.498310706] [centerline_scan_node]: Mode=ALIGN_AISLE | x=-0.00, y=0.00, yaw=-0.00
[INFO] [1778711065.593163660] [centerline_scan_node]: Mode=ALIGN_AISLE | x=-0.00, y=0.00, yaw=-0.00
[INFO] [1778711065.690924434] [centerline_scan_node]: Mode=ALIGN_AISLE | x=-0.00, y=0.00, yaw=-0.00
[INFO] [1778711065.798679191] [centerline_scan_node]: Mode=ALIGN_AISLE | x=-0.00, y=0.00, yaw=-0.00
[INFO] [1778711065.892314071] [centerline_scan_node]: Mode=ALIGN_AISLE | x=-0.00, y=0.00, yaw=-0.00
[INFO] [1778711065.993136849] [centerline_scan_node]: Mode=ALIGN_AISLE | x=-0.00, y=0.00, yaw=-0.00
[INFO] [1778711066.087811783] [centerline_scan_node]: Mode=ALIGN_AISLE | x=-0.00, y=0.00, yaw=-0.00
[INFO] [1778711066.207564927] [centerline_scan_node]: Mode=ALIGN_AISLE | x=-0.00, y=0.00, yaw=-0.00
[INFO] [1778711066.372968720] [centerline_scan_node]: Mode=ALIGN_AISLE | x=-0.00, y=0.00, yaw=-0.00
[INFO] [1778711066.402149621] [centerline_scan_node]: Mode=ALIGN_AISLE | x=-0.00, y=0.00, yaw=-0.00
[INFO] [1778711066.497058737] [centerline_scan_node]: Mode=ALIGN_AISLE | x=-0.00, y=0.00, yaw=-0.00
[INFO] [1778711066.596285956] [centerline_scan_node]: Mode=ALIGN_AISLE | x=-0.00, y=0.00, yaw=-0.00
[INFO] [1778711066.693044206] [centerline_scan_node]: Mode=ALIGN_AISLE | x=-0.00, y=0.00, yaw=-0.00
[INFO] [1778711066.793804350] [centerline_scan_node]: Mode=ALIGN_AISLE | x=-0.00, y=0.00, yaw=-0.00
[INFO] [1778711066.891942299] [centerline_scan_node]: Mode=ALIGN_AISLE | x=-0.00, y=0.00, yaw=-0.00
[INFO] [1778711066.992070902] [centerline_scan_node]: Mode=ALIGN_AISLE | x=-0.00, y=0.00, yaw=-0.00
[INFO] [1778711067.092583229] [centerline_scan_node]: Mode=ALIGN_AISLE | x=-0.00, y=0.00, yaw=-0.00
[INFO] [1778711067.198735253] [centerline_scan_node]: Mode=ALIGN_AISLE | x=-0.00, y=0.00, yaw=-0.00
[INFO] [1778711067.295534208] [centerline_scan_node]: Mode=ALIGN_AISLE | x=-0.00, y=0.00, yaw=-0.00
[INFO] [1778711067.387878775] [centerline_scan_node]: Mode=ALIGN_AISLE | x=-0.00, y=0.00, yaw=-0.00
[INFO] [1778711067.496164082] [centerline_scan_node]: Mode=ALIGN_AISLE | x=-0.00, y=0.00, yaw=-0.00
[INFO] [1778711067.590199633] [centerline_scan_node]: Mode=ALIGN_AISLE | x=-0.00, y=0.00, yaw=-0.00
[INFO] [1778711067.694796773] [centerline_scan_node]: Mode=ALIGN_AISLE | x=-0.00, y=0.00, yaw=-0.00
[INFO] [1778711067.792934869] [centerline_scan_node]: Mode=ALIGN_AISLE | x=-0.00, y=0.00, yaw=-0.00
[INFO] [1778711067.899486370] [centerline_scan_node]: Mode=ALIGN_AISLE | x=-0.00, y=0.00, yaw=-0.00
[INFO] [1778711067.989067342] [centerline_scan_node]: Mode=ALIGN_AISLE | x=-0.00, y=0.00, yaw=-0.00
[INFO] [1778711068.094929069] [centerline_scan_node]: Mode=ALIGN_AISLE | x=-0.00, y=0.00, yaw=-0.00
[INFO] [1778711068.199600017] [centerline_scan_node]: Mode=ALIGN_AISLE | x=-0.00, y=0.00, yaw=-0.00
[INFO] [1778711068.299082903] [centerline_scan_node]: Mode=ALIGN_AISLE | x=-0.00, y=0.00, yaw=-0.00
[INFO] [1778711068.395053747] [centerline_scan_node]: Mode=ALIGN_AISLE | x=-0.00, y=0.00, yaw=-0.00
[INFO] [1778711068.510948474] [centerline_scan_node]: Mode=ALIGN_AISLE | x=-0.00, y=0.00, yaw=-0.00
[INFO] [1778711068.593548892] [centerline_scan_node]: Mode=ALIGN_AISLE | x=-0.00, y=0.00, yaw=-0.00
[INFO] [1778711068.695993786] [centerline_scan_node]: Mode=ALIGN_AISLE | x=-0.00, y=0.00, yaw=-0.00
[INFO] [1778711068.804471393] [centerline_scan_node]: Mode=ALIGN_AISLE | x=-0.00, y=0.00, yaw=-0.00
[INFO] [1778711068.896196643] [centerline_scan_node]: Mode=ALIGN_AISLE | x=-0.00, y=0.00, yaw=-0.00
[INFO] [1778711068.999731137] [centerline_scan_node]: Mode=ALIGN_AISLE | x=-0.00, y=0.00, yaw=-0.00
[INFO] [1778711069.094919668] [centerline_scan_node]: Mode=ALIGN_AISLE | x=-0.00, y=0.00, yaw=-0.00
[INFO] [1778711069.203604902] [centerline_scan_node]: Mode=ALIGN_AISLE | x=-0.00, y=0.00, yaw=-0.00
[INFO] [1778711069.300919549] [centerline_scan_node]: Mode=ALIGN_AISLE | x=-0.00, y=0.00, yaw=-0.00
[INFO] [1778711069.407476145] [centerline_scan_node]: Mode=ALIGN_AISLE | x=-0.00, y=0.00, yaw=-0.00
[INFO] [1778711069.500482826] [centerline_scan_node]: Mode=ALIGN_AISLE | x=-0.00, y=0.00, yaw=-0.00
[INFO] [1778711069.600346175] [centerline_scan_node]: Mode=ALIGN_AISLE | x=-0.00, y=0.00, yaw=-0.00
[INFO] [1778711069.709326808] [centerline_scan_node]: Mode=ALIGN_AISLE | x=-0.00, y=0.00, yaw=-0.00
[INFO] [1778711069.798957709] [centerline_scan_node]: Mode=ALIGN_AISLE | x=-0.00, y=0.00, yaw=-0.00
[INFO] [1778711069.896198012] [centerline_scan_node]: Mode=ALIGN_AISLE | x=-0.00, y=0.00, yaw=-0.00
[INFO] [1778711070.004726965] [centerline_scan_node]: Mode=ALIGN_AISLE | x=-0.00, y=0.00, yaw=-0.00
[INFO] [1778711070.091397084] [centerline_scan_node]: Mode=ALIGN_AISLE | x=-0.00, y=0.00, yaw=-0.00
[INFO] [1778711070.189498218] [centerline_scan_node]: Mode=ALIGN_AISLE | x=-0.00, y=0.00, yaw=-0.00
[INFO] [1778711070.290745282] [centerline_scan_node]: Mode=ALIGN_AISLE | x=-0.00, y=0.00, yaw=-0.00
[INFO] [1778711070.393664554] [centerline_scan_node]: Mode=ALIGN_AISLE | x=-0.00, y=0.00, yaw=-0.00
[INFO] [1778711070.489166226] [centerline_scan_node]: Mode=ALIGN_AISLE | x=-0.00, y=0.00, yaw=-0.00
[INFO] [1778711070.590406313] [centerline_scan_node]: Mode=ALIGN_AISLE | x=-0.00, y=0.00, yaw=-0.00
[INFO] [1778711070.692930202] [centerline_scan_node]: Mode=ALIGN_AISLE | x=-0.00, y=0.00, yaw=-0.00
[INFO] [1778711070.791183186] [centerline_scan_node]: Mode=ALIGN_AISLE | x=-0.00, y=0.00, yaw=-0.00
[INFO] [1778711070.886870375] [centerline_scan_node]: Mode=ALIGN_AISLE | x=-0.00, y=0.00, yaw=-0.00
[INFO] [1778711070.997978328] [centerline_scan_node]: Mode=ALIGN_AISLE | x=-0.00, y=0.00, yaw=-0.00
[INFO] [1778711071.096012830] [centerline_scan_node]: Mode=ALIGN_AISLE | x=-0.00, y=0.00, yaw=-0.00
[INFO] [1778711071.197163670] [centerline_scan_node]: Mode=ALIGN_AISLE | x=-0.00, y=0.00, yaw=-0.00
[INFO] [1778711071.289813162] [centerline_scan_node]: Mode=ALIGN_AISLE | x=-0.00, y=0.00, yaw=-0.00
[INFO] [1778711071.388348801] [centerline_scan_node]: Mode=ALIGN_AISLE | x=-0.00, y=0.00, yaw=-0.00
[INFO] [1778711071.496019875] [centerline_scan_node]: Mode=ALIGN_AISLE | x=-0.00, y=0.00, yaw=-0.00
[INFO] [1778711071.594038437] [centerline_scan_node]: Mode=ALIGN_AISLE | x=-0.00, y=0.00, yaw=-0.00
[INFO] [1778711071.690532051] [centerline_scan_node]: Mode=ALIGN_AISLE | x=-0.00, y=0.00, yaw=-0.00
[INFO] [1778711071.796712055] [centerline_scan_node]: Mode=ALIGN_AISLE | x=-0.00, y=0.00, yaw=-0.00
[INFO] [1778711071.897784023] [centerline_scan_node]: Mode=ALIGN_AISLE | x=-0.00, y=0.00, yaw=-0.00
[INFO] [1778711071.996410043] [centerline_scan_node]: Mode=ALIGN_AISLE | x=-0.00, y=0.00, yaw=-0.00
[INFO] [1778711072.117444672] [centerline_scan_node]: Mode=ALIGN_AISLE | x=-0.00, y=0.00, yaw=-0.00
[INFO] [1778711072.204942817] [centerline_scan_node]: Mode=ALIGN_AISLE | x=-0.00, y=0.00, yaw=-0.00
[INFO] [1778711072.313030826] [centerline_scan_node]: Mode=ALIGN_AISLE | x=-0.00, y=0.00, yaw=-0.00
[INFO] [1778711072.405586751] [centerline_scan_node]: Mode=ALIGN_AISLE | x=-0.00, y=0.00, yaw=-0.00
[INFO] [1778711072.497577175] [centerline_scan_node]: Mode=ALIGN_AISLE | x=-0.00, y=0.00, yaw=-0.00
[INFO] [1778711072.597642642] [centerline_scan_node]: Mode=ALIGN_AISLE | x=-0.00, y=0.00, yaw=-0.00
[INFO] [1778711072.699927184] [centerline_scan_node]: Mode=ALIGN_AISLE | x=-0.00, y=0.00, yaw=-0.00
[INFO] [1778711072.792138860] [centerline_scan_node]: Mode=ALIGN_AISLE | x=-0.00, y=0.00, yaw=-0.00
[INFO] [1778711072.889876938] [centerline_scan_node]: Mode=ALIGN_AISLE | x=-0.00, y=0.00, yaw=-0.00
[INFO] [1778711072.990208578] [centerline_scan_node]: Mode=ALIGN_AISLE | x=-0.00, y=0.00, yaw=-0.00
[INFO] [1778711073.086881889] [centerline_scan_node]: Mode=ALIGN_AISLE | x=-0.00, y=0.00, yaw=-0.00
[INFO] [1778711073.193119501] [centerline_scan_node]: Mode=ALIGN_AISLE | x=-0.00, y=0.00, yaw=-0.00
[INFO] [1778711073.297886179] [centerline_scan_node]: Mode=ALIGN_AISLE | x=-0.00, y=0.00, yaw=-0.00
[INFO] [1778711073.405480309] [centerline_scan_node]: Mode=ALIGN_AISLE | x=-0.00, y=0.00, yaw=-0.00
[INFO] [1778711073.504095697] [centerline_scan_node]: Mode=ALIGN_AISLE | x=-0.00, y=0.00, yaw=-0.00
[INFO] [1778711073.603348609] [centerline_scan_node]: Mode=ALIGN_AISLE | x=-0.00, y=0.00, yaw=-0.00
[INFO] [1778711073.695273423] [centerline_scan_node]: Mode=ALIGN_AISLE | x=-0.00, y=0.00, yaw=-0.00
[INFO] [1778711073.800063266] [centerline_scan_node]: Mode=ALIGN_AISLE | x=-0.00, y=0.00, yaw=-0.00
[INFO] [1778711073.915897276] [centerline_scan_node]: Mode=ALIGN_AISLE | x=-0.00, y=0.00, yaw=-0.00
[INFO] [1778711074.004251775] [centerline_scan_node]: Mode=ALIGN_AISLE | x=-0.00, y=0.00, yaw=-0.00
[INFO] [1778711074.092879941] [centerline_scan_node]: Mode=ALIGN_AISLE | x=-0.00, y=0.00, yaw=-0.00
[INFO] [1778711074.191717381] [centerline_scan_node]: Mode=ALIGN_AISLE | x=-0.00, y=0.00, yaw=-0.00
[INFO] [1778711074.295872985] [centerline_scan_node]: Mode=ALIGN_AISLE | x=-0.00, y=0.00, yaw=-0.00
[INFO] [1778711074.412351234] [centerline_scan_node]: Mode=ALIGN_AISLE | x=-0.00, y=0.00, yaw=-0.00
[INFO] [1778711074.488551830] [centerline_scan_node]: Mode=ALIGN_AISLE | x=-0.00, y=0.00, yaw=-0.00
[INFO] [1778711074.597270892] [centerline_scan_node]: Mode=ALIGN_AISLE | x=-0.00, y=0.00, yaw=-0.00
[INFO] [1778711074.697907768] [centerline_scan_node]: Mode=ALIGN_AISLE | x=-0.00, y=0.00, yaw=-0.00
[INFO] [1778711074.798684059] [centerline_scan_node]: Mode=ALIGN_AISLE | x=-0.00, y=0.00, yaw=-0.00
[INFO] [1778711074.902502332] [centerline_scan_node]: Mode=ALIGN_AISLE | x=-0.00, y=0.00, yaw=-0.00
[INFO] [1778711075.005510948] [centerline_scan_node]: Mode=ALIGN_AISLE | x=-0.00, y=0.00, yaw=-0.00
[INFO] [1778711075.090794611] [centerline_scan_node]: Mode=ALIGN_AISLE | x=-0.00, y=0.00, yaw=-0.00
[INFO] [1778711075.215118671] [centerline_scan_node]: Mode=ALIGN_AISLE | x=-0.00, y=0.00, yaw=-0.00
[INFO] [1778711075.300623130] [centerline_scan_node]: Mode=ALIGN_AISLE | x=-0.00, y=0.00, yaw=-0.00
[INFO] [1778711075.397546714] [centerline_scan_node]: Mode=ALIGN_AISLE | x=-0.00, y=0.00, yaw=-0.00
[INFO] [1778711075.490397646] [centerline_scan_node]: Mode=ALIGN_AISLE | x=-0.00, y=0.00, yaw=-0.00
[INFO] [1778711075.605282186] [centerline_scan_node]: Mode=ALIGN_AISLE | x=-0.00, y=0.00, yaw=-0.00
[INFO] [1778711075.719590785] [centerline_scan_node]: Mode=ALIGN_AISLE | x=-0.00, y=0.00, yaw=-0.00
[INFO] [1778711075.800579689] [centerline_scan_node]: Mode=ALIGN_AISLE | x=-0.00, y=0.00, yaw=-0.00
[INFO] [1778711075.893396450] [centerline_scan_node]: Mode=ALIGN_AISLE | x=-0.00, y=0.00, yaw=-0.00
[INFO] [1778711076.014633241] [centerline_scan_node]: Mode=ALIGN_AISLE | x=-0.00, y=0.00, yaw=-0.00
[INFO] [1778711076.167462491] [centerline_scan_node]: Mode=ALIGN_AISLE | x=-0.00, y=0.00, yaw=-0.00
[INFO] [1778711076.253051453] [centerline_scan_node]: Mode=ALIGN_AISLE | x=-0.00, y=0.00, yaw=-0.00
[INFO] [1778711076.315473253] [centerline_scan_node]: Mode=ALIGN_AISLE | x=-0.00, y=0.00, yaw=-0.00
[INFO] [1778711076.436188051] [centerline_scan_node]: Mode=ALIGN_AISLE | x=-0.00, y=0.00, yaw=-0.00
[INFO] [1778711076.504731318] [centerline_scan_node]: Mode=ALIGN_AISLE | x=-0.00, y=0.00, yaw=-0.00
[INFO] [1778711076.605777816] [centerline_scan_node]: Mode=ALIGN_AISLE | x=-0.00, y=0.00, yaw=-0.00
[INFO] [1778711076.693670528] [centerline_scan_node]: Mode=ALIGN_AISLE | x=-0.00, y=0.00, yaw=-0.00
[INFO] [1778711076.790466374] [centerline_scan_node]: Mode=ALIGN_AISLE | x=-0.00, y=0.00, yaw=-0.00
[INFO] [1778711076.910030704] [centerline_scan_node]: Mode=ALIGN_AISLE | x=-0.00, y=0.00, yaw=-0.00
[INFO] [1778711076.991435789] [centerline_scan_node]: Mode=ALIGN_AISLE | x=-0.00, y=0.00, yaw=-0.00
[INFO] [1778711077.111285898] [centerline_scan_node]: Mode=ALIGN_AISLE | x=-0.00, y=0.00, yaw=-0.00
[INFO] [1778711077.213722612] [centerline_scan_node]: Mode=ALIGN_AISLE | x=-0.00, y=0.00, yaw=-0.00
[INFO] [1778711077.296485922] [centerline_scan_node]: Mode=ALIGN_AISLE | x=-0.00, y=0.00, yaw=-0.00
[INFO] [1778711077.394614518] [centerline_scan_node]: Mode=ALIGN_AISLE | x=-0.00, y=0.00, yaw=-0.00
[INFO] [1778711077.496111343] [centerline_scan_node]: Mode=ALIGN_AISLE | x=-0.00, y=0.00, yaw=-0.00
[INFO] [1778711077.605063618] [centerline_scan_node]: Mode=ALIGN_AISLE | x=-0.00, y=0.00, yaw=-0.00
[INFO] [1778711077.745515388] [centerline_scan_node]: Mode=ALIGN_AISLE | x=-0.00, y=0.00, yaw=-0.00
[INFO] [1778711077.792080179] [centerline_scan_node]: Mode=ALIGN_AISLE | x=-0.00, y=0.00, yaw=-0.00
[INFO] [1778711077.911491880] [centerline_scan_node]: Mode=ALIGN_AISLE | x=-0.00, y=0.00, yaw=-0.00
[INFO] [1778711078.027943145] [centerline_scan_node]: Mode=ALIGN_AISLE | x=-0.00, y=0.00, yaw=-0.00
[INFO] [1778711078.104202737] [centerline_scan_node]: Mode=ALIGN_AISLE | x=-0.00, y=0.00, yaw=-0.00
[INFO] [1778711078.206610073] [centerline_scan_node]: Mode=ALIGN_AISLE | x=-0.00, y=0.00, yaw=-0.00
[INFO] [1778711078.298012839] [centerline_scan_node]: Mode=ALIGN_AISLE | x=-0.00, y=0.00, yaw=-0.00
[INFO] [1778711078.405554683] [centerline_scan_node]: Mode=ALIGN_AISLE | x=-0.00, y=0.00, yaw=-0.00
[INFO] [1778711078.524793822] [centerline_scan_node]: Mode=ALIGN_AISLE | x=-0.00, y=0.00, yaw=-0.00
[INFO] [1778711078.593655750] [centerline_scan_node]: Mode=ALIGN_AISLE | x=-0.00, y=0.00, yaw=-0.00
[INFO] [1778711078.698589236] [centerline_scan_node]: Mode=ALIGN_AISLE | x=-0.00, y=0.00, yaw=-0.00
[INFO] [1778711078.796683361] [centerline_scan_node]: Mode=ALIGN_AISLE | x=-0.00, y=0.00, yaw=-0.00
[INFO] [1778711078.911239698] [centerline_scan_node]: Mode=ALIGN_AISLE | x=-0.00, y=0.00, yaw=-0.00
[INFO] [1778711078.994158755] [centerline_scan_node]: Mode=ALIGN_AISLE | x=-0.00, y=0.00, yaw=-0.00
[INFO] [1778711079.107683225] [centerline_scan_node]: Mode=ALIGN_AISLE | x=-0.00, y=0.00, yaw=-0.00
[INFO] [1778711079.218684268] [centerline_scan_node]: Mode=ALIGN_AISLE | x=-0.00, y=0.00, yaw=-0.00
[INFO] [1778711079.288634852] [centerline_scan_node]: Mode=ALIGN_AISLE | x=-0.00, y=0.00, yaw=-0.00
[INFO] [1778711079.390525929] [centerline_scan_node]: Mode=ALIGN_AISLE | x=-0.00, y=0.00, yaw=-0.00
[INFO] [1778711079.500074197] [centerline_scan_node]: Mode=ALIGN_AISLE | x=-0.00, y=0.00, yaw=-0.00
[INFO] [1778711079.591648832] [centerline_scan_node]: Mode=ALIGN_AISLE | x=-0.00, y=0.00, yaw=-0.00
[INFO] [1778711079.696032827] [centerline_scan_node]: Mode=ALIGN_AISLE | x=-0.00, y=0.00, yaw=-0.00
[INFO] [1778711079.791861962] [centerline_scan_node]: Mode=ALIGN_AISLE | x=-0.00, y=0.00, yaw=-0.00
[INFO] [1778711079.890314193] [centerline_scan_node]: Mode=ALIGN_AISLE | x=-0.00, y=0.00, yaw=-0.00
[INFO] [1778711079.995296414] [centerline_scan_node]: Mode=ALIGN_AISLE | x=-0.00, y=0.00, yaw=-0.00
[INFO] [1778711080.104025325] [centerline_scan_node]: Mode=ALIGN_AISLE | x=-0.00, y=0.00, yaw=-0.00
[INFO] [1778711080.852960479] [centerline_scan_node]: Mode=ALIGN_AISLE | x=-0.00, y=0.00, yaw=-0.00
[INFO] [1778711080.867799737] [centerline_scan_node]: Mode=ALIGN_AISLE | x=-0.00, y=0.00, yaw=-0.00
[INFO] [1778711080.887523160] [centerline_scan_node]: Mode=ALIGN_AISLE | x=-0.00, y=0.00, yaw=-0.00
[INFO] [1778711081.017320724] [centerline_scan_node]: Mode=ALIGN_AISLE | x=-0.00, y=0.00, yaw=-0.00
[INFO] [1778711081.143040505] [centerline_scan_node]: Mode=ALIGN_AISLE | x=-0.00, y=0.00, yaw=-0.00
[INFO] [1778711081.227279012] [centerline_scan_node]: Mode=ALIGN_AISLE | x=-0.00, y=0.00, yaw=-0.00
[INFO] [1778711081.359311326] [centerline_scan_node]: Mode=ALIGN_AISLE | x=-0.00, y=0.00, yaw=-0.00
[INFO] [1778711081.439687068] [centerline_scan_node]: Mode=ALIGN_AISLE | x=-0.00, y=0.00, yaw=-0.00
[INFO] [1778711081.507875026] [centerline_scan_node]: Mode=ALIGN_AISLE | x=-0.00, y=0.00, yaw=-0.00
[INFO] [1778711081.696238543] [centerline_scan_node]: Mode=ALIGN_AISLE | x=-0.00, y=0.00, yaw=-0.00
[INFO] [1778711081.791499497] [centerline_scan_node]: Mode=ALIGN_AISLE | x=-0.00, y=0.00, yaw=-0.00
[INFO] [1778711081.878725442] [centerline_scan_node]: Mode=ALIGN_AISLE | x=-0.00, y=0.00, yaw=-0.00
[INFO] [1778711082.661958184] [centerline_scan_node]: Mode=ALIGN_AISLE | x=-0.00, y=0.00, yaw=-0.00
[INFO] [1778711082.875553349] [centerline_scan_node]: Mode=ALIGN_AISLE | x=-0.00, y=0.00, yaw=-0.00
[INFO] [1778711082.908125129] [centerline_scan_node]: Mode=ALIGN_AISLE | x=-0.00, y=0.00, yaw=-0.00
[INFO] [1778711082.925488949] [centerline_scan_node]: Mode=ALIGN_AISLE | x=-0.00, y=0.00, yaw=-0.00
[INFO] [1778711083.018641906] [centerline_scan_node]: Mode=ALIGN_AISLE | x=-0.00, y=0.00, yaw=-0.00
[INFO] [1778711083.088887945] [centerline_scan_node]: Mode=ALIGN_AISLE | x=-0.00, y=0.00, yaw=-0.00
[INFO] [1778711083.198183961] [centerline_scan_node]: Mode=ALIGN_AISLE | x=-0.00, y=0.00, yaw=-0.00
[INFO] [1778711083.301232407] [centerline_scan_node]: Mode=ALIGN_AISLE | x=-0.00, y=0.00, yaw=-0.00
[INFO] [1778711083.392269193] [centerline_scan_node]: Mode=ALIGN_AISLE | x=-0.00, y=0.00, yaw=-0.00
[INFO] [1778711083.494032414] [centerline_scan_node]: Mode=ALIGN_AISLE | x=-0.00, y=0.00, yaw=-0.00
[INFO] [1778711083.597761832] [centerline_scan_node]: Mode=ALIGN_AISLE | x=-0.00, y=0.00, yaw=-0.00
[INFO] [1778711083.693326307] [centerline_scan_node]: Mode=ALIGN_AISLE | x=-0.00, y=0.00, yaw=-0.00
[INFO] [1778711083.793724277] [centerline_scan_node]: Mode=ALIGN_AISLE | x=-0.00, y=0.00, yaw=-0.00
[INFO] [1778711083.889393075] [centerline_scan_node]: Mode=ALIGN_AISLE | x=-0.00, y=0.00, yaw=-0.00
[INFO] [1778711084.012267166] [centerline_scan_node]: Mode=ALIGN_AISLE | x=-0.00, y=0.00, yaw=-0.00
[INFO] [1778711084.127200457] [centerline_scan_node]: Mode=ALIGN_AISLE | x=-0.00, y=0.00, yaw=-0.00
[INFO] [1778711084.190444263] [centerline_scan_node]: Mode=ALIGN_AISLE | x=-0.00, y=0.00, yaw=-0.00
[INFO] [1778711084.311362809] [centerline_scan_node]: Mode=ALIGN_AISLE | x=-0.00, y=0.00, yaw=-0.00
[INFO] [1778711084.415783213] [centerline_scan_node]: Mode=ALIGN_AISLE | x=-0.00, y=0.00, yaw=-0.00
[INFO] [1778711084.517180899] [centerline_scan_node]: Mode=ALIGN_AISLE | x=-0.00, y=0.00, yaw=-0.00
[INFO] [1778711084.612539284] [centerline_scan_node]: Mode=ALIGN_AISLE | x=-0.00, y=0.00, yaw=-0.00
[INFO] [1778711084.696787052] [centerline_scan_node]: Mode=ALIGN_AISLE | x=-0.00, y=0.00, yaw=-0.00
[INFO] [1778711084.797315146] [centerline_scan_node]: Mode=ALIGN_AISLE | x=-0.00, y=0.00, yaw=-0.00
[INFO] [1778711084.919735503] [centerline_scan_node]: Mode=ALIGN_AISLE | x=-0.00, y=0.00, yaw=-0.00
[INFO] [1778711085.008852346] [centerline_scan_node]: Mode=ALIGN_AISLE | x=-0.00, y=0.00, yaw=-0.00
[INFO] [1778711085.095025459] [centerline_scan_node]: Mode=ALIGN_AISLE | x=-0.00, y=0.00, yaw=-0.00
[INFO] [1778711085.221779446] [centerline_scan_node]: Mode=ALIGN_AISLE | x=-0.00, y=0.00, yaw=-0.00
[INFO] [1778711085.313451961] [centerline_scan_node]: Mode=ALIGN_AISLE | x=-0.00, y=0.00, yaw=-0.00
[INFO] [1778711085.413815081] [centerline_scan_node]: Mode=ALIGN_AISLE | x=-0.00, y=0.00, yaw=-0.00
[INFO] [1778711085.498803746] [centerline_scan_node]: Mode=ALIGN_AISLE | x=-0.00, y=0.00, yaw=-0.00
[INFO] [1778711085.641105633] [centerline_scan_node]: Mode=ALIGN_AISLE | x=-0.00, y=0.00, yaw=-0.00
[INFO] [1778711085.785620682] [centerline_scan_node]: Mode=ALIGN_AISLE | x=-0.00, y=0.00, yaw=-0.00
[INFO] [1778711085.904959425] [centerline_scan_node]: Mode=ALIGN_AISLE | x=-0.00, y=0.00, yaw=-0.00
[INFO] [1778711085.989786346] [centerline_scan_node]: Mode=ALIGN_AISLE | x=-0.00, y=0.00, yaw=-0.00
[INFO] [1778711086.014999913] [centerline_scan_node]: Mode=ALIGN_AISLE | x=-0.00, y=0.00, yaw=-0.00
[INFO] [1778711086.135753102] [centerline_scan_node]: Mode=ALIGN_AISLE | x=-0.00, y=0.00, yaw=-0.00
[INFO] [1778711086.195974979] [centerline_scan_node]: Mode=ALIGN_AISLE | x=-0.00, y=0.00, yaw=-0.00
[INFO] [1778711086.314877078] [centerline_scan_node]: Mode=ALIGN_AISLE | x=-0.00, y=0.00, yaw=-0.00
[INFO] [1778711086.450765079] [centerline_scan_node]: Mode=ALIGN_AISLE | x=-0.00, y=0.00, yaw=-0.00
[INFO] [1778711086.518374154] [centerline_scan_node]: Mode=ALIGN_AISLE | x=-0.00, y=0.00, yaw=-0.00
[INFO] [1778711086.602201574] [centerline_scan_node]: Mode=ALIGN_AISLE | x=-0.00, y=0.00, yaw=-0.00
[INFO] [1778711086.700731928] [centerline_scan_node]: Mode=ALIGN_AISLE | x=-0.00, y=0.00, yaw=-0.00
[INFO] [1778711086.856681267] [centerline_scan_node]: Mode=ALIGN_AISLE | x=-0.00, y=0.00, yaw=-0.00
[INFO] [1778711086.921578558] [centerline_scan_node]: Mode=ALIGN_AISLE | x=-0.00, y=0.00, yaw=-0.00
[INFO] [1778711087.006562390] [centerline_scan_node]: Mode=ALIGN_AISLE | x=-0.00, y=0.00, yaw=-0.00
[INFO] [1778711087.135665838] [centerline_scan_node]: Mode=ALIGN_AISLE | x=-0.00, y=0.00, yaw=-0.00
[INFO] [1778711087.236967907] [centerline_scan_node]: Mode=ALIGN_AISLE | x=-0.00, y=0.00, yaw=-0.00
[INFO] [1778711087.319636792] [centerline_scan_node]: Mode=ALIGN_AISLE | x=-0.00, y=0.00, yaw=-0.00
[INFO] [1778711087.399941515] [centerline_scan_node]: Mode=ALIGN_AISLE | x=-0.00, y=0.00, yaw=-0.00
[INFO] [1778711087.553462854] [centerline_scan_node]: Mode=ALIGN_AISLE | x=-0.00, y=0.00, yaw=-0.00
[INFO] [1778711087.647980126] [centerline_scan_node]: Mode=ALIGN_AISLE | x=-0.00, y=0.00, yaw=-0.00
[INFO] [1778711087.888698749] [centerline_scan_node]: Mode=ALIGN_AISLE | x=-0.00, y=0.00, yaw=-0.00
[INFO] [1778711087.907805395] [centerline_scan_node]: Mode=ALIGN_AISLE | x=-0.00, y=0.00, yaw=-0.00
[INFO] [1778711088.015691229] [centerline_scan_node]: Mode=ALIGN_AISLE | x=-0.00, y=0.00, yaw=-0.00
[INFO] [1778711088.101894584] [centerline_scan_node]: Mode=ALIGN_AISLE | x=-0.00, y=0.00, yaw=-0.00
[INFO] [1778711088.235240489] [centerline_scan_node]: Mode=ALIGN_AISLE | x=-0.00, y=0.00, yaw=-0.00
[INFO] [1778711088.362768328] [centerline_scan_node]: Mode=ALIGN_AISLE | x=-0.00, y=0.00, yaw=-0.00
[INFO] [1778711088.754287934] [centerline_scan_node]: Mode=ALIGN_AISLE | x=-0.00, y=0.00, yaw=-0.00
[INFO] [1778711088.793624149] [centerline_scan_node]: Mode=ALIGN_AISLE | x=-0.00, y=0.00, yaw=-0.00
[INFO] [1778711088.829020591] [centerline_scan_node]: Mode=ALIGN_AISLE | x=-0.00, y=0.00, yaw=-0.00
[INFO] [1778711088.997085522] [centerline_scan_node]: Mode=ALIGN_AISLE | x=-0.00, y=0.00, yaw=-0.00
[INFO] [1778711089.030909632] [centerline_scan_node]: Mode=ALIGN_AISLE | x=-0.00, y=0.00, yaw=-0.00
[INFO] [1778711089.259718918] [centerline_scan_node]: Mode=ALIGN_AISLE | x=-0.00, y=0.00, yaw=-0.00
[INFO] [1778711089.359053238] [centerline_scan_node]: Mode=ALIGN_AISLE | x=-0.00, y=0.00, yaw=-0.00
[INFO] [1778711089.393177326] [centerline_scan_node]: Mode=ALIGN_AISLE | x=-0.00, y=0.00, yaw=-0.00
[INFO] [1778711089.507952795] [centerline_scan_node]: Mode=ALIGN_AISLE | x=-0.00, y=0.00, yaw=-0.00
[INFO] [1778711089.521170591] [centerline_scan_node]: Mode=ALIGN_AISLE | x=-0.00, y=0.00, yaw=-0.00
[INFO] [1778711089.623876161] [centerline_scan_node]: Mode=ALIGN_AISLE | x=-0.00, y=0.00, yaw=-0.00
[INFO] [1778711089.710047066] [centerline_scan_node]: Mode=ALIGN_AISLE | x=-0.00, y=0.00, yaw=-0.00
[INFO] [1778711089.851943234] [centerline_scan_node]: Mode=ALIGN_AISLE | x=-0.00, y=0.00, yaw=-0.00
[INFO] [1778711089.913787698] [centerline_scan_node]: Mode=ALIGN_AISLE | x=-0.00, y=0.00, yaw=-0.00
[INFO] [1778711090.027566476] [centerline_scan_node]: Mode=ALIGN_AISLE | x=-0.00, y=0.00, yaw=-0.00
[INFO] [1778711090.101400229] [centerline_scan_node]: Mode=ALIGN_AISLE | x=-0.00, y=0.00, yaw=-0.00
[INFO] [1778711090.204874866] [centerline_scan_node]: Mode=ALIGN_AISLE | x=-0.00, y=0.00, yaw=-0.00
[INFO] [1778711090.325773228] [centerline_scan_node]: Mode=ALIGN_AISLE | x=-0.00, y=0.00, yaw=-0.00
[INFO] [1778711090.429734303] [centerline_scan_node]: Mode=ALIGN_AISLE | x=-0.00, y=0.00, yaw=-0.00
[INFO] [1778711090.591369557] [centerline_scan_node]: Mode=ALIGN_AISLE | x=-0.00, y=0.00, yaw=-0.00
[INFO] [1778711090.698618978] [centerline_scan_node]: Mode=ALIGN_AISLE | x=-0.00, y=0.00, yaw=-0.00
[INFO] [1778711090.736520146] [centerline_scan_node]: Mode=ALIGN_AISLE | x=-0.00, y=0.00, yaw=-0.00
[INFO] [1778711090.842111053] [centerline_scan_node]: Mode=ALIGN_AISLE | x=-0.00, y=0.00, yaw=-0.00
[INFO] [1778711091.012215735] [centerline_scan_node]: Mode=ALIGN_AISLE | x=-0.00, y=0.00, yaw=-0.00
[INFO] [1778711091.149282363] [centerline_scan_node]: Mode=ALIGN_AISLE | x=-0.00, y=0.00, yaw=-0.00
[INFO] [1778711091.196349441] [centerline_scan_node]: Mode=ALIGN_AISLE | x=-0.00, y=0.00, yaw=-0.00
[INFO] [1778711091.248557299] [centerline_scan_node]: Mode=ALIGN_AISLE | x=-0.00, y=0.00, yaw=-0.00
[INFO] [1778711091.369759996] [centerline_scan_node]: Mode=ALIGN_AISLE | x=-0.00, y=0.00, yaw=-0.00
[INFO] [1778711091.390848079] [centerline_scan_node]: Mode=ALIGN_AISLE | x=-0.00, y=0.00, yaw=-0.00
[INFO] [1778711091.515249317] [centerline_scan_node]: Mode=ALIGN_AISLE | x=-0.00, y=0.00, yaw=-0.00
[INFO] [1778711091.674800152] [centerline_scan_node]: Mode=ALIGN_AISLE | x=-0.00, y=0.00, yaw=-0.00
[INFO] [1778711091.755345598] [centerline_scan_node]: Mode=ALIGN_AISLE | x=-0.00, y=0.00, yaw=-0.00
[INFO] [1778711091.795919582] [centerline_scan_node]: Mode=ALIGN_AISLE | x=-0.00, y=0.00, yaw=-0.00
[INFO] [1778711091.917221733] [centerline_scan_node]: Mode=ALIGN_AISLE | x=-0.00, y=0.00, yaw=-0.00
[INFO] [1778711091.994751165] [centerline_scan_node]: Mode=ALIGN_AISLE | x=-0.00, y=0.00, yaw=-0.00
[INFO] [1778711092.117922109] [centerline_scan_node]: Mode=ALIGN_AISLE | x=-0.00, y=0.00, yaw=-0.00
[INFO] [1778711092.264306888] [centerline_scan_node]: Mode=ALIGN_AISLE | x=-0.00, y=0.00, yaw=-0.00
[INFO] [1778711092.319562660] [centerline_scan_node]: Mode=ALIGN_AISLE | x=-0.00, y=0.00, yaw=-0.00
[INFO] [1778711092.404916476] [centerline_scan_node]: Mode=ALIGN_AISLE | x=-0.00, y=0.00, yaw=-0.00
[INFO] [1778711092.542310833] [centerline_scan_node]: Mode=ALIGN_AISLE | x=-0.00, y=0.00, yaw=-0.00
[INFO] [1778711092.604335273] [centerline_scan_node]: Mode=ALIGN_AISLE | x=-0.00, y=0.00, yaw=-0.00
[INFO] [1778711092.717063440] [centerline_scan_node]: Mode=ALIGN_AISLE | x=-0.00, y=0.00, yaw=-0.00
[INFO] [1778711092.807112840] [centerline_scan_node]: Mode=ALIGN_AISLE | x=-0.00, y=0.00, yaw=-0.00
[INFO] [1778711092.922641215] [centerline_scan_node]: Mode=ALIGN_AISLE | x=-0.00, y=0.00, yaw=-0.00
[INFO] [1778711092.993243084] [centerline_scan_node]: Mode=ALIGN_AISLE | x=-0.00, y=0.00, yaw=-0.00
[INFO] [1778711093.114416981] [centerline_scan_node]: Mode=ALIGN_AISLE | x=-0.00, y=0.00, yaw=-0.00
[INFO] [1778711093.246432897] [centerline_scan_node]: Mode=ALIGN_AISLE | x=-0.00, y=0.00, yaw=-0.00
[INFO] [1778711093.305198621] [centerline_scan_node]: Mode=ALIGN_AISLE | x=-0.00, y=0.00, yaw=-0.00
[INFO] [1778711093.474914837] [centerline_scan_node]: Mode=ALIGN_AISLE | x=-0.00, y=0.00, yaw=-0.00
[INFO] [1778711093.524198298] [centerline_scan_node]: Mode=ALIGN_AISLE | x=-0.00, y=0.00, yaw=-0.00
[INFO] [1778711093.619134623] [centerline_scan_node]: Mode=ALIGN_AISLE | x=-0.00, y=0.00, yaw=-0.00
[INFO] [1778711093.842254923] [centerline_scan_node]: Mode=ALIGN_AISLE | x=-0.00, y=0.00, yaw=-0.00
[INFO] [1778711093.894318477] [centerline_scan_node]: Mode=ALIGN_AISLE | x=-0.00, y=0.00, yaw=-0.00
[INFO] [1778711093.944115327] [centerline_scan_node]: Mode=ALIGN_AISLE | x=-0.00, y=0.00, yaw=-0.00
[INFO] [1778711094.037598686] [centerline_scan_node]: Mode=ALIGN_AISLE | x=-0.00, y=0.00, yaw=-0.00
[INFO] [1778711094.116766838] [centerline_scan_node]: Mode=ALIGN_AISLE | x=-0.00, y=0.00, yaw=-0.00
[INFO] [1778711094.244382599] [centerline_scan_node]: Mode=ALIGN_AISLE | x=-0.00, y=0.00, yaw=-0.00
[INFO] [1778711094.598110841] [centerline_scan_node]: Mode=ALIGN_AISLE | x=-0.00, y=0.00, yaw=-0.00
[INFO] [1778711094.657722506] [centerline_scan_node]: Mode=ALIGN_AISLE | x=-0.00, y=0.00, yaw=-0.00
[INFO] [1778711094.691494957] [centerline_scan_node]: Mode=ALIGN_AISLE | x=-0.00, y=0.00, yaw=-0.00
[INFO] [1778711094.929257674] [centerline_scan_node]: Mode=ALIGN_AISLE | x=-0.00, y=0.00, yaw=-0.00
[INFO] [1778711094.948966863] [centerline_scan_node]: Mode=ALIGN_AISLE | x=-0.00, y=0.00, yaw=-0.00
[INFO] [1778711095.002165775] [centerline_scan_node]: Mode=ALIGN_AISLE | x=-0.00, y=0.00, yaw=-0.00
[INFO] [1778711095.128942790] [centerline_scan_node]: Mode=ALIGN_AISLE | x=-0.00, y=0.00, yaw=-0.00
[INFO] [1778711095.197532991] [centerline_scan_node]: Mode=ALIGN_AISLE | x=-0.00, y=0.00, yaw=-0.00
[INFO] [1778711095.370004714] [centerline_scan_node]: Mode=ALIGN_AISLE | x=-0.00, y=0.00, yaw=-0.00
[INFO] [1778711095.424078643] [centerline_scan_node]: Mode=ALIGN_AISLE | x=-0.00, y=0.00, yaw=-0.00
[INFO] [1778711095.564995105] [centerline_scan_node]: Mode=ALIGN_AISLE | x=-0.00, y=0.00, yaw=-0.00
[INFO] [1778711095.610025389] [centerline_scan_node]: Mode=ALIGN_AISLE | x=-0.00, y=0.00, yaw=-0.00
[INFO] [1778711095.707591271] [centerline_scan_node]: Mode=ALIGN_AISLE | x=-0.00, y=0.00, yaw=-0.00
[INFO] [1778711095.832705269] [centerline_scan_node]: Mode=ALIGN_AISLE | x=-0.00, y=0.00, yaw=-0.00
[INFO] [1778711095.988989283] [centerline_scan_node]: Mode=ALIGN_AISLE | x=-0.00, y=0.00, yaw=-0.00
[INFO] [1778711096.013146797] [centerline_scan_node]: Mode=ALIGN_AISLE | x=-0.00, y=0.00, yaw=-0.00
[INFO] [1778711096.121459633] [centerline_scan_node]: Mode=ALIGN_AISLE | x=-0.00, y=0.00, yaw=-0.00
[INFO] [1778711096.249404283] [centerline_scan_node]: Mode=ALIGN_AISLE | x=-0.00, y=0.00, yaw=-0.00
[INFO] [1778711096.347409159] [centerline_scan_node]: Mode=ALIGN_AISLE | x=-0.00, y=0.00, yaw=-0.00
[INFO] [1778711096.419912625] [centerline_scan_node]: Mode=ALIGN_AISLE | x=-0.00, y=0.00, yaw=-0.00
[INFO] [1778711096.568040087] [centerline_scan_node]: Mode=ALIGN_AISLE | x=-0.00, y=0.00, yaw=-0.00
[INFO] [1778711096.602585385] [centerline_scan_node]: Mode=ALIGN_AISLE | x=-0.00, y=0.00, yaw=-0.00
[INFO] [1778711096.721943937] [centerline_scan_node]: Mode=ALIGN_AISLE | x=-0.00, y=0.00, yaw=-0.00
[INFO] [1778711096.937947863] [centerline_scan_node]: Mode=ALIGN_AISLE | x=-0.00, y=0.00, yaw=-0.00
[INFO] [1778711097.065528052] [centerline_scan_node]: Mode=ALIGN_AISLE | x=-0.00, y=0.00, yaw=-0.00
[INFO] [1778711097.097926382] [centerline_scan_node]: Mode=ALIGN_AISLE | x=-0.00, y=0.00, yaw=-0.00
[INFO] [1778711097.208852175] [centerline_scan_node]: Mode=ALIGN_AISLE | x=-0.00, y=0.00, yaw=-0.00
[INFO] [1778711097.361330377] [centerline_scan_node]: Mode=ALIGN_AISLE | x=-0.00, y=0.00, yaw=-0.00
[INFO] [1778711097.443996439] [centerline_scan_node]: Mode=ALIGN_AISLE | x=-0.00, y=0.00, yaw=-0.00
[INFO] [1778711097.518258098] [centerline_scan_node]: Mode=ALIGN_AISLE | x=-0.00, y=0.00, yaw=-0.00
[INFO] [1778711097.596784928] [centerline_scan_node]: Mode=ALIGN_AISLE | x=-0.00, y=0.00, yaw=-0.00
[INFO] [1778711097.635308305] [centerline_scan_node]: Mode=ALIGN_AISLE | x=-0.00, y=0.00, yaw=-0.00
[INFO] [1778711097.695820756] [centerline_scan_node]: Mode=ALIGN_AISLE | x=-0.00, y=0.00, yaw=-0.00
[INFO] [1778711097.821010485] [centerline_scan_node]: Mode=ALIGN_AISLE | x=-0.00, y=0.00, yaw=-0.00
[INFO] [1778711097.940212189] [centerline_scan_node]: Mode=ALIGN_AISLE | x=-0.00, y=0.00, yaw=-0.00
[INFO] [1778711098.037969858] [centerline_scan_node]: Mode=ALIGN_AISLE | x=-0.00, y=0.00, yaw=-0.00
[INFO] [1778711098.162491939] [centerline_scan_node]: Mode=ALIGN_AISLE | x=-0.00, y=0.00, yaw=-0.00
[INFO] [1778711098.239395986] [centerline_scan_node]: Mode=ALIGN_AISLE | x=-0.00, y=0.00, yaw=-0.00
[INFO] [1778711098.315846229] [centerline_scan_node]: Mode=ALIGN_AISLE | x=-0.00, y=0.00, yaw=-0.00
[INFO] [1778711098.409649790] [centerline_scan_node]: Mode=ALIGN_AISLE | x=-0.00, y=0.00, yaw=-0.00
[INFO] [1778711098.540726795] [centerline_scan_node]: Mode=ALIGN_AISLE | x=-0.00, y=0.00, yaw=-0.00
[INFO] [1778711098.632702973] [centerline_scan_node]: Mode=ALIGN_AISLE | x=-0.00, y=0.00, yaw=-0.00
[INFO] [1778711098.716222394] [centerline_scan_node]: Mode=ALIGN_AISLE | x=-0.00, y=0.00, yaw=-0.00
[INFO] [1778711098.794969451] [centerline_scan_node]: Mode=ALIGN_AISLE | x=-0.00, y=0.00, yaw=-0.00
[INFO] [1778711098.922384215] [centerline_scan_node]: Mode=ALIGN_AISLE | x=-0.00, y=0.00, yaw=-0.00
[INFO] [1778711099.110853495] [centerline_scan_node]: Mode=ALIGN_AISLE | x=-0.00, y=0.00, yaw=-0.00
[INFO] [1778711099.192229809] [centerline_scan_node]: Mode=ALIGN_AISLE | x=-0.00, y=0.00, yaw=-0.00
[INFO] [1778711099.310677395] [centerline_scan_node]: Mode=ALIGN_AISLE | x=-0.00, y=0.00, yaw=-0.00
[INFO] [1778711099.346073732] [centerline_scan_node]: Mode=ALIGN_AISLE | x=-0.00, y=0.00, yaw=-0.00
[INFO] [1778711099.509091551] [centerline_scan_node]: Mode=ALIGN_AISLE | x=-0.00, y=0.00, yaw=-0.00
[INFO] [1778711099.536637255] [centerline_scan_node]: Mode=ALIGN_AISLE | x=-0.00, y=0.00, yaw=-0.00
[INFO] [1778711099.630083242] [centerline_scan_node]: Mode=ALIGN_AISLE | x=-0.00, y=0.00, yaw=-0.00
[INFO] [1778711099.732214441] [centerline_scan_node]: Mode=ALIGN_AISLE | x=-0.00, y=0.00, yaw=-0.00
[INFO] [1778711099.858006595] [centerline_scan_node]: Mode=ALIGN_AISLE | x=-0.00, y=0.00, yaw=-0.00
[INFO] [1778711099.942055573] [centerline_scan_node]: Mode=ALIGN_AISLE | x=-0.00, y=0.00, yaw=-0.00
[INFO] [1778711100.000683071] [centerline_scan_node]: Mode=ALIGN_AISLE | x=-0.00, y=0.00, yaw=-0.00
[INFO] [1778711100.125436331] [centerline_scan_node]: Mode=ALIGN_AISLE | x=-0.00, y=0.00, yaw=-0.00
[INFO] [1778711100.412933055] [centerline_scan_node]: Mode=ALIGN_AISLE | x=-0.00, y=0.00, yaw=-0.00
[INFO] [1778711100.450280303] [centerline_scan_node]: Mode=ALIGN_AISLE | x=-0.00, y=0.00, yaw=-0.00
[INFO] [1778711100.520121535] [centerline_scan_node]: Mode=ALIGN_AISLE | x=-0.00, y=0.00, yaw=-0.00
[INFO] [1778711100.612876995] [centerline_scan_node]: Mode=ALIGN_AISLE | x=-0.00, y=0.00, yaw=-0.00
[INFO] [1778711100.751549246] [centerline_scan_node]: Mode=ALIGN_AISLE | x=-0.00, y=0.00, yaw=-0.00
[INFO] [1778711100.797714904] [centerline_scan_node]: Mode=ALIGN_AISLE | x=-0.00, y=0.00, yaw=-0.00
[INFO] [1778711100.904303520] [centerline_scan_node]: Mode=ALIGN_AISLE | x=-0.00, y=0.00, yaw=-0.00
[INFO] [1778711101.040478092] [centerline_scan_node]: Mode=ALIGN_AISLE | x=-0.00, y=0.00, yaw=-0.00
[INFO] [1778711101.131524288] [centerline_scan_node]: Mode=ALIGN_AISLE | x=-0.00, y=0.00, yaw=-0.00
[INFO] [1778711101.232906007] [centerline_scan_node]: Mode=ALIGN_AISLE | x=-0.00, y=0.00, yaw=-0.00
[INFO] [1778711101.349412122] [centerline_scan_node]: Mode=ALIGN_AISLE | x=-0.00, y=0.00, yaw=-0.00
[INFO] [1778711101.393678411] [centerline_scan_node]: Mode=ALIGN_AISLE | x=-0.00, y=0.00, yaw=-0.00
[INFO] [1778711101.497546403] [centerline_scan_node]: Mode=ALIGN_AISLE | x=-0.00, y=0.00, yaw=-0.00
[INFO] [1778711101.594044940] [centerline_scan_node]: Mode=ALIGN_AISLE | x=-0.00, y=0.00, yaw=-0.00
[INFO] [1778711101.710649027] [centerline_scan_node]: Mode=ALIGN_AISLE | x=-0.00, y=0.00, yaw=-0.00
[INFO] [1778711101.789603076] [centerline_scan_node]: Mode=ALIGN_AISLE | x=-0.00, y=0.00, yaw=-0.00
[INFO] [1778711101.905967603] [centerline_scan_node]: Mode=ALIGN_AISLE | x=-0.00, y=0.00, yaw=-0.00
[INFO] [1778711102.006195783] [centerline_scan_node]: Mode=ALIGN_AISLE | x=-0.00, y=0.00, yaw=-0.00
[INFO] [1778711102.109935356] [centerline_scan_node]: Mode=ALIGN_AISLE | x=-0.00, y=0.00, yaw=-0.00
[INFO] [1778711102.195048425] [centerline_scan_node]: Mode=ALIGN_AISLE | x=-0.00, y=0.00, yaw=-0.00
[INFO] [1778711102.297637806] [centerline_scan_node]: Mode=ALIGN_AISLE | x=-0.00, y=0.00, yaw=-0.00
[INFO] [1778711102.399941040] [centerline_scan_node]: Mode=ALIGN_AISLE | x=-0.00, y=0.00, yaw=-0.00
[INFO] [1778711102.509334840] [centerline_scan_node]: Mode=ALIGN_AISLE | x=-0.00, y=0.00, yaw=-0.00
[INFO] [1778711102.601626192] [centerline_scan_node]: Mode=ALIGN_AISLE | x=-0.00, y=0.00, yaw=-0.00
[INFO] [1778711102.693768742] [centerline_scan_node]: Mode=ALIGN_AISLE | x=-0.00, y=0.00, yaw=-0.00
[INFO] [1778711102.794806748] [centerline_scan_node]: Mode=ALIGN_AISLE | x=-0.00, y=0.00, yaw=-0.00
[INFO] [1778711102.902461055] [centerline_scan_node]: Mode=ALIGN_AISLE | x=-0.00, y=0.00, yaw=-0.00
[INFO] [1778711103.019078948] [centerline_scan_node]: Mode=ALIGN_AISLE | x=-0.00, y=0.00, yaw=-0.00
[INFO] [1778711103.115429048] [centerline_scan_node]: Mode=ALIGN_AISLE | x=-0.00, y=0.00, yaw=-0.00
[INFO] [1778711103.200226585] [centerline_scan_node]: Mode=ALIGN_AISLE | x=-0.00, y=0.00, yaw=-0.00
[INFO] [1778711103.319099912] [centerline_scan_node]: Mode=ALIGN_AISLE | x=-0.00, y=0.00, yaw=-0.00
[INFO] [1778711103.390588823] [centerline_scan_node]: Mode=ALIGN_AISLE | x=-0.00, y=0.00, yaw=-0.00
[INFO] [1778711103.524915783] [centerline_scan_node]: Mode=ALIGN_AISLE | x=-0.00, y=0.00, yaw=-0.00
[INFO] [1778711103.593979615] [centerline_scan_node]: Mode=ALIGN_AISLE | x=-0.00, y=0.00, yaw=-0.00
[INFO] [1778711103.693929683] [centerline_scan_node]: Mode=ALIGN_AISLE | x=-0.00, y=0.00, yaw=-0.00
[INFO] [1778711103.797900477] [centerline_scan_node]: Mode=ALIGN_AISLE | x=-0.00, y=0.00, yaw=-0.00
[INFO] [1778711103.900132409] [centerline_scan_node]: Mode=ALIGN_AISLE | x=-0.00, y=0.00, yaw=-0.00
[INFO] [1778711103.994790444] [centerline_scan_node]: Mode=ALIGN_AISLE | x=-0.00, y=0.00, yaw=-0.00
[INFO] [1778711104.097366861] [centerline_scan_node]: Mode=ALIGN_AISLE | x=-0.00, y=0.00, yaw=-0.00
[INFO] [1778711104.191523574] [centerline_scan_node]: Mode=ALIGN_AISLE | x=-0.00, y=0.00, yaw=-0.00
[INFO] [1778711104.289558897] [centerline_scan_node]: Mode=ALIGN_AISLE | x=-0.00, y=0.00, yaw=-0.00
[INFO] [1778711104.470243591] [centerline_scan_node]: Mode=ALIGN_AISLE | x=-0.00, y=0.00, yaw=-0.00
[INFO] [1778711104.512152935] [centerline_scan_node]: Mode=ALIGN_AISLE | x=-0.00, y=0.00, yaw=-0.00
[INFO] [1778711104.593215422] [centerline_scan_node]: Mode=ALIGN_AISLE | x=-0.00, y=0.00, yaw=-0.00
[INFO] [1778711104.694840337] [centerline_scan_node]: Mode=ALIGN_AISLE | x=-0.00, y=0.00, yaw=-0.00
[INFO] [1778711104.793275812] [centerline_scan_node]: Mode=ALIGN_AISLE | x=-0.00, y=0.00, yaw=-0.00
[INFO] [1778711104.888658090] [centerline_scan_node]: Mode=ALIGN_AISLE | x=-0.00, y=0.00, yaw=-0.00
[INFO] [1778711104.988888900] [centerline_scan_node]: Mode=ALIGN_AISLE | x=-0.00, y=0.00, yaw=-0.00
[INFO] [1778711105.098161361] [centerline_scan_node]: Mode=ALIGN_AISLE | x=-0.00, y=0.00, yaw=-0.00
[INFO] [1778711105.201800357] [centerline_scan_node]: Mode=ALIGN_AISLE | x=-0.00, y=0.00, yaw=-0.00
[INFO] [1778711105.300660220] [centerline_scan_node]: Mode=ALIGN_AISLE | x=-0.00, y=0.00, yaw=-0.00
[INFO] [1778711105.407634367] [centerline_scan_node]: Mode=ALIGN_AISLE | x=-0.00, y=0.00, yaw=-0.00
[INFO] [1778711105.508334759] [centerline_scan_node]: Mode=ALIGN_AISLE | x=-0.00, y=0.00, yaw=-0.00
[INFO] [1778711105.597996749] [centerline_scan_node]: Mode=ALIGN_AISLE | x=-0.00, y=0.00, yaw=-0.00
[INFO] [1778711105.710952667] [centerline_scan_node]: Mode=ALIGN_AISLE | x=-0.00, y=0.00, yaw=-0.00
[INFO] [1778711105.798607184] [centerline_scan_node]: Mode=ALIGN_AISLE | x=-0.00, y=0.00, yaw=-0.00
[INFO] [1778711105.901775953] [centerline_scan_node]: Mode=ALIGN_AISLE | x=-0.00, y=0.00, yaw=-0.00
[INFO] [1778711105.998563859] [centerline_scan_node]: Mode=ALIGN_AISLE | x=-0.00, y=0.00, yaw=-0.00
[INFO] [1778711106.098279505] [centerline_scan_node]: Mode=ALIGN_AISLE | x=-0.00, y=0.00, yaw=-0.00
[INFO] [1778711106.192880633] [centerline_scan_node]: Mode=ALIGN_AISLE | x=-0.00, y=0.00, yaw=-0.00
[INFO] [1778711106.300931138] [centerline_scan_node]: Mode=ALIGN_AISLE | x=-0.00, y=0.00, yaw=-0.00
[INFO] [1778711106.419470686] [centerline_scan_node]: Mode=ALIGN_AISLE | x=-0.00, y=0.00, yaw=-0.00
[INFO] [1778711106.495693367] [centerline_scan_node]: Mode=ALIGN_AISLE | x=-0.00, y=0.00, yaw=-0.00
[INFO] [1778711106.588196355] [centerline_scan_node]: Mode=ALIGN_AISLE | x=-0.00, y=0.00, yaw=-0.00
[INFO] [1778711106.802247031] [centerline_scan_node]: Mode=ALIGN_AISLE | x=-0.00, y=0.00, yaw=-0.00
[INFO] [1778711106.852001762] [centerline_scan_node]: Mode=ALIGN_AISLE | x=-0.00, y=0.00, yaw=-0.00
[INFO] [1778711106.889075447] [centerline_scan_node]: Mode=ALIGN_AISLE | x=-0.00, y=0.00, yaw=-0.00
[INFO] [1778711107.000578795] [centerline_scan_node]: Mode=ALIGN_AISLE | x=-0.00, y=0.00, yaw=-0.00
[INFO] [1778711107.142452493] [centerline_scan_node]: Mode=ALIGN_AISLE | x=-0.00, y=0.00, yaw=-0.00
[INFO] [1778711107.199669574] [centerline_scan_node]: Mode=ALIGN_AISLE | x=-0.00, y=0.00, yaw=-0.00
[INFO] [1778711107.295845565] [centerline_scan_node]: Mode=ALIGN_AISLE | x=-0.00, y=0.00, yaw=-0.00
[INFO] [1778711107.402462340] [centerline_scan_node]: Mode=ALIGN_AISLE | x=-0.00, y=0.00, yaw=-0.00
[INFO] [1778711107.503050808] [centerline_scan_node]: Mode=ALIGN_AISLE | x=-0.00, y=0.00, yaw=-0.00
[INFO] [1778711107.609088631] [centerline_scan_node]: Mode=ALIGN_AISLE | x=-0.00, y=0.00, yaw=-0.00
[INFO] [1778711107.712235647] [centerline_scan_node]: Mode=ALIGN_AISLE | x=-0.00, y=0.00, yaw=-0.00
[INFO] [1778711107.827924683] [centerline_scan_node]: Mode=ALIGN_AISLE | x=-0.00, y=0.00, yaw=-0.00
[INFO] [1778711107.913474438] [centerline_scan_node]: Mode=ALIGN_AISLE | x=-0.00, y=0.00, yaw=-0.00
[INFO] [1778711108.017465272] [centerline_scan_node]: Mode=ALIGN_AISLE | x=-0.00, y=0.00, yaw=-0.00
[INFO] [1778711108.092350161] [centerline_scan_node]: Mode=ALIGN_AISLE | x=-0.00, y=0.00, yaw=-0.00
[INFO] [1778711108.193577923] [centerline_scan_node]: Mode=ALIGN_AISLE | x=-0.00, y=0.00, yaw=-0.00
[INFO] [1778711108.325295035] [centerline_scan_node]: Mode=ALIGN_AISLE | x=-0.00, y=0.00, yaw=-0.00
[INFO] [1778711108.458597396] [centerline_scan_node]: Mode=ALIGN_AISLE | x=-0.00, y=0.00, yaw=-0.00
[INFO] [1778711108.493502503] [centerline_scan_node]: Mode=ALIGN_AISLE | x=-0.00, y=0.00, yaw=-0.00
[INFO] [1778711108.599348395] [centerline_scan_node]: Mode=ALIGN_AISLE | x=-0.00, y=0.00, yaw=-0.00
[INFO] [1778711108.686889695] [centerline_scan_node]: Mode=ALIGN_AISLE | x=-0.00, y=0.00, yaw=-0.00
[INFO] [1778711108.785865495] [centerline_scan_node]: Mode=ALIGN_AISLE | x=-0.00, y=0.00, yaw=-0.00
[INFO] [1778711108.910081156] [centerline_scan_node]: Mode=ALIGN_AISLE | x=-0.00, y=0.00, yaw=-0.00
[INFO] [1778711108.988853177] [centerline_scan_node]: Mode=ALIGN_AISLE | x=-0.00, y=0.00, yaw=-0.00
[INFO] [1778711109.092035683] [centerline_scan_node]: Mode=ALIGN_AISLE | x=-0.00, y=0.00, yaw=-0.00
[INFO] [1778711109.190748365] [centerline_scan_node]: Mode=ALIGN_AISLE | x=-0.00, y=0.00, yaw=-0.00
[INFO] [1778711109.300227901] [centerline_scan_node]: Mode=ALIGN_AISLE | x=-0.00, y=0.00, yaw=-0.00
[INFO] [1778711109.392636647] [centerline_scan_node]: Mode=ALIGN_AISLE | x=-0.00, y=0.00, yaw=-0.00
[INFO] [1778711109.487034251] [centerline_scan_node]: Mode=ALIGN_AISLE | x=-0.00, y=0.00, yaw=-0.00
[INFO] [1778711109.589432189] [centerline_scan_node]: Mode=ALIGN_AISLE | x=-0.00, y=0.00, yaw=-0.00
[INFO] [1778711109.687004123] [centerline_scan_node]: Mode=ALIGN_AISLE | x=-0.00, y=0.00, yaw=-0.00
[INFO] [1778711109.792734333] [centerline_scan_node]: Mode=ALIGN_AISLE | x=-0.00, y=0.00, yaw=-0.00
[INFO] [1778711109.888415873] [centerline_scan_node]: Mode=ALIGN_AISLE | x=-0.00, y=0.00, yaw=-0.00
[INFO] [1778711110.012486345] [centerline_scan_node]: Mode=ALIGN_AISLE | x=-0.00, y=0.00, yaw=-0.00
[INFO] [1778711110.104337019] [centerline_scan_node]: Mode=ALIGN_AISLE | x=-0.00, y=0.00, yaw=-0.00
[INFO] [1778711110.202524838] [centerline_scan_node]: Mode=ALIGN_AISLE | x=-0.00, y=0.00, yaw=-0.00
[INFO] [1778711110.294882352] [centerline_scan_node]: Mode=ALIGN_AISLE | x=-0.00, y=0.00, yaw=-0.00
[INFO] [1778711110.401566925] [centerline_scan_node]: Mode=ALIGN_AISLE | x=-0.00, y=0.00, yaw=-0.00
[INFO] [1778711110.491544455] [centerline_scan_node]: Mode=ALIGN_AISLE | x=-0.00, y=0.00, yaw=-0.00
[INFO] [1778711110.593775446] [centerline_scan_node]: Mode=ALIGN_AISLE | x=-0.00, y=0.00, yaw=-0.00
[INFO] [1778711110.689216746] [centerline_scan_node]: Mode=ALIGN_AISLE | x=-0.00, y=0.00, yaw=-0.00
[INFO] [1778711110.790276306] [centerline_scan_node]: Mode=ALIGN_AISLE | x=-0.00, y=0.00, yaw=-0.00
[INFO] [1778711110.900543610] [centerline_scan_node]: Mode=ALIGN_AISLE | x=-0.00, y=0.00, yaw=-0.00
[INFO] [1778711110.995535270] [centerline_scan_node]: Mode=ALIGN_AISLE | x=-0.00, y=0.00, yaw=-0.00
[INFO] [1778711111.103143209] [centerline_scan_node]: Mode=ALIGN_AISLE | x=-0.00, y=0.00, yaw=-0.00
[INFO] [1778711111.220330146] [centerline_scan_node]: Mode=ALIGN_AISLE | x=-0.00, y=0.00, yaw=-0.00
[INFO] [1778711111.297559574] [centerline_scan_node]: Mode=ALIGN_AISLE | x=-0.00, y=0.00, yaw=-0.00
[INFO] [1778711111.399508817] [centerline_scan_node]: Mode=ALIGN_AISLE | x=-0.00, y=0.00, yaw=-0.00
[INFO] [1778711111.492633656] [centerline_scan_node]: Mode=ALIGN_AISLE | x=-0.00, y=0.00, yaw=-0.00
[INFO] [1778711111.607752470] [centerline_scan_node]: Mode=ALIGN_AISLE | x=-0.00, y=0.00, yaw=-0.00
[INFO] [1778711111.698866533] [centerline_scan_node]: Mode=ALIGN_AISLE | x=-0.00, y=0.00, yaw=-0.00
[INFO] [1778711111.830189567] [centerline_scan_node]: Mode=ALIGN_AISLE | x=-0.00, y=0.00, yaw=-0.00
[INFO] [1778711111.889574612] [centerline_scan_node]: Mode=ALIGN_AISLE | x=-0.00, y=0.00, yaw=-0.00
[INFO] [1778711111.988300452] [centerline_scan_node]: Mode=ALIGN_AISLE | x=-0.00, y=0.00, yaw=-0.00
[INFO] [1778711112.089504819] [centerline_scan_node]: Mode=ALIGN_AISLE | x=-0.00, y=0.00, yaw=-0.00
[INFO] [1778711112.188999156] [centerline_scan_node]: Mode=ALIGN_AISLE | x=-0.00, y=0.00, yaw=-0.00
[INFO] [1778711112.288441368] [centerline_scan_node]: Mode=ALIGN_AISLE | x=-0.00, y=0.00, yaw=-0.00
[INFO] [1778711112.394564091] [centerline_scan_node]: Mode=ALIGN_AISLE | x=-0.00, y=0.00, yaw=-0.00
[INFO] [1778711112.492835669] [centerline_scan_node]: Mode=ALIGN_AISLE | x=-0.00, y=0.00, yaw=-0.00
[INFO] [1778711112.599366154] [centerline_scan_node]: Mode=ALIGN_AISLE | x=-0.00, y=0.00, yaw=-0.00
[INFO] [1778711112.695779400] [centerline_scan_node]: Mode=ALIGN_AISLE | x=-0.00, y=0.00, yaw=-0.00
[INFO] [1778711112.786973502] [centerline_scan_node]: Mode=ALIGN_AISLE | x=-0.00, y=0.00, yaw=-0.00
[INFO] [1778711112.889290071] [centerline_scan_node]: Mode=ALIGN_AISLE | x=-0.00, y=0.00, yaw=-0.00
[INFO] [1778711112.994078928] [centerline_scan_node]: Mode=ALIGN_AISLE | x=-0.00, y=0.00, yaw=-0.00
[INFO] [1778711113.862655147] [centerline_scan_node]: Mode=ALIGN_AISLE | x=-0.00, y=0.00, yaw=-0.00
[INFO] [1778711113.895923554] [centerline_scan_node]: Mode=ALIGN_AISLE | x=-0.00, y=0.00, yaw=-0.00
[INFO] [1778711114.003790197] [centerline_scan_node]: Mode=ALIGN_AISLE | x=-0.00, y=0.00, yaw=-0.00
[INFO] [1778711114.099435198] [centerline_scan_node]: Mode=ALIGN_AISLE | x=-0.00, y=0.00, yaw=-0.00
[INFO] [1778711114.206475028] [centerline_scan_node]: Mode=ALIGN_AISLE | x=-0.00, y=0.00, yaw=-0.00
[INFO] [1778711114.296169569] [centerline_scan_node]: Mode=ALIGN_AISLE | x=-0.00, y=0.00, yaw=-0.00
[INFO] [1778711114.406636503] [centerline_scan_node]: Mode=ALIGN_AISLE | x=-0.00, y=0.00, yaw=-0.00
[INFO] [1778711114.525297023] [centerline_scan_node]: Mode=ALIGN_AISLE | x=-0.00, y=0.00, yaw=-0.00
[INFO] [1778711114.594766190] [centerline_scan_node]: Mode=ALIGN_AISLE | x=-0.00, y=0.00, yaw=-0.00
[INFO] [1778711114.748106259] [centerline_scan_node]: Mode=ALIGN_AISLE | x=-0.00, y=0.00, yaw=-0.00
[INFO] [1778711114.804234697] [centerline_scan_node]: Mode=ALIGN_AISLE | x=-0.00, y=0.00, yaw=-0.00
[INFO] [1778711114.895610400] [centerline_scan_node]: Mode=ALIGN_AISLE | x=-0.00, y=0.00, yaw=-0.00
[INFO] [1778711114.989505148] [centerline_scan_node]: Mode=ALIGN_AISLE | x=-0.00, y=0.00, yaw=-0.00
[INFO] [1778711115.087948209] [centerline_scan_node]: Mode=ALIGN_AISLE | x=-0.00, y=0.00, yaw=-0.00
[INFO] [1778711115.186145688] [centerline_scan_node]: Mode=ALIGN_AISLE | x=-0.00, y=0.00, yaw=-0.00
[INFO] [1778711115.291560277] [centerline_scan_node]: Mode=ALIGN_AISLE | x=-0.00, y=0.00, yaw=-0.00
[INFO] [1778711115.392960621] [centerline_scan_node]: Mode=ALIGN_AISLE | x=-0.00, y=0.00, yaw=-0.00
[INFO] [1778711115.488983863] [centerline_scan_node]: Mode=ALIGN_AISLE | x=-0.00, y=0.00, yaw=-0.00
[INFO] [1778711115.591779036] [centerline_scan_node]: Mode=ALIGN_AISLE | x=-0.00, y=0.00, yaw=-0.00
[INFO] [1778711115.697768749] [centerline_scan_node]: Mode=ALIGN_AISLE | x=-0.00, y=0.00, yaw=-0.00
[INFO] [1778711115.803875885] [centerline_scan_node]: Mode=ALIGN_AISLE | x=-0.00, y=0.00, yaw=-0.00
[INFO] [1778711115.911855008] [centerline_scan_node]: Mode=ALIGN_AISLE | x=-0.00, y=0.00, yaw=-0.00
[INFO] [1778711115.999229427] [centerline_scan_node]: Mode=ALIGN_AISLE | x=-0.00, y=0.00, yaw=-0.00
[INFO] [1778711116.161332706] [centerline_scan_node]: Mode=ALIGN_AISLE | x=-0.00, y=0.00, yaw=-0.00
[INFO] [1778711116.211131697] [centerline_scan_node]: Mode=ALIGN_AISLE | x=-0.00, y=0.00, yaw=-0.00
[INFO] [1778711116.291759789] [centerline_scan_node]: Mode=ALIGN_AISLE | x=-0.00, y=0.00, yaw=-0.00
[INFO] [1778711116.404257802] [centerline_scan_node]: Mode=ALIGN_AISLE | x=-0.00, y=0.00, yaw=-0.00
[INFO] [1778711116.526092051] [centerline_scan_node]: Mode=ALIGN_AISLE | x=-0.00, y=0.00, yaw=-0.00
[INFO] [1778711116.600489429] [centerline_scan_node]: Mode=ALIGN_AISLE | x=-0.00, y=0.00, yaw=-0.00
[INFO] [1778711116.689066221] [centerline_scan_node]: Mode=ALIGN_AISLE | x=-0.00, y=0.00, yaw=-0.00
[INFO] [1778711116.788210608] [centerline_scan_node]: Mode=ALIGN_AISLE | x=-0.00, y=0.00, yaw=-0.00
[INFO] [1778711116.889199887] [centerline_scan_node]: Mode=ALIGN_AISLE | x=-0.00, y=0.00, yaw=-0.00
[INFO] [1778711116.990925253] [centerline_scan_node]: Mode=ALIGN_AISLE | x=-0.00, y=0.00, yaw=-0.00
[INFO] [1778711117.089775977] [centerline_scan_node]: Mode=ALIGN_AISLE | x=-0.00, y=0.00, yaw=-0.00
[INFO] [1778711117.205902755] [centerline_scan_node]: Mode=ALIGN_AISLE | x=-0.00, y=0.00, yaw=-0.00
[INFO] [1778711117.295052589] [centerline_scan_node]: Mode=ALIGN_AISLE | x=-0.00, y=0.00, yaw=-0.00
[INFO] [1778711117.396442463] [centerline_scan_node]: Mode=ALIGN_AISLE | x=-0.00, y=0.00, yaw=-0.00
[INFO] [1778711117.492591458] [centerline_scan_node]: Mode=ALIGN_AISLE | x=-0.00, y=0.00, yaw=-0.00
[INFO] [1778711117.600488429] [centerline_scan_node]: Mode=ALIGN_AISLE | x=-0.00, y=0.00, yaw=-0.00
[INFO] [1778711117.707894254] [centerline_scan_node]: Mode=ALIGN_AISLE | x=-0.00, y=0.00, yaw=-0.00
[INFO] [1778711117.787492397] [centerline_scan_node]: Mode=ALIGN_AISLE | x=-0.00, y=0.00, yaw=-0.00
[INFO] [1778711117.891950221] [centerline_scan_node]: Mode=ALIGN_AISLE | x=-0.00, y=0.00, yaw=-0.00
[INFO] [1778711118.003761463] [centerline_scan_node]: Mode=ALIGN_AISLE | x=-0.00, y=0.00, yaw=-0.00
[INFO] [1778711118.092941553] [centerline_scan_node]: Mode=ALIGN_AISLE | x=-0.00, y=0.00, yaw=-0.00
[INFO] [1778711118.207582827] [centerline_scan_node]: Mode=ALIGN_AISLE | x=-0.00, y=0.00, yaw=-0.00
[INFO] [1778711118.310897085] [centerline_scan_node]: Mode=ALIGN_AISLE | x=-0.00, y=0.00, yaw=-0.00
[INFO] [1778711118.388969435] [centerline_scan_node]: Mode=ALIGN_AISLE | x=-0.00, y=0.00, yaw=-0.00
[INFO] [1778711118.493774120] [centerline_scan_node]: Mode=ALIGN_AISLE | x=-0.00, y=0.00, yaw=-0.00
[INFO] [1778711118.708473764] [centerline_scan_node]: Mode=ALIGN_AISLE | x=-0.00, y=0.00, yaw=-0.00
[INFO] [1778711118.750175005] [centerline_scan_node]: Mode=ALIGN_AISLE | x=-0.00, y=0.00, yaw=-0.00
[INFO] [1778711118.839676955] [centerline_scan_node]: Mode=ALIGN_AISLE | x=-0.00, y=0.00, yaw=-0.00
[INFO] [1778711118.903131830] [centerline_scan_node]: Mode=ALIGN_AISLE | x=-0.00, y=0.00, yaw=-0.00
[INFO] [1778711118.990521125] [centerline_scan_node]: Mode=ALIGN_AISLE | x=-0.00, y=0.00, yaw=-0.00
[INFO] [1778711119.091120567] [centerline_scan_node]: Mode=ALIGN_AISLE | x=-0.00, y=0.00, yaw=-0.00
[INFO] [1778711119.188491660] [centerline_scan_node]: Mode=ALIGN_AISLE | x=-0.00, y=0.00, yaw=-0.00
[INFO] [1778711119.288627665] [centerline_scan_node]: Mode=ALIGN_AISLE | x=-0.00, y=0.00, yaw=-0.00
[INFO] [1778711119.386042226] [centerline_scan_node]: Mode=ALIGN_AISLE | x=-0.00, y=0.00, yaw=-0.00
[INFO] [1778711119.496567752] [centerline_scan_node]: Mode=ALIGN_AISLE | x=-0.00, y=0.00, yaw=-0.00
[INFO] [1778711119.592937026] [centerline_scan_node]: Mode=ALIGN_AISLE | x=-0.00, y=0.00, yaw=-0.00
[INFO] [1778711119.699806220] [centerline_scan_node]: Mode=ALIGN_AISLE | x=-0.00, y=0.00, yaw=-0.00
[INFO] [1778711119.800385343] [centerline_scan_node]: Mode=ALIGN_AISLE | x=-0.00, y=0.00, yaw=-0.00
[INFO] [1778711119.999841785] [centerline_scan_node]: Mode=ALIGN_AISLE | x=-0.00, y=0.00, yaw=-0.00
[INFO] [1778711120.014581701] [centerline_scan_node]: Mode=ALIGN_AISLE | x=-0.00, y=0.00, yaw=-0.00
[INFO] [1778711120.101892440] [centerline_scan_node]: Mode=ALIGN_AISLE | x=-0.00, y=0.00, yaw=-0.00
[INFO] [1778711120.203856829] [centerline_scan_node]: Mode=ALIGN_AISLE | x=-0.00, y=0.00, yaw=-0.00
[INFO] [1778711120.293859220] [centerline_scan_node]: Mode=ALIGN_AISLE | x=-0.00, y=0.00, yaw=-0.00
[INFO] [1778711120.408567544] [centerline_scan_node]: Mode=ALIGN_AISLE | x=-0.00, y=0.00, yaw=-0.00
[INFO] [1778711120.496279958] [centerline_scan_node]: Mode=ALIGN_AISLE | x=-0.00, y=0.00, yaw=-0.00
[INFO] [1778711120.609942541] [centerline_scan_node]: Mode=ALIGN_AISLE | x=-0.00, y=0.00, yaw=-0.00
[INFO] [1778711120.710092153] [centerline_scan_node]: Mode=ALIGN_AISLE | x=-0.00, y=0.00, yaw=-0.00
[INFO] [1778711120.814397313] [centerline_scan_node]: Mode=ALIGN_AISLE | x=-0.00, y=0.00, yaw=-0.00
[INFO] [1778711120.980170316] [centerline_scan_node]: Mode=ALIGN_AISLE | x=-0.00, y=0.00, yaw=-0.00
[INFO] [1778711121.023525378] [centerline_scan_node]: Mode=ALIGN_AISLE | x=-0.00, y=0.00, yaw=-0.00
[INFO] [1778711121.097684093] [centerline_scan_node]: Mode=ALIGN_AISLE | x=-0.00, y=0.00, yaw=-0.00
[INFO] [1778711121.200942184] [centerline_scan_node]: Mode=ALIGN_AISLE | x=-0.00, y=0.00, yaw=-0.00
[INFO] [1778711121.295483030] [centerline_scan_node]: Mode=ALIGN_AISLE | x=-0.00, y=0.00, yaw=-0.00
[INFO] [1778711121.392138866] [centerline_scan_node]: Mode=ALIGN_AISLE | x=-0.00, y=0.00, yaw=-0.00
[INFO] [1778711121.491684131] [centerline_scan_node]: Mode=ALIGN_AISLE | x=-0.00, y=0.00, yaw=-0.00
[INFO] [1778711121.597856721] [centerline_scan_node]: Mode=ALIGN_AISLE | x=-0.00, y=0.00, yaw=-0.00
[INFO] [1778711121.697755149] [centerline_scan_node]: Mode=ALIGN_AISLE | x=-0.00, y=0.00, yaw=-0.00
[INFO] [1778711121.814726184] [centerline_scan_node]: Mode=ALIGN_AISLE | x=-0.00, y=0.00, yaw=-0.00
[INFO] [1778711121.914400077] [centerline_scan_node]: Mode=ALIGN_AISLE | x=-0.00, y=0.00, yaw=-0.00
[INFO] [1778711121.997295014] [centerline_scan_node]: Mode=ALIGN_AISLE | x=-0.00, y=0.00, yaw=-0.00
[INFO] [1778711122.091035408] [centerline_scan_node]: Mode=ALIGN_AISLE | x=-0.00, y=0.00, yaw=-0.00
[INFO] [1778711122.190946948] [centerline_scan_node]: Mode=ALIGN_AISLE | x=-0.00, y=0.00, yaw=-0.00
[INFO] [1778711122.293326088] [centerline_scan_node]: Mode=ALIGN_AISLE | x=-0.00, y=0.00, yaw=-0.00
[INFO] [1778711122.393146053] [centerline_scan_node]: Mode=ALIGN_AISLE | x=-0.00, y=0.00, yaw=-0.00
[INFO] [1778711122.488762893] [centerline_scan_node]: Mode=ALIGN_AISLE | x=-0.00, y=0.00, yaw=-0.00
[INFO] [1778711122.594478990] [centerline_scan_node]: Mode=ALIGN_AISLE | x=-0.00, y=0.00, yaw=-0.00
[INFO] [1778711122.710950598] [centerline_scan_node]: Mode=ALIGN_AISLE | x=-0.00, y=0.00, yaw=-0.00
[INFO] [1778711122.804022885] [centerline_scan_node]: Mode=ALIGN_AISLE | x=-0.00, y=0.00, yaw=-0.00
[INFO] [1778711122.945437908] [centerline_scan_node]: Mode=ALIGN_AISLE | x=-0.00, y=0.00, yaw=-0.00
[INFO] [1778711123.009912326] [centerline_scan_node]: Mode=ALIGN_AISLE | x=-0.00, y=0.00, yaw=-0.00
[INFO] [1778711123.091097595] [centerline_scan_node]: Mode=ALIGN_AISLE | x=-0.00, y=0.00, yaw=-0.00
[INFO] [1778711123.223148900] [centerline_scan_node]: Mode=ALIGN_AISLE | x=-0.00, y=0.00, yaw=-0.00
[INFO] [1778711123.299829128] [centerline_scan_node]: Mode=ALIGN_AISLE | x=-0.00, y=0.00, yaw=-0.00
[INFO] [1778711123.398122906] [centerline_scan_node]: Mode=ALIGN_AISLE | x=-0.00, y=0.00, yaw=-0.00
[INFO] [1778711123.495206835] [centerline_scan_node]: Mode=ALIGN_AISLE | x=-0.00, y=0.00, yaw=-0.00
[INFO] [1778711123.611866217] [centerline_scan_node]: Mode=ALIGN_AISLE | x=-0.00, y=0.00, yaw=-0.00
[INFO] [1778711123.728181944] [centerline_scan_node]: Mode=ALIGN_AISLE | x=-0.00, y=0.00, yaw=-0.00
[INFO] [1778711123.802454455] [centerline_scan_node]: Mode=ALIGN_AISLE | x=-0.00, y=0.00, yaw=-0.00
[INFO] [1778711123.972919798] [centerline_scan_node]: Mode=ALIGN_AISLE | x=-0.00, y=0.00, yaw=-0.00
[INFO] [1778711124.001462793] [centerline_scan_node]: Mode=ALIGN_AISLE | x=-0.00, y=0.00, yaw=-0.00
[INFO] [1778711124.087224830] [centerline_scan_node]: Mode=ALIGN_AISLE | x=-0.00, y=0.00, yaw=-0.00
[INFO] [1778711124.190898945] [centerline_scan_node]: Mode=ALIGN_AISLE | x=-0.00, y=0.00, yaw=-0.00
[INFO] [1778711124.289490522] [centerline_scan_node]: Mode=ALIGN_AISLE | x=-0.00, y=0.00, yaw=-0.00
[INFO] [1778711124.409533143] [centerline_scan_node]: Mode=ALIGN_AISLE | x=-0.00, y=0.00, yaw=-0.00
[INFO] [1778711124.509576738] [centerline_scan_node]: Mode=ALIGN_AISLE | x=-0.00, y=0.00, yaw=-0.00
[INFO] [1778711124.601582995] [centerline_scan_node]: Mode=ALIGN_AISLE | x=-0.00, y=0.00, yaw=-0.00
[INFO] [1778711124.711557675] [centerline_scan_node]: Mode=ALIGN_AISLE | x=-0.00, y=0.00, yaw=-0.00
[INFO] [1778711124.795104731] [centerline_scan_node]: Mode=ALIGN_AISLE | x=-0.00, y=0.00, yaw=-0.00
[INFO] [1778711124.888580228] [centerline_scan_node]: Mode=ALIGN_AISLE | x=-0.00, y=0.00, yaw=-0.00
[INFO] [1778711125.000346925] [centerline_scan_node]: Mode=ALIGN_AISLE | x=-0.00, y=0.00, yaw=-0.00
[INFO] [1778711125.088723632] [centerline_scan_node]: Mode=ALIGN_AISLE | x=-0.00, y=0.00, yaw=-0.00
[INFO] [1778711125.194907871] [centerline_scan_node]: Mode=ALIGN_AISLE | x=-0.00, y=0.00, yaw=-0.00
[INFO] [1778711125.290171350] [centerline_scan_node]: Mode=ALIGN_AISLE | x=-0.00, y=0.00, yaw=-0.00
[INFO] [1778711125.397204047] [centerline_scan_node]: Mode=ALIGN_AISLE | x=-0.00, y=0.00, yaw=-0.00
[INFO] [1778711125.498796342] [centerline_scan_node]: Mode=ALIGN_AISLE | x=-0.00, y=0.00, yaw=-0.00
[INFO] [1778711125.597682218] [centerline_scan_node]: Mode=ALIGN_AISLE | x=-0.00, y=0.00, yaw=-0.00
[INFO] [1778711125.699323257] [centerline_scan_node]: Mode=ALIGN_AISLE | x=-0.00, y=0.00, yaw=-0.00
[INFO] [1778711125.806470882] [centerline_scan_node]: Mode=ALIGN_AISLE | x=-0.00, y=0.00, yaw=-0.00
[INFO] [1778711125.894563444] [centerline_scan_node]: Mode=ALIGN_AISLE | x=-0.00, y=0.00, yaw=-0.00
[INFO] [1778711125.994684779] [centerline_scan_node]: Mode=ALIGN_AISLE | x=-0.00, y=0.00, yaw=-0.00
[INFO] [1778711126.098241106] [centerline_scan_node]: Mode=ALIGN_AISLE | x=-0.00, y=0.00, yaw=-0.00
[INFO] [1778711126.198993470] [centerline_scan_node]: Mode=ALIGN_AISLE | x=-0.00, y=0.00, yaw=-0.00
[INFO] [1778711126.321323935] [centerline_scan_node]: Mode=ALIGN_AISLE | x=-0.00, y=0.00, yaw=-0.00
[INFO] [1778711126.412828016] [centerline_scan_node]: Mode=ALIGN_AISLE | x=-0.00, y=0.00, yaw=-0.00
[INFO] [1778711126.553044024] [centerline_scan_node]: Mode=ALIGN_AISLE | x=-0.00, y=0.00, yaw=-0.00
[INFO] [1778711126.613189288] [centerline_scan_node]: Mode=ALIGN_AISLE | x=-0.00, y=0.00, yaw=-0.00
[INFO] [1778711126.708086801] [centerline_scan_node]: Mode=ALIGN_AISLE | x=-0.00, y=0.00, yaw=-0.00
[INFO] [1778711126.831109842] [centerline_scan_node]: Mode=ALIGN_AISLE | x=-0.00, y=0.00, yaw=-0.00
[INFO] [1778711126.897129476] [centerline_scan_node]: Mode=ALIGN_AISLE | x=-0.00, y=0.00, yaw=-0.00
[INFO] [1778711126.994263357] [centerline_scan_node]: Mode=ALIGN_AISLE | x=-0.00, y=0.00, yaw=-0.00
[INFO] [1778711127.090876401] [centerline_scan_node]: Mode=ALIGN_AISLE | x=-0.00, y=0.00, yaw=-0.00
[INFO] [1778711127.198439584] [centerline_scan_node]: Mode=ALIGN_AISLE | x=-0.00, y=0.00, yaw=-0.00
[INFO] [1778711127.309084596] [centerline_scan_node]: Mode=ALIGN_AISLE | x=-0.00, y=0.00, yaw=-0.00
[INFO] [1778711127.438133766] [centerline_scan_node]: Mode=ALIGN_AISLE | x=-0.00, y=0.00, yaw=-0.00
[INFO] [1778711127.494523990] [centerline_scan_node]: Mode=ALIGN_AISLE | x=-0.00, y=0.00, yaw=-0.00
[INFO] [1778711127.593284228] [centerline_scan_node]: Mode=ALIGN_AISLE | x=-0.00, y=0.00, yaw=-0.00
[INFO] [1778711127.695278222] [centerline_scan_node]: Mode=ALIGN_AISLE | x=-0.00, y=0.00, yaw=-0.00
[INFO] [1778711127.805922028] [centerline_scan_node]: Mode=ALIGN_AISLE | x=-0.00, y=0.00, yaw=-0.00
[INFO] [1778711127.906721573] [centerline_scan_node]: Mode=ALIGN_AISLE | x=-0.00, y=0.00, yaw=-0.00
[INFO] [1778711128.008778296] [centerline_scan_node]: Mode=ALIGN_AISLE | x=-0.00, y=0.00, yaw=-0.00
[INFO] [1778711128.093475910] [centerline_scan_node]: Mode=ALIGN_AISLE | x=-0.00, y=0.00, yaw=-0.00
[INFO] [1778711128.227479530] [centerline_scan_node]: Mode=ALIGN_AISLE | x=-0.00, y=0.00, yaw=-0.00
[INFO] [1778711128.328248060] [centerline_scan_node]: Mode=ALIGN_AISLE | x=-0.00, y=0.00, yaw=-0.00
[INFO] [1778711128.415445672] [centerline_scan_node]: Mode=ALIGN_AISLE | x=-0.00, y=0.00, yaw=-0.00
[INFO] [1778711128.493485412] [centerline_scan_node]: Mode=ALIGN_AISLE | x=-0.00, y=0.00, yaw=-0.00
[INFO] [1778711128.598490028] [centerline_scan_node]: Mode=ALIGN_AISLE | x=-0.00, y=0.00, yaw=-0.00
[INFO] [1778711128.697455580] [centerline_scan_node]: Mode=ALIGN_AISLE | x=-0.00, y=0.00, yaw=-0.00
[INFO] [1778711128.799629498] [centerline_scan_node]: Mode=ALIGN_AISLE | x=-0.00, y=0.00, yaw=-0.00
[INFO] [1778711128.895829216] [centerline_scan_node]: Mode=ALIGN_AISLE | x=-0.00, y=0.00, yaw=-0.00
[INFO] [1778711128.988697097] [centerline_scan_node]: Mode=ALIGN_AISLE | x=-0.00, y=0.00, yaw=-0.00
[INFO] [1778711129.088661599] [centerline_scan_node]: Mode=ALIGN_AISLE | x=-0.00, y=0.00, yaw=-0.00
[INFO] [1778711129.187411614] [centerline_scan_node]: Mode=ALIGN_AISLE | x=-0.00, y=0.00, yaw=-0.00
[INFO] [1778711129.381877458] [centerline_scan_node]: Mode=ALIGN_AISLE | x=-0.00, y=0.00, yaw=-0.00
[INFO] [1778711129.410870141] [centerline_scan_node]: Mode=ALIGN_AISLE | x=-0.00, y=0.00, yaw=-0.00
[INFO] [1778711129.496187602] [centerline_scan_node]: Mode=ALIGN_AISLE | x=-0.00, y=0.00, yaw=-0.00
[INFO] [1778711129.619794005] [centerline_scan_node]: Mode=ALIGN_AISLE | x=-0.00, y=0.00, yaw=-0.00
[INFO] [1778711129.704201410] [centerline_scan_node]: Mode=ALIGN_AISLE | x=-0.00, y=0.00, yaw=-0.00
[INFO] [1778711129.813272195] [centerline_scan_node]: Mode=ALIGN_AISLE | x=-0.00, y=0.00, yaw=-0.00
[INFO] [1778711129.892903509] [centerline_scan_node]: Mode=ALIGN_AISLE | x=-0.00, y=0.00, yaw=-0.00
[INFO] [1778711129.990651571] [centerline_scan_node]: Mode=ALIGN_AISLE | x=-0.00, y=0.00, yaw=-0.00
[INFO] [1778711130.100222806] [centerline_scan_node]: Mode=ALIGN_AISLE | x=-0.00, y=0.00, yaw=-0.00
[INFO] [1778711130.190325787] [centerline_scan_node]: Mode=ALIGN_AISLE | x=-0.00, y=0.00, yaw=-0.00
[INFO] [1778711130.290049495] [centerline_scan_node]: Mode=ALIGN_AISLE | x=-0.00, y=0.00, yaw=-0.00
[INFO] [1778711130.390590433] [centerline_scan_node]: Mode=ALIGN_AISLE | x=-0.00, y=0.00, yaw=-0.00
[INFO] [1778711130.490689181] [centerline_scan_node]: Mode=ALIGN_AISLE | x=-0.00, y=0.00, yaw=-0.00
[INFO] [1778711130.592485649] [centerline_scan_node]: Mode=ALIGN_AISLE | x=-0.00, y=0.00, yaw=-0.00
[INFO] [1778711130.689024145] [centerline_scan_node]: Mode=ALIGN_AISLE | x=-0.00, y=0.00, yaw=-0.00
[INFO] [1778711130.787996174] [centerline_scan_node]: Mode=ALIGN_AISLE | x=-0.00, y=0.00, yaw=-0.00
[INFO] [1778711130.893612060] [centerline_scan_node]: Mode=ALIGN_AISLE | x=-0.00, y=0.00, yaw=-0.00
[INFO] [1778711130.989242137] [centerline_scan_node]: Mode=ALIGN_AISLE | x=-0.00, y=0.00, yaw=-0.00
[INFO] [1778711131.088288193] [centerline_scan_node]: Mode=ALIGN_AISLE | x=-0.00, y=0.00, yaw=-0.00
[INFO] [1778711131.192322261] [centerline_scan_node]: Mode=ALIGN_AISLE | x=-0.00, y=0.00, yaw=-0.00
[INFO] [1778711131.290823246] [centerline_scan_node]: Mode=ALIGN_AISLE | x=-0.00, y=0.00, yaw=-0.00
[INFO] [1778711131.400567805] [centerline_scan_node]: Mode=ALIGN_AISLE | x=-0.00, y=0.00, yaw=-0.00
[INFO] [1778711131.499869802] [centerline_scan_node]: Mode=ALIGN_AISLE | x=-0.00, y=0.00, yaw=-0.00
[INFO] [1778711131.614888112] [centerline_scan_node]: Mode=ALIGN_AISLE | x=-0.00, y=0.00, yaw=-0.00
[INFO] [1778711131.691689802] [centerline_scan_node]: Mode=ALIGN_AISLE | x=-0.00, y=0.00, yaw=-0.00
[INFO] [1778711131.798956234] [centerline_scan_node]: Mode=ALIGN_AISLE | x=-0.00, y=0.00, yaw=-0.00
[INFO] [1778711131.901523910] [centerline_scan_node]: Mode=ALIGN_AISLE | x=-0.00, y=0.00, yaw=-0.00
[INFO] [1778711132.009481837] [centerline_scan_node]: Mode=ALIGN_AISLE | x=-0.00, y=0.00, yaw=-0.00
[INFO] [1778711132.137242301] [centerline_scan_node]: Mode=ALIGN_AISLE | x=-0.00, y=0.00, yaw=-0.00
[INFO] [1778711132.224297633] [centerline_scan_node]: Mode=ALIGN_AISLE | x=-0.00, y=0.00, yaw=-0.00
[INFO] [1778711132.300844080] [centerline_scan_node]: Mode=ALIGN_AISLE | x=-0.00, y=0.00, yaw=-0.00
[INFO] [1778711132.418871647] [centerline_scan_node]: Mode=ALIGN_AISLE | x=-0.00, y=0.00, yaw=-0.00
[INFO] [1778711132.581663888] [centerline_scan_node]: Mode=ALIGN_AISLE | x=-0.00, y=0.00, yaw=-0.00
[INFO] [1778711132.611066338] [centerline_scan_node]: Mode=ALIGN_AISLE | x=-0.00, y=0.00, yaw=-0.00
[INFO] [1778711132.700909094] [centerline_scan_node]: Mode=ALIGN_AISLE | x=-0.00, y=0.00, yaw=-0.00
[INFO] [1778711132.791577516] [centerline_scan_node]: Mode=ALIGN_AISLE | x=-0.00, y=0.00, yaw=-0.00
[INFO] [1778711132.891972073] [centerline_scan_node]: Mode=ALIGN_AISLE | x=-0.00, y=0.00, yaw=-0.00
[INFO] [1778711133.002659056] [centerline_scan_node]: Mode=ALIGN_AISLE | x=-0.00, y=0.00, yaw=-0.00
[INFO] [1778711133.121691752] [centerline_scan_node]: Mode=ALIGN_AISLE | x=-0.00, y=0.00, yaw=-0.00
[INFO] [1778711133.204663277] [centerline_scan_node]: Mode=ALIGN_AISLE | x=-0.00, y=0.00, yaw=-0.00
[INFO] [1778711133.296554721] [centerline_scan_node]: Mode=ALIGN_AISLE | x=-0.00, y=0.00, yaw=-0.00
[INFO] [1778711133.393802865] [centerline_scan_node]: Mode=ALIGN_AISLE | x=-0.00, y=0.00, yaw=-0.00
[INFO] [1778711133.545298599] [centerline_scan_node]: Mode=ALIGN_AISLE | x=-0.00, y=0.00, yaw=-0.00
[INFO] [1778711133.596667677] [centerline_scan_node]: Mode=ALIGN_AISLE | x=-0.00, y=0.00, yaw=-0.00
[INFO] [1778711133.691997443] [centerline_scan_node]: Mode=ALIGN_AISLE | x=-0.00, y=0.00, yaw=-0.00
[INFO] [1778711133.804091135] [centerline_scan_node]: Mode=ALIGN_AISLE | x=-0.00, y=0.00, yaw=-0.00
[INFO] [1778711133.916549625] [centerline_scan_node]: Mode=ALIGN_AISLE | x=-0.00, y=0.00, yaw=-0.00
[INFO] [1778711133.993777435] [centerline_scan_node]: Mode=ALIGN_AISLE | x=-0.00, y=0.00, yaw=-0.00
[INFO] [1778711134.088867518] [centerline_scan_node]: Mode=ALIGN_AISLE | x=-0.00, y=0.00, yaw=-0.00
[INFO] [1778711134.203783490] [centerline_scan_node]: Mode=ALIGN_AISLE | x=-0.00, y=0.00, yaw=-0.00
[INFO] [1778711134.308852158] [centerline_scan_node]: Mode=ALIGN_AISLE | x=-0.00, y=0.00, yaw=-0.00
[INFO] [1778711134.399482902] [centerline_scan_node]: Mode=ALIGN_AISLE | x=-0.00, y=0.00, yaw=-0.00
[INFO] [1778711134.497480663] [centerline_scan_node]: Mode=ALIGN_AISLE | x=-0.00, y=0.00, yaw=-0.00
[INFO] [1778711134.611263369] [centerline_scan_node]: Mode=ALIGN_AISLE | x=-0.00, y=0.00, yaw=-0.00
[INFO] [1778711134.703371053] [centerline_scan_node]: Mode=ALIGN_AISLE | x=-0.00, y=0.00, yaw=-0.00
[INFO] [1778711134.788669351] [centerline_scan_node]: Mode=ALIGN_AISLE | x=-0.00, y=0.00, yaw=-0.00
[INFO] [1778711134.887367642] [centerline_scan_node]: Mode=ALIGN_AISLE | x=-0.00, y=0.00, yaw=-0.00
[INFO] [1778711134.994799347] [centerline_scan_node]: Mode=ALIGN_AISLE | x=-0.00, y=0.00, yaw=-0.00
[INFO] [1778711135.092400617] [centerline_scan_node]: Mode=ALIGN_AISLE | x=-0.00, y=0.00, yaw=-0.00
[INFO] [1778711135.196473652] [centerline_scan_node]: Mode=ALIGN_AISLE | x=-0.00, y=0.00, yaw=-0.00
[INFO] [1778711135.303056575] [centerline_scan_node]: Mode=ALIGN_AISLE | x=-0.00, y=0.00, yaw=-0.00
[INFO] [1778711135.394814843] [centerline_scan_node]: Mode=ALIGN_AISLE | x=-0.00, y=0.00, yaw=-0.00
[INFO] [1778711135.502356357] [centerline_scan_node]: Mode=ALIGN_AISLE | x=-0.00, y=0.00, yaw=-0.00
[INFO] [1778711135.605275006] [centerline_scan_node]: Mode=ALIGN_AISLE | x=-0.00, y=0.00, yaw=-0.00
[INFO] [1778711135.703092184] [centerline_scan_node]: Mode=ALIGN_AISLE | x=-0.00, y=0.00, yaw=-0.00
[INFO] [1778711135.791361808] [centerline_scan_node]: Mode=ALIGN_AISLE | x=-0.00, y=0.00, yaw=-0.00
[INFO] [1778711135.893152569] [centerline_scan_node]: Mode=ALIGN_AISLE | x=-0.00, y=0.00, yaw=-0.00
[INFO] [1778711136.043656721] [centerline_scan_node]: Mode=ALIGN_AISLE | x=-0.00, y=0.00, yaw=-0.00
[INFO] [1778711136.096927518] [centerline_scan_node]: Mode=ALIGN_AISLE | x=-0.00, y=0.00, yaw=-0.00
[INFO] [1778711136.193899246] [centerline_scan_node]: Mode=ALIGN_AISLE | x=-0.00, y=0.00, yaw=-0.00
[INFO] [1778711136.299834622] [centerline_scan_node]: Mode=ALIGN_AISLE | x=-0.00, y=0.00, yaw=-0.00
[INFO] [1778711136.399341610] [centerline_scan_node]: Mode=ALIGN_AISLE | x=-0.00, y=0.00, yaw=-0.00
[INFO] [1778711136.494189004] [centerline_scan_node]: Mode=ALIGN_AISLE | x=-0.00, y=0.00, yaw=-0.00
[INFO] [1778711136.595147828] [centerline_scan_node]: Mode=ALIGN_AISLE | x=-0.00, y=0.00, yaw=-0.00
[INFO] [1778711136.698807498] [centerline_scan_node]: Mode=ALIGN_AISLE | x=-0.00, y=0.00, yaw=-0.00
[INFO] [1778711136.793139996] [centerline_scan_node]: Mode=ALIGN_AISLE | x=-0.00, y=0.00, yaw=-0.00
[INFO] [1778711136.890053132] [centerline_scan_node]: Mode=ALIGN_AISLE | x=-0.00, y=0.00, yaw=-0.00
[INFO] [1778711137.014364962] [centerline_scan_node]: Mode=ALIGN_AISLE | x=-0.00, y=0.00, yaw=-0.00
[INFO] [1778711137.095258931] [centerline_scan_node]: Mode=ALIGN_AISLE | x=-0.00, y=0.00, yaw=-0.00
[INFO] [1778711137.197018025] [centerline_scan_node]: Mode=ALIGN_AISLE | x=-0.00, y=0.00, yaw=-0.00
[INFO] [1778711137.317906250] [centerline_scan_node]: Mode=ALIGN_AISLE | x=-0.00, y=0.00, yaw=-0.00
[INFO] [1778711137.412783502] [centerline_scan_node]: Mode=ALIGN_AISLE | x=-0.00, y=0.00, yaw=-0.00
[INFO] [1778711137.495192718] [centerline_scan_node]: Mode=ALIGN_AISLE | x=-0.00, y=0.00, yaw=-0.00
[INFO] [1778711137.590482605] [centerline_scan_node]: Mode=ALIGN_AISLE | x=-0.00, y=0.00, yaw=-0.00
[INFO] [1778711137.693927004] [centerline_scan_node]: Mode=ALIGN_AISLE | x=-0.00, y=0.00, yaw=-0.00
[INFO] [1778711137.790006827] [centerline_scan_node]: Mode=ALIGN_AISLE | x=-0.00, y=0.00, yaw=-0.00
[INFO] [1778711137.904085127] [centerline_scan_node]: Mode=ALIGN_AISLE | x=-0.00, y=0.00, yaw=-0.00
[INFO] [1778711138.028724927] [centerline_scan_node]: Mode=ALIGN_AISLE | x=-0.00, y=0.00, yaw=-0.00
[INFO] [1778711138.090113736] [centerline_scan_node]: Mode=ALIGN_AISLE | x=-0.00, y=0.00, yaw=-0.00
[INFO] [1778711138.203737630] [centerline_scan_node]: Mode=ALIGN_AISLE | x=-0.00, y=0.00, yaw=-0.00
[INFO] [1778711138.324458799] [centerline_scan_node]: Mode=ALIGN_AISLE | x=-0.00, y=0.00, yaw=-0.00
[INFO] [1778711138.389974706] [centerline_scan_node]: Mode=ALIGN_AISLE | x=-0.00, y=0.00, yaw=-0.00
[INFO] [1778711138.490583239] [centerline_scan_node]: Mode=ALIGN_AISLE | x=-0.00, y=0.00, yaw=-0.00
[INFO] [1778711138.605351801] [centerline_scan_node]: Mode=ALIGN_AISLE | x=-0.00, y=0.00, yaw=-0.00
[INFO] [1778711138.718217847] [centerline_scan_node]: Mode=ALIGN_AISLE | x=-0.00, y=0.00, yaw=-0.00
[INFO] [1778711138.798216625] [centerline_scan_node]: Mode=ALIGN_AISLE | x=-0.00, y=0.00, yaw=-0.00
[INFO] [1778711138.903583567] [centerline_scan_node]: Mode=ALIGN_AISLE | x=-0.00, y=0.00, yaw=-0.00
[INFO] [1778711139.056806458] [centerline_scan_node]: Mode=ALIGN_AISLE | x=-0.00, y=0.00, yaw=-0.00
[INFO] [1778711139.097198890] [centerline_scan_node]: Mode=ALIGN_AISLE | x=-0.00, y=0.00, yaw=-0.00
[INFO] [1778711139.224568627] [centerline_scan_node]: Mode=ALIGN_AISLE | x=-0.00, y=0.00, yaw=-0.00
[INFO] [1778711139.331008335] [centerline_scan_node]: Mode=ALIGN_AISLE | x=-0.00, y=0.00, yaw=-0.00
[INFO] [1778711139.403609179] [centerline_scan_node]: Mode=ALIGN_AISLE | x=-0.00, y=0.00, yaw=-0.00
[INFO] [1778711139.528735287] [centerline_scan_node]: Mode=ALIGN_AISLE | x=-0.00, y=0.00, yaw=-0.00
[INFO] [1778711139.617532730] [centerline_scan_node]: Mode=ALIGN_AISLE | x=-0.00, y=0.00, yaw=-0.00
[INFO] [1778711139.709357846] [centerline_scan_node]: Mode=ALIGN_AISLE | x=-0.00, y=0.00, yaw=-0.00
[INFO] [1778711139.851056297] [centerline_scan_node]: Mode=ALIGN_AISLE | x=-0.00, y=0.00, yaw=-0.00
[INFO] [1778711139.896707164] [centerline_scan_node]: Mode=ALIGN_AISLE | x=-0.00, y=0.00, yaw=-0.00
[INFO] [1778711140.041262846] [centerline_scan_node]: Mode=ALIGN_AISLE | x=-0.00, y=0.00, yaw=-0.00
[INFO] [1778711140.101650350] [centerline_scan_node]: Mode=ALIGN_AISLE | x=-0.00, y=0.00, yaw=-0.00
[INFO] [1778711140.195422007] [centerline_scan_node]: Mode=ALIGN_AISLE | x=-0.00, y=0.00, yaw=-0.00
[INFO] [1778711140.310803633] [centerline_scan_node]: Mode=ALIGN_AISLE | x=-0.00, y=0.00, yaw=-0.00
[INFO] [1778711140.431982152] [centerline_scan_node]: Mode=ALIGN_AISLE | x=-0.00, y=0.00, yaw=-0.00
[INFO] [1778711140.489596173] [centerline_scan_node]: Mode=ALIGN_AISLE | x=-0.00, y=0.00, yaw=-0.00
[INFO] [1778711140.588253631] [centerline_scan_node]: Mode=ALIGN_AISLE | x=-0.00, y=0.00, yaw=-0.00
[INFO] [1778711140.696097683] [centerline_scan_node]: Mode=ALIGN_AISLE | x=-0.00, y=0.00, yaw=-0.00
[INFO] [1778711140.793630956] [centerline_scan_node]: Mode=ALIGN_AISLE | x=-0.00, y=0.00, yaw=-0.00
[INFO] [1778711140.892469192] [centerline_scan_node]: Mode=ALIGN_AISLE | x=-0.00, y=0.00, yaw=-0.00
[INFO] [1778711141.020945242] [centerline_scan_node]: Mode=ALIGN_AISLE | x=-0.00, y=0.00, yaw=-0.00
[INFO] [1778711141.101137582] [centerline_scan_node]: Mode=ALIGN_AISLE | x=-0.00, y=0.00, yaw=-0.00
[INFO] [1778711141.225900204] [centerline_scan_node]: Mode=ALIGN_AISLE | x=-0.00, y=0.00, yaw=-0.00
[INFO] [1778711141.291772326] [centerline_scan_node]: Mode=ALIGN_AISLE | x=-0.00, y=0.00, yaw=-0.00
[INFO] [1778711141.387699993] [centerline_scan_node]: Mode=ALIGN_AISLE | x=-0.00, y=0.00, yaw=-0.00
[INFO] [1778711141.500697004] [centerline_scan_node]: Mode=ALIGN_AISLE | x=-0.00, y=0.00, yaw=-0.00
[INFO] [1778711141.613739664] [centerline_scan_node]: Mode=ALIGN_AISLE | x=-0.00, y=0.00, yaw=-0.00
[INFO] [1778711141.693213388] [centerline_scan_node]: Mode=ALIGN_AISLE | x=-0.00, y=0.00, yaw=-0.00
[INFO] [1778711141.802900016] [centerline_scan_node]: Mode=ALIGN_AISLE | x=-0.00, y=0.00, yaw=-0.00
[INFO] [1778711141.897424571] [centerline_scan_node]: Mode=ALIGN_AISLE | x=-0.00, y=0.00, yaw=-0.00
[INFO] [1778711142.031572292] [centerline_scan_node]: Mode=ALIGN_AISLE | x=-0.00, y=0.00, yaw=-0.00
[INFO] [1778711142.115148550] [centerline_scan_node]: Mode=ALIGN_AISLE | x=-0.00, y=0.00, yaw=-0.00
[INFO] [1778711142.240135501] [centerline_scan_node]: Mode=ALIGN_AISLE | x=-0.00, y=0.00, yaw=-0.00
[INFO] [1778711142.331282079] [centerline_scan_node]: Mode=ALIGN_AISLE | x=-0.00, y=0.00, yaw=-0.00
[INFO] [1778711142.391777099] [centerline_scan_node]: Mode=ALIGN_AISLE | x=-0.00, y=0.00, yaw=-0.00
[INFO] [1778711142.493976328] [centerline_scan_node]: Mode=ALIGN_AISLE | x=-0.00, y=0.00, yaw=-0.00
[INFO] [1778711142.598655233] [centerline_scan_node]: Mode=ALIGN_AISLE | x=-0.00, y=0.00, yaw=-0.00
[INFO] [1778711142.694051785] [centerline_scan_node]: Mode=ALIGN_AISLE | x=-0.00, y=0.00, yaw=-0.00
[INFO] [1778711142.796858742] [centerline_scan_node]: Mode=ALIGN_AISLE | x=-0.00, y=0.00, yaw=-0.00
[INFO] [1778711142.896922190] [centerline_scan_node]: Mode=ALIGN_AISLE | x=-0.00, y=0.00, yaw=-0.00
[INFO] [1778711142.993518673] [centerline_scan_node]: Mode=ALIGN_AISLE | x=-0.00, y=0.00, yaw=-0.00
[INFO] [1778711143.094192051] [centerline_scan_node]: Mode=ALIGN_AISLE | x=-0.00, y=0.00, yaw=-0.00
[INFO] [1778711143.208407975] [centerline_scan_node]: Mode=ALIGN_AISLE | x=-0.00, y=0.00, yaw=-0.00
[INFO] [1778711143.294461242] [centerline_scan_node]: Mode=ALIGN_AISLE | x=-0.00, y=0.00, yaw=-0.00
[INFO] [1778711143.406977065] [centerline_scan_node]: Mode=ALIGN_AISLE | x=-0.00, y=0.00, yaw=-0.00
[INFO] [1778711143.493336027] [centerline_scan_node]: Mode=ALIGN_AISLE | x=-0.00, y=0.00, yaw=-0.00
[INFO] [1778711143.607694432] [centerline_scan_node]: Mode=ALIGN_AISLE | x=-0.00, y=0.00, yaw=-0.00
[INFO] [1778711143.696842270] [centerline_scan_node]: Mode=ALIGN_AISLE | x=-0.00, y=0.00, yaw=-0.00
[INFO] [1778711143.819030486] [centerline_scan_node]: Mode=ALIGN_AISLE | x=-0.00, y=0.00, yaw=-0.00
[INFO] [1778711143.907986568] [centerline_scan_node]: Mode=ALIGN_AISLE | x=-0.00, y=0.00, yaw=-0.00
[INFO] [1778711143.990830122] [centerline_scan_node]: Mode=ALIGN_AISLE | x=-0.00, y=0.00, yaw=-0.00
[INFO] [1778711144.098038957] [centerline_scan_node]: Mode=ALIGN_AISLE | x=-0.00, y=0.00, yaw=-0.00
[INFO] [1778711144.218269699] [centerline_scan_node]: Mode=ALIGN_AISLE | x=-0.00, y=0.00, yaw=-0.00
[INFO] [1778711144.313747644] [centerline_scan_node]: Mode=ALIGN_AISLE | x=-0.00, y=0.00, yaw=-0.00
[INFO] [1778711144.406364612] [centerline_scan_node]: Mode=ALIGN_AISLE | x=-0.00, y=0.00, yaw=-0.00
[INFO] [1778711144.527904194] [centerline_scan_node]: Mode=ALIGN_AISLE | x=-0.00, y=0.00, yaw=-0.00
[INFO] [1778711144.592721127] [centerline_scan_node]: Mode=ALIGN_AISLE | x=-0.00, y=0.00, yaw=-0.00
[INFO] [1778711144.698147593] [centerline_scan_node]: Mode=ALIGN_AISLE | x=-0.00, y=0.00, yaw=-0.00
[INFO] [1778711144.822791626] [centerline_scan_node]: Mode=ALIGN_AISLE | x=-0.00, y=0.00, yaw=-0.00
[INFO] [1778711144.888909448] [centerline_scan_node]: Mode=ALIGN_AISLE | x=-0.00, y=0.00, yaw=-0.00
[INFO] [1778711145.091595848] [centerline_scan_node]: Mode=ALIGN_AISLE | x=-0.00, y=0.00, yaw=-0.00
[INFO] [1778711145.133339844] [centerline_scan_node]: Mode=ALIGN_AISLE | x=-0.00, y=0.00, yaw=-0.00
[INFO] [1778711145.222680017] [centerline_scan_node]: Mode=ALIGN_AISLE | x=-0.00, y=0.00, yaw=-0.00
[INFO] [1778711145.294580677] [centerline_scan_node]: Mode=ALIGN_AISLE | x=-0.00, y=0.00, yaw=-0.00
[INFO] [1778711145.401238059] [centerline_scan_node]: Mode=ALIGN_AISLE | x=-0.00, y=0.00, yaw=-0.00
[INFO] [1778711145.504857784] [centerline_scan_node]: Mode=ALIGN_AISLE | x=-0.00, y=0.00, yaw=-0.00
[INFO] [1778711145.617811823] [centerline_scan_node]: Mode=ALIGN_AISLE | x=-0.00, y=0.00, yaw=-0.00
[INFO] [1778711145.689781289] [centerline_scan_node]: Mode=ALIGN_AISLE | x=-0.00, y=0.00, yaw=-0.00
[INFO] [1778711145.794589703] [centerline_scan_node]: Mode=ALIGN_AISLE | x=-0.00, y=0.00, yaw=-0.00
[INFO] [1778711145.893077931] [centerline_scan_node]: Mode=ALIGN_AISLE | x=-0.00, y=0.00, yaw=-0.00
[INFO] [1778711146.000064598] [centerline_scan_node]: Mode=ALIGN_AISLE | x=-0.00, y=0.00, yaw=-0.00
[INFO] [1778711146.096712118] [centerline_scan_node]: Mode=ALIGN_AISLE | x=-0.00, y=0.00, yaw=-0.00
[INFO] [1778711147.127247303] [centerline_scan_node]: Mode=ALIGN_AISLE | x=-0.00, y=0.00, yaw=-0.00
[INFO] [1778711147.156480467] [centerline_scan_node]: Mode=ALIGN_AISLE | x=-0.00, y=0.00, yaw=-0.00
[INFO] [1778711147.191604150] [centerline_scan_node]: Mode=ALIGN_AISLE | x=-0.00, y=0.00, yaw=-0.00
[INFO] [1778711147.292421504] [centerline_scan_node]: Mode=ALIGN_AISLE | x=-0.00, y=0.00, yaw=-0.00
[INFO] [1778711147.402519619] [centerline_scan_node]: Mode=ALIGN_AISLE | x=-0.00, y=0.00, yaw=-0.00
[INFO] [1778711147.509604987] [centerline_scan_node]: Mode=ALIGN_AISLE | x=-0.00, y=0.00, yaw=-0.00
[INFO] [1778711147.597819030] [centerline_scan_node]: Mode=ALIGN_AISLE | x=-0.00, y=0.00, yaw=-0.00
[INFO] [1778711147.695467081] [centerline_scan_node]: Mode=ALIGN_AISLE | x=-0.00, y=0.00, yaw=-0.00
[INFO] [1778711147.796200501] [centerline_scan_node]: Mode=ALIGN_AISLE | x=-0.00, y=0.00, yaw=-0.00
[INFO] [1778711147.978134685] [centerline_scan_node]: Mode=ALIGN_AISLE | x=-0.00, y=0.00, yaw=-0.00
[INFO] [1778711147.995679129] [centerline_scan_node]: Mode=ALIGN_AISLE | x=-0.00, y=0.00, yaw=-0.00
[INFO] [1778711148.116225280] [centerline_scan_node]: Mode=ALIGN_AISLE | x=-0.00, y=0.00, yaw=-0.00
[INFO] [1778711148.190104102] [centerline_scan_node]: Mode=ALIGN_AISLE | x=-0.00, y=0.00, yaw=-0.00
[INFO] [1778711148.300683681] [centerline_scan_node]: Mode=ALIGN_AISLE | x=-0.00, y=0.00, yaw=-0.00
[INFO] [1778711148.402566479] [centerline_scan_node]: Mode=ALIGN_AISLE | x=-0.00, y=0.00, yaw=-0.00
[INFO] [1778711148.512169952] [centerline_scan_node]: Mode=ALIGN_AISLE | x=-0.00, y=0.00, yaw=-0.00
[INFO] [1778711148.599272511] [centerline_scan_node]: Mode=ALIGN_AISLE | x=-0.00, y=0.00, yaw=-0.00
[INFO] [1778711148.710594238] [centerline_scan_node]: Mode=ALIGN_AISLE | x=-0.00, y=0.00, yaw=-0.00
[INFO] [1778711148.795891173] [centerline_scan_node]: Mode=ALIGN_AISLE | x=-0.00, y=0.00, yaw=-0.00
[INFO] [1778711148.904640946] [centerline_scan_node]: Mode=ALIGN_AISLE | x=-0.00, y=0.00, yaw=-0.00
[INFO] [1778711149.144514843] [centerline_scan_node]: Mode=ALIGN_AISLE | x=-0.00, y=0.00, yaw=-0.00
[INFO] [1778711149.298500928] [centerline_scan_node]: Mode=ALIGN_AISLE | x=-0.00, y=0.00, yaw=-0.00
[INFO] [1778711149.348654499] [centerline_scan_node]: Mode=ALIGN_AISLE | x=-0.00, y=0.00, yaw=-0.00
[INFO] [1778711149.392952988] [centerline_scan_node]: Mode=ALIGN_AISLE | x=-0.00, y=0.00, yaw=-0.00
[INFO] [1778711149.506662125] [centerline_scan_node]: Mode=ALIGN_AISLE | x=-0.00, y=0.00, yaw=-0.00
[INFO] [1778711149.596062568] [centerline_scan_node]: Mode=ALIGN_AISLE | x=-0.00, y=0.00, yaw=-0.00
[INFO] [1778711149.733343796] [centerline_scan_node]: Mode=ALIGN_AISLE | x=-0.00, y=0.00, yaw=-0.00
[INFO] [1778711149.791249221] [centerline_scan_node]: Mode=ALIGN_AISLE | x=-0.00, y=0.00, yaw=-0.00
[INFO] [1778711149.937579436] [centerline_scan_node]: Mode=ALIGN_AISLE | x=-0.00, y=0.00, yaw=-0.00
[INFO] [1778711150.048237882] [centerline_scan_node]: Mode=ALIGN_AISLE | x=-0.00, y=0.00, yaw=-0.00
[INFO] [1778711150.110001476] [centerline_scan_node]: Mode=ALIGN_AISLE | x=-0.00, y=0.00, yaw=-0.00
[INFO] [1778711150.294761811] [centerline_scan_node]: Mode=ALIGN_AISLE | x=-0.00, y=0.00, yaw=-0.00
[INFO] [1778711150.326527036] [centerline_scan_node]: Mode=ALIGN_AISLE | x=-0.00, y=0.00, yaw=-0.00
[INFO] [1778711150.436583572] [centerline_scan_node]: Mode=ALIGN_AISLE | x=-0.00, y=0.00, yaw=-0.00
[INFO] [1778711150.517070166] [centerline_scan_node]: Mode=ALIGN_AISLE | x=-0.00, y=0.00, yaw=-0.00
[INFO] [1778711150.680033687] [centerline_scan_node]: Mode=ALIGN_AISLE | x=-0.00, y=0.00, yaw=-0.00
[INFO] [1778711150.703622769] [centerline_scan_node]: Mode=ALIGN_AISLE | x=-0.00, y=0.00, yaw=-0.00
[INFO] [1778711150.853478746] [centerline_scan_node]: Mode=ALIGN_AISLE | x=-0.00, y=0.00, yaw=-0.00
[INFO] [1778711150.900880861] [centerline_scan_node]: Mode=ALIGN_AISLE | x=-0.00, y=0.00, yaw=-0.00
[INFO] [1778711151.007437021] [centerline_scan_node]: Mode=ALIGN_AISLE | x=-0.00, y=0.00, yaw=-0.00
[INFO] [1778711151.148336625] [centerline_scan_node]: Mode=ALIGN_AISLE | x=-0.00, y=0.00, yaw=-0.00
[INFO] [1778711151.188933379] [centerline_scan_node]: Mode=ALIGN_AISLE | x=-0.00, y=0.00, yaw=-0.00
[INFO] [1778711151.298822880] [centerline_scan_node]: Mode=ALIGN_AISLE | x=-0.00, y=0.00, yaw=-0.00
[INFO] [1778711151.404398351] [centerline_scan_node]: Mode=ALIGN_AISLE | x=-0.00, y=0.00, yaw=-0.00
[INFO] [1778711151.487436774] [centerline_scan_node]: Mode=ALIGN_AISLE | x=-0.00, y=0.00, yaw=-0.00
[INFO] [1778711151.587959773] [centerline_scan_node]: Mode=ALIGN_AISLE | x=-0.00, y=0.00, yaw=-0.00
[INFO] [1778711151.748328218] [centerline_scan_node]: Mode=ALIGN_AISLE | x=-0.00, y=0.00, yaw=-0.00
[INFO] [1778711151.825014637] [centerline_scan_node]: Mode=ALIGN_AISLE | x=-0.00, y=0.00, yaw=-0.00
[INFO] [1778711151.915507417] [centerline_scan_node]: Mode=ALIGN_AISLE | x=-0.00, y=0.00, yaw=-0.00
[INFO] [1778711152.078115512] [centerline_scan_node]: Mode=ALIGN_AISLE | x=-0.00, y=0.00, yaw=-0.00
[INFO] [1778711152.122537222] [centerline_scan_node]: Mode=ALIGN_AISLE | x=-0.00, y=0.00, yaw=-0.00
[INFO] [1778711152.224766487] [centerline_scan_node]: Mode=ALIGN_AISLE | x=-0.00, y=0.00, yaw=-0.00
[INFO] [1778711152.311630267] [centerline_scan_node]: Mode=ALIGN_AISLE | x=-0.00, y=0.00, yaw=-0.00
[INFO] [1778711152.397054877] [centerline_scan_node]: Mode=ALIGN_AISLE | x=-0.00, y=0.00, yaw=-0.00
[INFO] [1778711152.495064913] [centerline_scan_node]: Mode=ALIGN_AISLE | x=-0.00, y=0.00, yaw=-0.00
[INFO] [1778711152.592911369] [centerline_scan_node]: Mode=ALIGN_AISLE | x=-0.00, y=0.00, yaw=-0.00
[INFO] [1778711152.706474476] [centerline_scan_node]: Mode=ALIGN_AISLE | x=-0.00, y=0.00, yaw=-0.00
[INFO] [1778711152.818851712] [centerline_scan_node]: Mode=ALIGN_AISLE | x=-0.00, y=0.00, yaw=-0.00
[INFO] [1778711152.905400341] [centerline_scan_node]: Mode=ALIGN_AISLE | x=-0.00, y=0.00, yaw=-0.00
[INFO] [1778711153.027861991] [centerline_scan_node]: Mode=ALIGN_AISLE | x=-0.00, y=0.00, yaw=-0.00
[INFO] [1778711153.101476258] [centerline_scan_node]: Mode=ALIGN_AISLE | x=-0.00, y=0.00, yaw=-0.00
[INFO] [1778711153.221751809] [centerline_scan_node]: Mode=ALIGN_AISLE | x=-0.00, y=0.00, yaw=-0.00
[INFO] [1778711153.297011877] [centerline_scan_node]: Mode=ALIGN_AISLE | x=-0.00, y=0.00, yaw=-0.00
[INFO] [1778711153.397372062] [centerline_scan_node]: Mode=ALIGN_AISLE | x=-0.00, y=0.00, yaw=-0.00
[INFO] [1778711153.491900983] [centerline_scan_node]: Mode=ALIGN_AISLE | x=-0.00, y=0.00, yaw=-0.00
[INFO] [1778711153.612094981] [centerline_scan_node]: Mode=ALIGN_AISLE | x=-0.00, y=0.00, yaw=-0.00
[INFO] [1778711153.700787280] [centerline_scan_node]: Mode=ALIGN_AISLE | x=-0.00, y=0.00, yaw=-0.00
[INFO] [1778711153.794952578] [centerline_scan_node]: Mode=ALIGN_AISLE | x=-0.00, y=0.00, yaw=-0.00
[INFO] [1778711153.929692197] [centerline_scan_node]: Mode=ALIGN_AISLE | x=-0.00, y=0.00, yaw=-0.00
[INFO] [1778711154.002866319] [centerline_scan_node]: Mode=ALIGN_AISLE | x=-0.00, y=0.00, yaw=-0.00
[INFO] [1778711154.103491161] [centerline_scan_node]: Mode=ALIGN_AISLE | x=-0.00, y=0.00, yaw=-0.00
[INFO] [1778711154.194741139] [centerline_scan_node]: Mode=ALIGN_AISLE | x=-0.00, y=0.00, yaw=-0.00
[INFO] [1778711154.321625409] [centerline_scan_node]: Mode=ALIGN_AISLE | x=-0.00, y=0.00, yaw=-0.00
[INFO] [1778711154.390443688] [centerline_scan_node]: Mode=ALIGN_AISLE | x=-0.00, y=0.00, yaw=-0.00
[INFO] [1778711154.491877759] [centerline_scan_node]: Mode=ALIGN_AISLE | x=-0.00, y=0.00, yaw=-0.00
[INFO] [1778711154.590596044] [centerline_scan_node]: Mode=ALIGN_AISLE | x=-0.00, y=0.00, yaw=-0.00
[INFO] [1778711154.692228225] [centerline_scan_node]: Mode=ALIGN_AISLE | x=-0.00, y=0.00, yaw=-0.00
[INFO] [1778711154.809472475] [centerline_scan_node]: Mode=ALIGN_AISLE | x=-0.00, y=0.00, yaw=-0.00
[INFO] [1778711154.890718190] [centerline_scan_node]: Mode=ALIGN_AISLE | x=-0.00, y=0.00, yaw=-0.00
[INFO] [1778711155.013470562] [centerline_scan_node]: Mode=ALIGN_AISLE | x=-0.00, y=0.00, yaw=-0.00
[INFO] [1778711155.112186467] [centerline_scan_node]: Mode=ALIGN_AISLE | x=-0.00, y=0.00, yaw=-0.00
[INFO] [1778711155.193551754] [centerline_scan_node]: Mode=ALIGN_AISLE | x=-0.00, y=0.00, yaw=-0.00
[INFO] [1778711155.330837159] [centerline_scan_node]: Mode=ALIGN_AISLE | x=-0.00, y=0.00, yaw=-0.00
[INFO] [1778711155.407146553] [centerline_scan_node]: Mode=ALIGN_AISLE | x=-0.00, y=0.00, yaw=-0.00
[INFO] [1778711155.509922857] [centerline_scan_node]: Mode=ALIGN_AISLE | x=-0.00, y=0.00, yaw=-0.00
[INFO] [1778711155.587444246] [centerline_scan_node]: Mode=ALIGN_AISLE | x=-0.00, y=0.00, yaw=-0.00
[INFO] [1778711155.688675915] [centerline_scan_node]: Mode=ALIGN_AISLE | x=-0.00, y=0.00, yaw=-0.00
[INFO] [1778711155.798864449] [centerline_scan_node]: Mode=ALIGN_AISLE | x=-0.00, y=0.00, yaw=-0.00
[INFO] [1778711155.940874835] [centerline_scan_node]: Mode=ALIGN_AISLE | x=-0.00, y=0.00, yaw=-0.00
[INFO] [1778711155.990756891] [centerline_scan_node]: Mode=ALIGN_AISLE | x=-0.00, y=0.00, yaw=-0.00
[INFO] [1778711156.104916048] [centerline_scan_node]: Mode=ALIGN_AISLE | x=-0.00, y=0.00, yaw=-0.00
[INFO] [1778711156.198534143] [centerline_scan_node]: Mode=ALIGN_AISLE | x=-0.00, y=0.00, yaw=-0.00
[INFO] [1778711156.303023165] [centerline_scan_node]: Mode=ALIGN_AISLE | x=-0.00, y=0.00, yaw=-0.00
[INFO] [1778711156.406166613] [centerline_scan_node]: Mode=ALIGN_AISLE | x=-0.00, y=0.00, yaw=-0.00
[INFO] [1778711156.496163457] [centerline_scan_node]: Mode=ALIGN_AISLE | x=-0.00, y=0.00, yaw=-0.00
[INFO] [1778711156.601254380] [centerline_scan_node]: Mode=ALIGN_AISLE | x=-0.00, y=0.00, yaw=-0.00
[INFO] [1778711156.691921058] [centerline_scan_node]: Mode=ALIGN_AISLE | x=-0.00, y=0.00, yaw=-0.00
[INFO] [1778711156.798200518] [centerline_scan_node]: Mode=ALIGN_AISLE | x=-0.00, y=0.00, yaw=-0.00
[INFO] [1778711156.993877884] [centerline_scan_node]: Mode=ALIGN_AISLE | x=-0.00, y=0.00, yaw=-0.00
[INFO] [1778711157.034976228] [centerline_scan_node]: Mode=ALIGN_AISLE | x=-0.00, y=0.00, yaw=-0.00
[INFO] [1778711157.089520387] [centerline_scan_node]: Mode=ALIGN_AISLE | x=-0.00, y=0.00, yaw=-0.00
[INFO] [1778711157.190663699] [centerline_scan_node]: Mode=ALIGN_AISLE | x=-0.00, y=0.00, yaw=-0.00
[INFO] [1778711157.287857405] [centerline_scan_node]: Mode=ALIGN_AISLE | x=-0.00, y=0.00, yaw=-0.00
[INFO] [1778711157.400437290] [centerline_scan_node]: Mode=ALIGN_AISLE | x=-0.00, y=0.00, yaw=-0.00
[INFO] [1778711157.488275399] [centerline_scan_node]: Mode=ALIGN_AISLE | x=-0.00, y=0.00, yaw=-0.00
[INFO] [1778711157.599061306] [centerline_scan_node]: Mode=ALIGN_AISLE | x=-0.00, y=0.00, yaw=-0.00
[INFO] [1778711157.693728555] [centerline_scan_node]: Mode=ALIGN_AISLE | x=-0.00, y=0.00, yaw=-0.00
[INFO] [1778711157.795165482] [centerline_scan_node]: Mode=ALIGN_AISLE | x=-0.00, y=0.00, yaw=-0.00
[INFO] [1778711157.923480045] [centerline_scan_node]: Mode=ALIGN_AISLE | x=-0.00, y=0.00, yaw=-0.00
[INFO] [1778711158.000296184] [centerline_scan_node]: Mode=ALIGN_AISLE | x=-0.00, y=0.00, yaw=-0.00
[INFO] [1778711158.099225719] [centerline_scan_node]: Mode=ALIGN_AISLE | x=-0.00, y=0.00, yaw=-0.00
[INFO] [1778711158.198652704] [centerline_scan_node]: Mode=ALIGN_AISLE | x=-0.00, y=0.00, yaw=-0.00
[INFO] [1778711158.293874505] [centerline_scan_node]: Mode=ALIGN_AISLE | x=-0.00, y=0.00, yaw=-0.00
[INFO] [1778711158.389235727] [centerline_scan_node]: Mode=ALIGN_AISLE | x=-0.00, y=0.00, yaw=-0.00
[INFO] [1778711158.491886104] [centerline_scan_node]: Mode=ALIGN_AISLE | x=-0.00, y=0.00, yaw=-0.00
[INFO] [1778711158.668615603] [centerline_scan_node]: Mode=ALIGN_AISLE | x=-0.00, y=0.00, yaw=-0.00
[INFO] [1778711158.713985665] [centerline_scan_node]: Mode=ALIGN_AISLE | x=-0.00, y=0.00, yaw=-0.00
[INFO] [1778711158.790549290] [centerline_scan_node]: Mode=ALIGN_AISLE | x=-0.00, y=0.00, yaw=-0.00
[INFO] [1778711158.890233726] [centerline_scan_node]: Mode=ALIGN_AISLE | x=-0.00, y=0.00, yaw=-0.00
[INFO] [1778711158.992935549] [centerline_scan_node]: Mode=ALIGN_AISLE | x=-0.00, y=0.00, yaw=-0.00
[INFO] [1778711159.092725284] [centerline_scan_node]: Mode=ALIGN_AISLE | x=-0.00, y=0.00, yaw=-0.00
[INFO] [1778711159.198027512] [centerline_scan_node]: Mode=ALIGN_AISLE | x=-0.00, y=0.00, yaw=-0.00
[INFO] [1778711159.292120388] [centerline_scan_node]: Mode=ALIGN_AISLE | x=-0.00, y=0.00, yaw=-0.00
[INFO] [1778711159.387715183] [centerline_scan_node]: Mode=ALIGN_AISLE | x=-0.00, y=0.00, yaw=-0.00
[INFO] [1778711159.487350093] [centerline_scan_node]: Mode=ALIGN_AISLE | x=-0.00, y=0.00, yaw=-0.00
[INFO] [1778711159.688451949] [centerline_scan_node]: Mode=ALIGN_AISLE | x=-0.00, y=0.00, yaw=-0.00
[INFO] [1778711159.719154728] [centerline_scan_node]: Mode=ALIGN_AISLE | x=-0.00, y=0.00, yaw=-0.00
[INFO] [1778711159.792201433] [centerline_scan_node]: Mode=ALIGN_AISLE | x=-0.00, y=0.00, yaw=-0.00
[INFO] [1778711159.905779052] [centerline_scan_node]: Mode=ALIGN_AISLE | x=-0.00, y=0.00, yaw=-0.00
[INFO] [1778711160.000431469] [centerline_scan_node]: Mode=ALIGN_AISLE | x=-0.00, y=0.00, yaw=-0.00
[INFO] [1778711160.101088594] [centerline_scan_node]: Mode=ALIGN_AISLE | x=-0.00, y=0.00, yaw=-0.00
[INFO] [1778711160.194409856] [centerline_scan_node]: Mode=ALIGN_AISLE | x=-0.00, y=0.00, yaw=-0.00
[INFO] [1778711160.292089591] [centerline_scan_node]: Mode=ALIGN_AISLE | x=-0.00, y=0.00, yaw=-0.00
[INFO] [1778711160.404336691] [centerline_scan_node]: Mode=ALIGN_AISLE | x=-0.00, y=0.00, yaw=-0.00
[INFO] [1778711160.489700937] [centerline_scan_node]: Mode=ALIGN_AISLE | x=-0.00, y=0.00, yaw=-0.00
[INFO] [1778711160.594918240] [centerline_scan_node]: Mode=ALIGN_AISLE | x=-0.00, y=0.00, yaw=-0.00
[INFO] [1778711160.696367219] [centerline_scan_node]: Mode=ALIGN_AISLE | x=-0.00, y=0.00, yaw=-0.00
[INFO] [1778711160.796049024] [centerline_scan_node]: Mode=ALIGN_AISLE | x=-0.00, y=0.00, yaw=-0.00
[INFO] [1778711160.923807328] [centerline_scan_node]: Mode=ALIGN_AISLE | x=-0.00, y=0.00, yaw=-0.00
[INFO] [1778711160.991415862] [centerline_scan_node]: Mode=ALIGN_AISLE | x=-0.00, y=0.00, yaw=-0.00
[INFO] [1778711161.094393975] [centerline_scan_node]: Mode=ALIGN_AISLE | x=-0.00, y=0.00, yaw=-0.00
[INFO] [1778711161.189239610] [centerline_scan_node]: Mode=ALIGN_AISLE | x=-0.00, y=0.00, yaw=-0.00
[INFO] [1778711161.289889600] [centerline_scan_node]: Mode=ALIGN_AISLE | x=-0.00, y=0.00, yaw=-0.00
[INFO] [1778711161.388870189] [centerline_scan_node]: Mode=ALIGN_AISLE | x=-0.00, y=0.00, yaw=-0.00
[INFO] [1778711161.493793505] [centerline_scan_node]: Mode=ALIGN_AISLE | x=-0.00, y=0.00, yaw=-0.00
[INFO] [1778711161.592316155] [centerline_scan_node]: Mode=ALIGN_AISLE | x=-0.00, y=0.00, yaw=-0.00
[INFO] [1778711161.708017948] [centerline_scan_node]: Mode=ALIGN_AISLE | x=-0.00, y=0.00, yaw=-0.00
[INFO] [1778711161.873271836] [centerline_scan_node]: Mode=ALIGN_AISLE | x=-0.00, y=0.00, yaw=-0.00
[INFO] [1778711161.913569631] [centerline_scan_node]: Mode=ALIGN_AISLE | x=-0.00, y=0.00, yaw=-0.00
[INFO] [1778711162.002177280] [centerline_scan_node]: Mode=ALIGN_AISLE | x=-0.00, y=0.00, yaw=-0.00
[INFO] [1778711162.095413120] [centerline_scan_node]: Mode=ALIGN_AISLE | x=-0.00, y=0.00, yaw=-0.00
[INFO] [1778711162.189339066] [centerline_scan_node]: Mode=ALIGN_AISLE | x=-0.00, y=0.00, yaw=-0.00
[INFO] [1778711162.291899169] [centerline_scan_node]: Mode=ALIGN_AISLE | x=-0.00, y=0.00, yaw=-0.00
[INFO] [1778711162.390563085] [centerline_scan_node]: Mode=ALIGN_AISLE | x=-0.00, y=0.00, yaw=-0.00
[INFO] [1778711162.487802706] [centerline_scan_node]: Mode=ALIGN_AISLE | x=-0.00, y=0.00, yaw=-0.00
[INFO] [1778711162.587628834] [centerline_scan_node]: Mode=ALIGN_AISLE | x=-0.00, y=0.00, yaw=-0.00
[INFO] [1778711162.694129141] [centerline_scan_node]: Mode=ALIGN_AISLE | x=-0.00, y=0.00, yaw=-0.00
[INFO] [1778711162.847486046] [centerline_scan_node]: Mode=ALIGN_AISLE | x=-0.00, y=0.00, yaw=-0.00
[INFO] [1778711162.892890750] [centerline_scan_node]: Mode=ALIGN_AISLE | x=-0.00, y=0.00, yaw=-0.00
[INFO] [1778711162.992926382] [centerline_scan_node]: Mode=ALIGN_AISLE | x=-0.00, y=0.00, yaw=-0.00
[INFO] [1778711163.093670261] [centerline_scan_node]: Mode=ALIGN_AISLE | x=-0.00, y=0.00, yaw=-0.00
[INFO] [1778711163.190627211] [centerline_scan_node]: Mode=ALIGN_AISLE | x=-0.00, y=0.00, yaw=-0.00
[INFO] [1778711163.286548306] [centerline_scan_node]: Mode=ALIGN_AISLE | x=-0.00, y=0.00, yaw=-0.00
[INFO] [1778711163.386625591] [centerline_scan_node]: Mode=ALIGN_AISLE | x=-0.00, y=0.00, yaw=-0.00
[INFO] [1778711163.497384185] [centerline_scan_node]: Mode=ALIGN_AISLE | x=-0.00, y=0.00, yaw=-0.00
[INFO] [1778711163.593998139] [centerline_scan_node]: Mode=ALIGN_AISLE | x=-0.00, y=0.00, yaw=-0.00
[INFO] [1778711163.742013353] [centerline_scan_node]: Mode=ALIGN_AISLE | x=-0.00, y=0.00, yaw=-0.00
[INFO] [1778711163.989361616] [centerline_scan_node]: Mode=ALIGN_AISLE | x=-0.00, y=0.00, yaw=-0.00
[INFO] [1778711164.032409076] [centerline_scan_node]: Mode=ALIGN_AISLE | x=-0.00, y=0.00, yaw=-0.00
[INFO] [1778711164.091042120] [centerline_scan_node]: Mode=ALIGN_AISLE | x=-0.00, y=0.00, yaw=-0.00
[INFO] [1778711164.195929201] [centerline_scan_node]: Mode=ALIGN_AISLE | x=-0.00, y=0.00, yaw=-0.00
[INFO] [1778711164.293325907] [centerline_scan_node]: Mode=ALIGN_AISLE | x=-0.00, y=0.00, yaw=-0.00
[INFO] [1778711164.389341905] [centerline_scan_node]: Mode=ALIGN_AISLE | x=-0.00, y=0.00, yaw=-0.00
[INFO] [1778711164.489164868] [centerline_scan_node]: Mode=ALIGN_AISLE | x=-0.00, y=0.00, yaw=-0.00
[INFO] [1778711164.590098184] [centerline_scan_node]: Mode=ALIGN_AISLE | x=-0.00, y=0.00, yaw=-0.00
[INFO] [1778711164.696563348] [centerline_scan_node]: Mode=ALIGN_AISLE | x=-0.00, y=0.00, yaw=-0.00
[INFO] [1778711164.790938377] [centerline_scan_node]: Mode=ALIGN_AISLE | x=-0.00, y=0.00, yaw=-0.00
[INFO] [1778711164.891300016] [centerline_scan_node]: Mode=ALIGN_AISLE | x=-0.00, y=0.00, yaw=-0.00
[INFO] [1778711164.988689567] [centerline_scan_node]: Mode=ALIGN_AISLE | x=-0.00, y=0.00, yaw=-0.00
[INFO] [1778711165.087526045] [centerline_scan_node]: Mode=ALIGN_AISLE | x=-0.00, y=0.00, yaw=-0.00
[INFO] [1778711165.263864358] [centerline_scan_node]: Mode=ALIGN_AISLE | x=-0.00, y=0.00, yaw=-0.00
[INFO] [1778711165.301114758] [centerline_scan_node]: Mode=ALIGN_AISLE | x=-0.00, y=0.00, yaw=-0.00
[INFO] [1778711165.392224915] [centerline_scan_node]: Mode=ALIGN_AISLE | x=-0.00, y=0.00, yaw=-0.00
[INFO] [1778711165.491892986] [centerline_scan_node]: Mode=ALIGN_AISLE | x=-0.00, y=0.00, yaw=-0.00
[INFO] [1778711165.591152484] [centerline_scan_node]: Mode=ALIGN_AISLE | x=-0.00, y=0.00, yaw=-0.00
[INFO] [1778711165.689608261] [centerline_scan_node]: Mode=ALIGN_AISLE | x=-0.00, y=0.00, yaw=-0.00
[INFO] [1778711165.786708649] [centerline_scan_node]: Mode=ALIGN_AISLE | x=-0.00, y=0.00, yaw=-0.00
[INFO] [1778711165.890459865] [centerline_scan_node]: Mode=ALIGN_AISLE | x=-0.00, y=0.00, yaw=-0.00
[INFO] [1778711166.081618167] [centerline_scan_node]: Mode=ALIGN_AISLE | x=-0.00, y=0.00, yaw=-0.00
[INFO] [1778711166.097925872] [centerline_scan_node]: Mode=ALIGN_AISLE | x=-0.00, y=0.00, yaw=-0.00
[INFO] [1778711166.199829813] [centerline_scan_node]: Mode=ALIGN_AISLE | x=-0.00, y=0.00, yaw=-0.00
[INFO] [1778711166.292117422] [centerline_scan_node]: Mode=ALIGN_AISLE | x=-0.00, y=0.00, yaw=-0.00
[INFO] [1778711166.404269389] [centerline_scan_node]: Mode=ALIGN_AISLE | x=-0.00, y=0.00, yaw=-0.00
[INFO] [1778711166.511363602] [centerline_scan_node]: Mode=ALIGN_AISLE | x=-0.00, y=0.00, yaw=-0.00
[INFO] [1778711166.588143778] [centerline_scan_node]: Mode=ALIGN_AISLE | x=-0.00, y=0.00, yaw=-0.00
[INFO] [1778711166.704460124] [centerline_scan_node]: Mode=ALIGN_AISLE | x=-0.00, y=0.00, yaw=-0.00
[INFO] [1778711166.789746660] [centerline_scan_node]: Mode=ALIGN_AISLE | x=-0.00, y=0.00, yaw=-0.00
[INFO] [1778711166.890351528] [centerline_scan_node]: Mode=ALIGN_AISLE | x=-0.00, y=0.00, yaw=-0.00
[INFO] [1778711166.997741965] [centerline_scan_node]: Mode=ALIGN_AISLE | x=-0.00, y=0.00, yaw=-0.00
[INFO] [1778711167.101306406] [centerline_scan_node]: Mode=ALIGN_AISLE | x=-0.00, y=0.00, yaw=-0.00
[INFO] [1778711167.197565946] [centerline_scan_node]: Mode=ALIGN_AISLE | x=-0.00, y=0.00, yaw=-0.00
[INFO] [1778711167.297851614] [centerline_scan_node]: Mode=ALIGN_AISLE | x=-0.00, y=0.00, yaw=-0.00
[INFO] [1778711167.435635764] [centerline_scan_node]: Mode=ALIGN_AISLE | x=-0.00, y=0.00, yaw=-0.00
[INFO] [1778711167.493709405] [centerline_scan_node]: Mode=ALIGN_AISLE | x=-0.00, y=0.00, yaw=-0.00
[INFO] [1778711167.609491536] [centerline_scan_node]: Mode=ALIGN_AISLE | x=-0.00, y=0.00, yaw=-0.00
[INFO] [1778711167.720921328] [centerline_scan_node]: Mode=ALIGN_AISLE | x=-0.00, y=0.00, yaw=-0.00
[INFO] [1778711167.802253361] [centerline_scan_node]: Mode=ALIGN_AISLE | x=-0.00, y=0.00, yaw=-0.00
[INFO] [1778711167.894754271] [centerline_scan_node]: Mode=ALIGN_AISLE | x=-0.00, y=0.00, yaw=-0.00
[INFO] [1778711168.014733867] [centerline_scan_node]: Mode=ALIGN_AISLE | x=-0.00, y=0.00, yaw=-0.00
[INFO] [1778711168.092354019] [centerline_scan_node]: Mode=ALIGN_AISLE | x=-0.00, y=0.00, yaw=-0.00
[INFO] [1778711168.216881058] [centerline_scan_node]: Mode=ALIGN_AISLE | x=-0.00, y=0.00, yaw=-0.00
[INFO] [1778711168.316150427] [centerline_scan_node]: Mode=ALIGN_AISLE | x=-0.00, y=0.00, yaw=-0.00
[INFO] [1778711168.389592517] [centerline_scan_node]: Mode=ALIGN_AISLE | x=-0.00, y=0.00, yaw=-0.00
[INFO] [1778711168.490114223] [centerline_scan_node]: Mode=ALIGN_AISLE | x=-0.00, y=0.00, yaw=-0.00
[INFO] [1778711168.594150160] [centerline_scan_node]: Mode=ALIGN_AISLE | x=-0.00, y=0.00, yaw=-0.00
[INFO] [1778711168.705614388] [centerline_scan_node]: Mode=ALIGN_AISLE | x=-0.00, y=0.00, yaw=-0.00
[INFO] [1778711168.813783554] [centerline_scan_node]: Mode=ALIGN_AISLE | x=-0.00, y=0.00, yaw=-0.00
[INFO] [1778711168.898246527] [centerline_scan_node]: Mode=ALIGN_AISLE | x=-0.00, y=0.00, yaw=-0.00
[INFO] [1778711169.004169497] [centerline_scan_node]: Mode=ALIGN_AISLE | x=-0.00, y=0.00, yaw=-0.00
[INFO] [1778711169.099751037] [centerline_scan_node]: Mode=ALIGN_AISLE | x=-0.00, y=0.00, yaw=-0.00
[INFO] [1778711169.197826891] [centerline_scan_node]: Mode=ALIGN_AISLE | x=-0.00, y=0.00, yaw=-0.00
[INFO] [1778711169.299734736] [centerline_scan_node]: Mode=ALIGN_AISLE | x=-0.00, y=0.00, yaw=-0.00
[INFO] [1778711169.400679454] [centerline_scan_node]: Mode=ALIGN_AISLE | x=-0.00, y=0.00, yaw=-0.00
[INFO] [1778711169.501856967] [centerline_scan_node]: Mode=ALIGN_AISLE | x=-0.00, y=0.00, yaw=-0.00
[INFO] [1778711169.589915352] [centerline_scan_node]: Mode=ALIGN_AISLE | x=-0.00, y=0.00, yaw=-0.00
[INFO] [1778711169.709540989] [centerline_scan_node]: Mode=ALIGN_AISLE | x=-0.00, y=0.00, yaw=-0.00
[INFO] [1778711169.816736579] [centerline_scan_node]: Mode=ALIGN_AISLE | x=-0.00, y=0.00, yaw=-0.00
[INFO] [1778711169.896562542] [centerline_scan_node]: Mode=ALIGN_AISLE | x=-0.00, y=0.00, yaw=-0.00
[INFO] [1778711170.003258659] [centerline_scan_node]: Mode=ALIGN_AISLE | x=-0.00, y=0.00, yaw=-0.00
[INFO] [1778711170.091461091] [centerline_scan_node]: Mode=ALIGN_AISLE | x=-0.00, y=0.00, yaw=-0.00
[INFO] [1778711170.206074125] [centerline_scan_node]: Mode=ALIGN_AISLE | x=-0.00, y=0.00, yaw=-0.00
[INFO] [1778711170.303762820] [centerline_scan_node]: Mode=ALIGN_AISLE | x=-0.00, y=0.00, yaw=-0.00
[INFO] [1778711170.414403150] [centerline_scan_node]: Mode=ALIGN_AISLE | x=-0.00, y=0.00, yaw=-0.00
[INFO] [1778711170.559297872] [centerline_scan_node]: Mode=ALIGN_AISLE | x=-0.00, y=0.00, yaw=-0.00
[INFO] [1778711170.610289088] [centerline_scan_node]: Mode=ALIGN_AISLE | x=-0.00, y=0.00, yaw=-0.00
[INFO] [1778711170.693606277] [centerline_scan_node]: Mode=ALIGN_AISLE | x=-0.00, y=0.00, yaw=-0.00
[INFO] [1778711170.795227422] [centerline_scan_node]: Mode=ALIGN_AISLE | x=-0.00, y=0.00, yaw=-0.00
[INFO] [1778711170.900211720] [centerline_scan_node]: Mode=ALIGN_AISLE | x=-0.00, y=0.00, yaw=-0.00
[INFO] [1778711170.992657304] [centerline_scan_node]: Mode=ALIGN_AISLE | x=-0.00, y=0.00, yaw=-0.00
[INFO] [1778711171.093507735] [centerline_scan_node]: Mode=ALIGN_AISLE | x=-0.00, y=0.00, yaw=-0.00
[INFO] [1778711171.199850852] [centerline_scan_node]: Mode=ALIGN_AISLE | x=-0.00, y=0.00, yaw=-0.00
[INFO] [1778711171.295062066] [centerline_scan_node]: Mode=ALIGN_AISLE | x=-0.00, y=0.00, yaw=-0.00
[INFO] [1778711171.391100667] [centerline_scan_node]: Mode=ALIGN_AISLE | x=-0.00, y=0.00, yaw=-0.00
[INFO] [1778711171.487974865] [centerline_scan_node]: Mode=ALIGN_AISLE | x=-0.00, y=0.00, yaw=-0.00
[INFO] [1778711171.588546223] [centerline_scan_node]: Mode=ALIGN_AISLE | x=-0.00, y=0.00, yaw=-0.00
[INFO] [1778711171.687475284] [centerline_scan_node]: Mode=ALIGN_AISLE | x=-0.00, y=0.00, yaw=-0.00
[INFO] [1778711171.788884624] [centerline_scan_node]: Mode=ALIGN_AISLE | x=-0.00, y=0.00, yaw=-0.00
[INFO] [1778711171.919054817] [centerline_scan_node]: Mode=ALIGN_AISLE | x=-0.00, y=0.00, yaw=-0.00
[INFO] [1778711171.999074987] [centerline_scan_node]: Mode=ALIGN_AISLE | x=-0.00, y=0.00, yaw=-0.00
[INFO] [1778711172.091856177] [centerline_scan_node]: Mode=ALIGN_AISLE | x=-0.00, y=0.00, yaw=-0.00
[INFO] [1778711172.192461009] [centerline_scan_node]: Mode=ALIGN_AISLE | x=-0.00, y=0.00, yaw=-0.00
[INFO] [1778711172.286325106] [centerline_scan_node]: Mode=ALIGN_AISLE | x=-0.00, y=0.00, yaw=-0.00
[INFO] [1778711172.388734422] [centerline_scan_node]: Mode=ALIGN_AISLE | x=-0.00, y=0.00, yaw=-0.00
[INFO] [1778711172.499260882] [centerline_scan_node]: Mode=ALIGN_AISLE | x=-0.00, y=0.00, yaw=-0.00
[INFO] [1778711172.596511618] [centerline_scan_node]: Mode=ALIGN_AISLE | x=-0.00, y=0.00, yaw=-0.00
[INFO] [1778711172.698241507] [centerline_scan_node]: Mode=ALIGN_AISLE | x=-0.00, y=0.00, yaw=-0.00
[INFO] [1778711172.790577641] [centerline_scan_node]: Mode=ALIGN_AISLE | x=-0.00, y=0.00, yaw=-0.00
[INFO] [1778711172.891455584] [centerline_scan_node]: Mode=ALIGN_AISLE | x=-0.00, y=0.00, yaw=-0.00
[INFO] [1778711172.986275505] [centerline_scan_node]: Mode=ALIGN_AISLE | x=-0.00, y=0.00, yaw=-0.00
[INFO] [1778711173.090589542] [centerline_scan_node]: Mode=ALIGN_AISLE | x=-0.00, y=0.00, yaw=-0.00
[INFO] [1778711173.187185444] [centerline_scan_node]: Mode=ALIGN_AISLE | x=-0.00, y=0.00, yaw=-0.00
[INFO] [1778711173.288156344] [centerline_scan_node]: Mode=ALIGN_AISLE | x=-0.00, y=0.00, yaw=-0.00
[INFO] [1778711173.395431502] [centerline_scan_node]: Mode=ALIGN_AISLE | x=-0.00, y=0.00, yaw=-0.00
[INFO] [1778711173.492245702] [centerline_scan_node]: Mode=ALIGN_AISLE | x=-0.00, y=0.00, yaw=-0.00
[INFO] [1778711173.589220688] [centerline_scan_node]: Mode=ALIGN_AISLE | x=-0.00, y=0.00, yaw=-0.00
[INFO] [1778711173.689066518] [centerline_scan_node]: Mode=ALIGN_AISLE | x=-0.00, y=0.00, yaw=-0.00
[INFO] [1778711173.798058611] [centerline_scan_node]: Mode=ALIGN_AISLE | x=-0.00, y=0.00, yaw=-0.00
[INFO] [1778711173.895511832] [centerline_scan_node]: Mode=ALIGN_AISLE | x=-0.00, y=0.00, yaw=-0.00
[INFO] [1778711173.991509942] [centerline_scan_node]: Mode=ALIGN_AISLE | x=-0.00, y=0.00, yaw=-0.00
[INFO] [1778711174.098266897] [centerline_scan_node]: Mode=ALIGN_AISLE | x=-0.00, y=0.00, yaw=-0.00
[INFO] [1778711174.189781837] [centerline_scan_node]: Mode=ALIGN_AISLE | x=-0.00, y=0.00, yaw=-0.00
[INFO] [1778711174.285036022] [centerline_scan_node]: Mode=ALIGN_AISLE | x=-0.00, y=0.00, yaw=-0.00
[INFO] [1778711174.404473625] [centerline_scan_node]: Mode=ALIGN_AISLE | x=-0.00, y=0.00, yaw=-0.00
[INFO] [1778711174.500735458] [centerline_scan_node]: Mode=ALIGN_AISLE | x=-0.00, y=0.00, yaw=-0.00
[INFO] [1778711174.596387242] [centerline_scan_node]: Mode=ALIGN_AISLE | x=-0.00, y=0.00, yaw=-0.00
[INFO] [1778711174.697113408] [centerline_scan_node]: Mode=ALIGN_AISLE | x=-0.00, y=0.00, yaw=-0.00
[INFO] [1778711174.793116866] [centerline_scan_node]: Mode=ALIGN_AISLE | x=-0.00, y=0.00, yaw=-0.00
[INFO] [1778711174.888653263] [centerline_scan_node]: Mode=ALIGN_AISLE | x=-0.00, y=0.00, yaw=-0.00
[INFO] [1778711174.988351780] [centerline_scan_node]: Mode=ALIGN_AISLE | x=-0.00, y=0.00, yaw=-0.00
[INFO] [1778711175.086956956] [centerline_scan_node]: Mode=ALIGN_AISLE | x=-0.00, y=0.00, yaw=-0.00
[INFO] [1778711175.186956919] [centerline_scan_node]: Mode=ALIGN_AISLE | x=-0.00, y=0.00, yaw=-0.00
[INFO] [1778711175.333060961] [centerline_scan_node]: Mode=ALIGN_AISLE | x=-0.00, y=0.00, yaw=-0.00
[INFO] [1778711175.392933212] [centerline_scan_node]: Mode=ALIGN_AISLE | x=-0.00, y=0.00, yaw=-0.00
[INFO] [1778711175.489275177] [centerline_scan_node]: Mode=ALIGN_AISLE | x=-0.00, y=0.00, yaw=-0.00
[INFO] [1778711175.593288728] [centerline_scan_node]: Mode=ALIGN_AISLE | x=-0.00, y=0.00, yaw=-0.00
[INFO] [1778711175.690380451] [centerline_scan_node]: Mode=ALIGN_AISLE | x=-0.00, y=0.00, yaw=-0.00
[INFO] [1778711175.794113799] [centerline_scan_node]: Mode=ALIGN_AISLE | x=-0.00, y=0.00, yaw=-0.00
[INFO] [1778711175.903332708] [centerline_scan_node]: Mode=ALIGN_AISLE | x=-0.00, y=0.00, yaw=-0.00
[INFO] [1778711175.991888793] [centerline_scan_node]: Mode=ALIGN_AISLE | x=-0.00, y=0.00, yaw=-0.00
[INFO] [1778711176.092058794] [centerline_scan_node]: Mode=ALIGN_AISLE | x=-0.00, y=0.00, yaw=-0.00
[INFO] [1778711176.195953861] [centerline_scan_node]: Mode=ALIGN_AISLE | x=-0.00, y=0.00, yaw=-0.00
[INFO] [1778711176.298419602] [centerline_scan_node]: Mode=ALIGN_AISLE | x=-0.00, y=0.00, yaw=-0.00
[INFO] [1778711176.390285740] [centerline_scan_node]: Mode=ALIGN_AISLE | x=-0.00, y=0.00, yaw=-0.00
[INFO] [1778711176.489650668] [centerline_scan_node]: Mode=ALIGN_AISLE | x=-0.00, y=0.00, yaw=-0.00
[INFO] [1778711176.588006939] [centerline_scan_node]: Mode=ALIGN_AISLE | x=-0.00, y=0.00, yaw=-0.00
[INFO] [1778711176.689611091] [centerline_scan_node]: Mode=ALIGN_AISLE | x=-0.00, y=0.00, yaw=-0.00
[INFO] [1778711176.788814962] [centerline_scan_node]: Mode=ALIGN_AISLE | x=-0.00, y=0.00, yaw=-0.00
[INFO] [1778711176.905379368] [centerline_scan_node]: Mode=ALIGN_AISLE | x=-0.00, y=0.00, yaw=-0.00
[INFO] [1778711176.991932772] [centerline_scan_node]: Mode=ALIGN_AISLE | x=-0.00, y=0.00, yaw=-0.00
[INFO] [1778711177.106862497] [centerline_scan_node]: Mode=ALIGN_AISLE | x=-0.00, y=0.00, yaw=-0.00
[INFO] [1778711177.196355270] [centerline_scan_node]: Mode=ALIGN_AISLE | x=-0.00, y=0.00, yaw=-0.00
[INFO] [1778711177.312468708] [centerline_scan_node]: Mode=ALIGN_AISLE | x=-0.00, y=0.00, yaw=-0.00
[INFO] [1778711177.388889108] [centerline_scan_node]: Mode=ALIGN_AISLE | x=-0.00, y=0.00, yaw=-0.00
[INFO] [1778711177.488871469] [centerline_scan_node]: Mode=ALIGN_AISLE | x=-0.00, y=0.00, yaw=-0.00
[INFO] [1778711177.591153718] [centerline_scan_node]: Mode=ALIGN_AISLE | x=-0.00, y=0.00, yaw=-0.00
[INFO] [1778711177.688090128] [centerline_scan_node]: Mode=ALIGN_AISLE | x=-0.00, y=0.00, yaw=-0.00
[INFO] [1778711177.787625162] [centerline_scan_node]: Mode=ALIGN_AISLE | x=-0.00, y=0.00, yaw=-0.00
[INFO] [1778711177.891252712] [centerline_scan_node]: Mode=ALIGN_AISLE | x=-0.00, y=0.00, yaw=-0.00
[INFO] [1778711177.988197149] [centerline_scan_node]: Mode=ALIGN_AISLE | x=-0.00, y=0.00, yaw=-0.00
[INFO] [1778711178.091329611] [centerline_scan_node]: Mode=ALIGN_AISLE | x=-0.00, y=0.00, yaw=-0.00
[INFO] [1778711178.195144979] [centerline_scan_node]: Mode=ALIGN_AISLE | x=-0.00, y=0.00, yaw=-0.00
[INFO] [1778711178.287951395] [centerline_scan_node]: Mode=ALIGN_AISLE | x=-0.00, y=0.00, yaw=-0.00
[INFO] [1778711178.396336792] [centerline_scan_node]: Mode=ALIGN_AISLE | x=-0.00, y=0.00, yaw=-0.00
[INFO] [1778711178.492264635] [centerline_scan_node]: Mode=ALIGN_AISLE | x=-0.00, y=0.00, yaw=-0.00
[INFO] [1778711178.589991894] [centerline_scan_node]: Mode=ALIGN_AISLE | x=-0.00, y=0.00, yaw=-0.00
[INFO] [1778711178.688506393] [centerline_scan_node]: Mode=ALIGN_AISLE | x=-0.00, y=0.00, yaw=-0.00
[INFO] [1778711178.790849841] [centerline_scan_node]: Mode=ALIGN_AISLE | x=-0.00, y=0.00, yaw=-0.00
[INFO] [1778711178.897284631] [centerline_scan_node]: Mode=ALIGN_AISLE | x=-0.00, y=0.00, yaw=-0.00
[INFO] [1778711178.990397943] [centerline_scan_node]: Mode=ALIGN_AISLE | x=-0.00, y=0.00, yaw=-0.00
[INFO] [1778711179.087615735] [centerline_scan_node]: Mode=ALIGN_AISLE | x=-0.00, y=0.00, yaw=-0.00
[INFO] [1778711179.190613170] [centerline_scan_node]: Mode=ALIGN_AISLE | x=-0.00, y=0.00, yaw=-0.00
[INFO] [1778711179.299031499] [centerline_scan_node]: Mode=ALIGN_AISLE | x=-0.00, y=0.00, yaw=-0.00
[INFO] [1778711179.399784785] [centerline_scan_node]: Mode=ALIGN_AISLE | x=-0.00, y=0.00, yaw=-0.00
[INFO] [1778711180.200002396] [centerline_scan_node]: Mode=ALIGN_AISLE | x=-0.00, y=0.00, yaw=-0.00
[INFO] [1778711180.293098275] [centerline_scan_node]: Mode=ALIGN_AISLE | x=-0.00, y=0.00, yaw=-0.00
[INFO] [1778711180.388810851] [centerline_scan_node]: Mode=ALIGN_AISLE | x=-0.00, y=0.00, yaw=-0.00
[INFO] [1778711180.488581021] [centerline_scan_node]: Mode=ALIGN_AISLE | x=-0.00, y=0.00, yaw=-0.00
[INFO] [1778711180.592772677] [centerline_scan_node]: Mode=ALIGN_AISLE | x=-0.00, y=0.00, yaw=-0.00
[INFO] [1778711180.720981115] [centerline_scan_node]: Mode=ALIGN_AISLE | x=-0.00, y=0.00, yaw=-0.00
[INFO] [1778711180.787690153] [centerline_scan_node]: Mode=ALIGN_AISLE | x=-0.00, y=0.00, yaw=-0.00
[INFO] [1778711180.891764687] [centerline_scan_node]: Mode=ALIGN_AISLE | x=-0.00, y=0.00, yaw=-0.00
[INFO] [1778711180.999438944] [centerline_scan_node]: Mode=ALIGN_AISLE | x=-0.00, y=0.00, yaw=-0.00
[INFO] [1778711181.096790500] [centerline_scan_node]: Mode=ALIGN_AISLE | x=-0.00, y=0.00, yaw=-0.00
[INFO] [1778711181.193101798] [centerline_scan_node]: Mode=ALIGN_AISLE | x=-0.00, y=0.00, yaw=-0.00
[INFO] [1778711181.287198403] [centerline_scan_node]: Mode=ALIGN_AISLE | x=-0.00, y=0.00, yaw=-0.00
[INFO] [1778711181.397810144] [centerline_scan_node]: Mode=ALIGN_AISLE | x=-0.00, y=0.00, yaw=-0.00
[INFO] [1778711181.487356955] [centerline_scan_node]: Mode=ALIGN_AISLE | x=-0.00, y=0.00, yaw=-0.00
[INFO] [1778711181.589334358] [centerline_scan_node]: Mode=ALIGN_AISLE | x=-0.00, y=0.00, yaw=-0.00
[INFO] [1778711181.687979117] [centerline_scan_node]: Mode=ALIGN_AISLE | x=-0.00, y=0.00, yaw=-0.00
[INFO] [1778711181.787649966] [centerline_scan_node]: Mode=ALIGN_AISLE | x=-0.00, y=0.00, yaw=-0.00
[INFO] [1778711181.887797501] [centerline_scan_node]: Mode=ALIGN_AISLE | x=-0.00, y=0.00, yaw=-0.00
[INFO] [1778711181.996438781] [centerline_scan_node]: Mode=ALIGN_AISLE | x=-0.00, y=0.00, yaw=-0.00
[INFO] [1778711182.089716570] [centerline_scan_node]: Mode=ALIGN_AISLE | x=-0.00, y=0.00, yaw=-0.00
[INFO] [1778711182.229965237] [centerline_scan_node]: Mode=ALIGN_AISLE | x=-0.00, y=0.00, yaw=-0.00
[INFO] [1778711182.308010808] [centerline_scan_node]: Mode=ALIGN_AISLE | x=-0.00, y=0.00, yaw=-0.00
[INFO] [1778711182.398129628] [centerline_scan_node]: Mode=ALIGN_AISLE | x=-0.00, y=0.00, yaw=-0.00
[INFO] [1778711182.491088213] [centerline_scan_node]: Mode=ALIGN_AISLE | x=-0.00, y=0.00, yaw=-0.00
[INFO] [1778711182.588749243] [centerline_scan_node]: Mode=ALIGN_AISLE | x=-0.00, y=0.00, yaw=-0.00
[INFO] [1778711182.698376690] [centerline_scan_node]: Mode=ALIGN_AISLE | x=-0.00, y=0.00, yaw=-0.00
[INFO] [1778711182.795179945] [centerline_scan_node]: Mode=ALIGN_AISLE | x=-0.00, y=0.00, yaw=-0.00
[INFO] [1778711182.888761883] [centerline_scan_node]: Mode=ALIGN_AISLE | x=-0.00, y=0.00, yaw=-0.00
[INFO] [1778711182.988908320] [centerline_scan_node]: Mode=ALIGN_AISLE | x=-0.00, y=0.00, yaw=-0.00
[INFO] [1778711183.090576746] [centerline_scan_node]: Mode=ALIGN_AISLE | x=-0.00, y=0.00, yaw=-0.00
[INFO] [1778711183.188727558] [centerline_scan_node]: Mode=ALIGN_AISLE | x=-0.00, y=0.00, yaw=-0.00
[INFO] [1778711183.298263690] [centerline_scan_node]: Mode=ALIGN_AISLE | x=-0.00, y=0.00, yaw=-0.00
[INFO] [1778711183.388305368] [centerline_scan_node]: Mode=ALIGN_AISLE | x=-0.00, y=0.00, yaw=-0.00
[INFO] [1778711183.487106509] [centerline_scan_node]: Mode=ALIGN_AISLE | x=-0.00, y=0.00, yaw=-0.00
[INFO] [1778711183.592086801] [centerline_scan_node]: Mode=ALIGN_AISLE | x=-0.00, y=0.00, yaw=-0.00
[INFO] [1778711183.758052009] [centerline_scan_node]: Mode=ALIGN_AISLE | x=-0.00, y=0.00, yaw=-0.00
[INFO] [1778711183.791433078] [centerline_scan_node]: Mode=ALIGN_AISLE | x=-0.00, y=0.00, yaw=-0.00
[INFO] [1778711183.897636670] [centerline_scan_node]: Mode=ALIGN_AISLE | x=-0.00, y=0.00, yaw=-0.00
[INFO] [1778711183.991535646] [centerline_scan_node]: Mode=ALIGN_AISLE | x=-0.00, y=0.00, yaw=-0.00
[INFO] [1778711184.086663053] [centerline_scan_node]: Mode=ALIGN_AISLE | x=-0.00, y=0.00, yaw=-0.00
[INFO] [1778711184.189058596] [centerline_scan_node]: Mode=ALIGN_AISLE | x=-0.00, y=0.00, yaw=-0.00
[INFO] [1778711184.299596856] [centerline_scan_node]: Mode=ALIGN_AISLE | x=-0.00, y=0.00, yaw=-0.00
[INFO] [1778711184.390135991] [centerline_scan_node]: Mode=ALIGN_AISLE | x=-0.00, y=0.00, yaw=-0.00
[INFO] [1778711184.489900356] [centerline_scan_node]: Mode=ALIGN_AISLE | x=-0.00, y=0.00, yaw=-0.00
[INFO] [1778711184.597500670] [centerline_scan_node]: Mode=ALIGN_AISLE | x=-0.00, y=0.00, yaw=-0.00
[INFO] [1778711184.691334454] [centerline_scan_node]: Mode=ALIGN_AISLE | x=-0.00, y=0.00, yaw=-0.00
[INFO] [1778711184.789041431] [centerline_scan_node]: Mode=ALIGN_AISLE | x=-0.00, y=0.00, yaw=-0.00
[INFO] [1778711184.898116881] [centerline_scan_node]: Mode=ALIGN_AISLE | x=-0.00, y=0.00, yaw=-0.00
[INFO] [1778711184.985987732] [centerline_scan_node]: Mode=ALIGN_AISLE | x=-0.00, y=0.00, yaw=-0.00
[INFO] [1778711185.098503438] [centerline_scan_node]: Mode=ALIGN_AISLE | x=-0.00, y=0.00, yaw=-0.00
[INFO] [1778711185.192338016] [centerline_scan_node]: Mode=ALIGN_AISLE | x=-0.00, y=0.00, yaw=-0.00
[INFO] [1778711185.296904618] [centerline_scan_node]: Mode=ALIGN_AISLE | x=-0.00, y=0.00, yaw=-0.00
[INFO] [1778711185.388291447] [centerline_scan_node]: Mode=ALIGN_AISLE | x=-0.00, y=0.00, yaw=-0.00
[INFO] [1778711185.490952317] [centerline_scan_node]: Mode=ALIGN_AISLE | x=-0.00, y=0.00, yaw=-0.00
[INFO] [1778711185.591193941] [centerline_scan_node]: Mode=ALIGN_AISLE | x=-0.00, y=0.00, yaw=-0.00
[INFO] [1778711185.689255887] [centerline_scan_node]: Mode=ALIGN_AISLE | x=-0.00, y=0.00, yaw=-0.00
[INFO] [1778711185.799580588] [centerline_scan_node]: Mode=ALIGN_AISLE | x=-0.00, y=0.00, yaw=-0.00
[INFO] [1778711185.890580135] [centerline_scan_node]: Mode=ALIGN_AISLE | x=-0.00, y=0.00, yaw=-0.00
[INFO] [1778711186.033043803] [centerline_scan_node]: Mode=ALIGN_AISLE | x=-0.00, y=0.00, yaw=-0.00
[INFO] [1778711186.118691312] [centerline_scan_node]: Mode=ALIGN_AISLE | x=-0.00, y=0.00, yaw=-0.00
[INFO] [1778711186.192103032] [centerline_scan_node]: Mode=ALIGN_AISLE | x=-0.00, y=0.00, yaw=-0.00
[INFO] [1778711186.370157152] [centerline_scan_node]: Mode=ALIGN_AISLE | x=-0.00, y=0.00, yaw=-0.00
[INFO] [1778711186.392492002] [centerline_scan_node]: Mode=ALIGN_AISLE | x=-0.00, y=0.00, yaw=-0.00
[INFO] [1778711186.496644175] [centerline_scan_node]: Mode=ALIGN_AISLE | x=-0.00, y=0.00, yaw=-0.00
[INFO] [1778711186.588415803] [centerline_scan_node]: Mode=ALIGN_AISLE | x=-0.00, y=0.00, yaw=-0.00
[INFO] [1778711186.693057370] [centerline_scan_node]: Mode=ALIGN_AISLE | x=-0.00, y=0.00, yaw=-0.00
[INFO] [1778711186.790829921] [centerline_scan_node]: Mode=ALIGN_AISLE | x=-0.00, y=0.00, yaw=-0.00
[INFO] [1778711186.888917268] [centerline_scan_node]: Mode=ALIGN_AISLE | x=-0.00, y=0.00, yaw=-0.00
[INFO] [1778711186.995484472] [centerline_scan_node]: Mode=ALIGN_AISLE | x=-0.00, y=0.00, yaw=-0.00
[INFO] [1778711187.094912413] [centerline_scan_node]: Mode=ALIGN_AISLE | x=-0.00, y=0.00, yaw=-0.00
[INFO] [1778711187.190366429] [centerline_scan_node]: Mode=ALIGN_AISLE | x=-0.00, y=0.00, yaw=-0.00
[INFO] [1778711187.302917416] [centerline_scan_node]: Mode=ALIGN_AISLE | x=-0.00, y=0.00, yaw=-0.00
[INFO] [1778711187.400673561] [centerline_scan_node]: Mode=ALIGN_AISLE | x=-0.00, y=0.00, yaw=-0.00
[INFO] [1778711187.486835392] [centerline_scan_node]: Mode=ALIGN_AISLE | x=-0.00, y=0.00, yaw=-0.00
[INFO] [1778711187.593449417] [centerline_scan_node]: Mode=ALIGN_AISLE | x=-0.00, y=0.00, yaw=-0.00
[INFO] [1778711187.689674186] [centerline_scan_node]: Mode=ALIGN_AISLE | x=-0.00, y=0.00, yaw=-0.00
[INFO] [1778711187.811305535] [centerline_scan_node]: Mode=ALIGN_AISLE | x=-0.00, y=0.00, yaw=-0.00
[INFO] [1778711187.917878596] [centerline_scan_node]: Mode=ALIGN_AISLE | x=-0.00, y=0.00, yaw=-0.00
[INFO] [1778711187.993572725] [centerline_scan_node]: Mode=ALIGN_AISLE | x=-0.00, y=0.00, yaw=-0.00
[INFO] [1778711188.096819665] [centerline_scan_node]: Mode=ALIGN_AISLE | x=-0.00, y=0.00, yaw=-0.00
[INFO] [1778711188.188744112] [centerline_scan_node]: Mode=ALIGN_AISLE | x=-0.00, y=0.00, yaw=-0.00
[INFO] [1778711188.327222745] [centerline_scan_node]: Mode=ALIGN_AISLE | x=-0.00, y=0.00, yaw=-0.00
[INFO] [1778711188.410545759] [centerline_scan_node]: Mode=ALIGN_AISLE | x=-0.00, y=0.00, yaw=-0.00
[INFO] [1778711188.507289788] [centerline_scan_node]: Mode=ALIGN_AISLE | x=-0.00, y=0.00, yaw=-0.00
[INFO] [1778711188.635373871] [centerline_scan_node]: Mode=ALIGN_AISLE | x=-0.00, y=0.00, yaw=-0.00
[INFO] [1778711188.689915143] [centerline_scan_node]: Mode=ALIGN_AISLE | x=-0.00, y=0.00, yaw=-0.00
[INFO] [1778711188.788382875] [centerline_scan_node]: Mode=ALIGN_AISLE | x=-0.00, y=0.00, yaw=-0.00
[INFO] [1778711188.888673132] [centerline_scan_node]: Mode=ALIGN_AISLE | x=-0.00, y=0.00, yaw=-0.00
[INFO] [1778711188.996728384] [centerline_scan_node]: Mode=ALIGN_AISLE | x=-0.00, y=0.00, yaw=-0.00
[INFO] [1778711189.093501327] [centerline_scan_node]: Mode=ALIGN_AISLE | x=-0.00, y=0.00, yaw=-0.00
[INFO] [1778711189.188619286] [centerline_scan_node]: Mode=ALIGN_AISLE | x=-0.00, y=0.00, yaw=-0.00
[INFO] [1778711189.286559389] [centerline_scan_node]: Mode=ALIGN_AISLE | x=-0.00, y=0.00, yaw=-0.00
[INFO] [1778711189.389546969] [centerline_scan_node]: Mode=ALIGN_AISLE | x=-0.00, y=0.00, yaw=-0.00
[INFO] [1778711189.493571834] [centerline_scan_node]: Mode=ALIGN_AISLE | x=-0.00, y=0.00, yaw=-0.00
[INFO] [1778711189.668722415] [centerline_scan_node]: Mode=ALIGN_AISLE | x=-0.00, y=0.00, yaw=-0.00
[INFO] [1778711189.700633593] [centerline_scan_node]: Mode=ALIGN_AISLE | x=-0.00, y=0.00, yaw=-0.00
[INFO] [1778711189.793658337] [centerline_scan_node]: Mode=ALIGN_AISLE | x=-0.00, y=0.00, yaw=-0.00
[INFO] [1778711189.898186067] [centerline_scan_node]: Mode=ALIGN_AISLE | x=-0.00, y=0.00, yaw=-0.00
[INFO] [1778711189.996266620] [centerline_scan_node]: Mode=ALIGN_AISLE | x=-0.00, y=0.00, yaw=-0.00
[INFO] [1778711190.094957953] [centerline_scan_node]: Mode=ALIGN_AISLE | x=-0.00, y=0.00, yaw=-0.00
[INFO] [1778711190.185534781] [centerline_scan_node]: Mode=ALIGN_AISLE | x=-0.00, y=0.00, yaw=-0.00
[INFO] [1778711190.297823930] [centerline_scan_node]: Mode=ALIGN_AISLE | x=-0.00, y=0.00, yaw=-0.00
[INFO] [1778711190.396817277] [centerline_scan_node]: Mode=ALIGN_AISLE | x=-0.00, y=0.00, yaw=-0.00
[INFO] [1778711190.496478790] [centerline_scan_node]: Mode=ALIGN_AISLE | x=-0.00, y=0.00, yaw=-0.00
[INFO] [1778711190.594026793] [centerline_scan_node]: Mode=ALIGN_AISLE | x=-0.00, y=0.00, yaw=-0.00
[INFO] [1778711190.692150360] [centerline_scan_node]: Mode=ALIGN_AISLE | x=-0.00, y=0.00, yaw=-0.00
[INFO] [1778711190.791336578] [centerline_scan_node]: Mode=ALIGN_AISLE | x=-0.00, y=0.00, yaw=-0.00
[INFO] [1778711190.901232774] [centerline_scan_node]: Mode=ALIGN_AISLE | x=-0.00, y=0.00, yaw=-0.00
[INFO] [1778711191.001873569] [centerline_scan_node]: Mode=ALIGN_AISLE | x=-0.00, y=0.00, yaw=-0.00
[INFO] [1778711191.099660261] [centerline_scan_node]: Mode=ALIGN_AISLE | x=-0.00, y=0.00, yaw=-0.00
[INFO] [1778711191.218766371] [centerline_scan_node]: Mode=ALIGN_AISLE | x=-0.00, y=0.00, yaw=-0.00
[INFO] [1778711191.286542547] [centerline_scan_node]: Mode=ALIGN_AISLE | x=-0.00, y=0.00, yaw=-0.00
[INFO] [1778711191.396040533] [centerline_scan_node]: Mode=ALIGN_AISLE | x=-0.00, y=0.00, yaw=-0.00
[INFO] [1778711191.510718554] [centerline_scan_node]: Mode=ALIGN_AISLE | x=-0.00, y=0.00, yaw=-0.00
[INFO] [1778711191.592646184] [centerline_scan_node]: Mode=ALIGN_AISLE | x=-0.00, y=0.00, yaw=-0.00
[INFO] [1778711191.689765813] [centerline_scan_node]: Mode=ALIGN_AISLE | x=-0.00, y=0.00, yaw=-0.00
[INFO] [1778711191.787944111] [centerline_scan_node]: Mode=ALIGN_AISLE | x=-0.00, y=0.00, yaw=-0.00
[INFO] [1778711191.894866948] [centerline_scan_node]: Mode=ALIGN_AISLE | x=-0.00, y=0.00, yaw=-0.00
[INFO] [1778711191.992862636] [centerline_scan_node]: Mode=ALIGN_AISLE | x=-0.00, y=0.00, yaw=-0.00
[INFO] [1778711192.112267466] [centerline_scan_node]: Mode=ALIGN_AISLE | x=-0.00, y=0.00, yaw=-0.00
[INFO] [1778711192.223671807] [centerline_scan_node]: Mode=ALIGN_AISLE | x=-0.00, y=0.00, yaw=-0.00
[INFO] [1778711192.293138376] [centerline_scan_node]: Mode=ALIGN_AISLE | x=-0.00, y=0.00, yaw=-0.00
[INFO] [1778711192.434151743] [centerline_scan_node]: Mode=ALIGN_AISLE | x=-0.00, y=0.00, yaw=-0.00
[INFO] [1778711192.507274186] [centerline_scan_node]: Mode=ALIGN_AISLE | x=-0.00, y=0.00, yaw=-0.00
[INFO] [1778711192.592021207] [centerline_scan_node]: Mode=ALIGN_AISLE | x=-0.00, y=0.00, yaw=-0.00
[INFO] [1778711192.696219306] [centerline_scan_node]: Mode=ALIGN_AISLE | x=-0.00, y=0.00, yaw=-0.00
[INFO] [1778711192.790358955] [centerline_scan_node]: Mode=ALIGN_AISLE | x=-0.00, y=0.00, yaw=-0.00
[INFO] [1778711192.890588100] [centerline_scan_node]: Mode=ALIGN_AISLE | x=-0.00, y=0.00, yaw=-0.00
[INFO] [1778711192.988441312] [centerline_scan_node]: Mode=ALIGN_AISLE | x=-0.00, y=0.00, yaw=-0.00
[INFO] [1778711193.087981538] [centerline_scan_node]: Mode=ALIGN_AISLE | x=-0.00, y=0.00, yaw=-0.00
[INFO] [1778711193.191704619] [centerline_scan_node]: Mode=ALIGN_AISLE | x=-0.00, y=0.00, yaw=-0.00
[INFO] [1778711193.338345739] [centerline_scan_node]: Mode=ALIGN_AISLE | x=-0.00, y=0.00, yaw=-0.00
[INFO] [1778711193.404249249] [centerline_scan_node]: Mode=ALIGN_AISLE | x=-0.00, y=0.00, yaw=-0.00
[INFO] [1778711193.499702347] [centerline_scan_node]: Mode=ALIGN_AISLE | x=-0.00, y=0.00, yaw=-0.00
[INFO] [1778711193.591090976] [centerline_scan_node]: Mode=ALIGN_AISLE | x=-0.00, y=0.00, yaw=-0.00
[INFO] [1778711193.701738020] [centerline_scan_node]: Mode=ALIGN_AISLE | x=-0.00, y=0.00, yaw=-0.00
[INFO] [1778711193.791577946] [centerline_scan_node]: Mode=ALIGN_AISLE | x=-0.00, y=0.00, yaw=-0.00
[INFO] [1778711193.895038469] [centerline_scan_node]: Mode=ALIGN_AISLE | x=-0.00, y=0.00, yaw=-0.00
[INFO] [1778711193.991670984] [centerline_scan_node]: Mode=ALIGN_AISLE | x=-0.00, y=0.00, yaw=-0.00
[INFO] [1778711194.089053145] [centerline_scan_node]: Mode=ALIGN_AISLE | x=-0.00, y=0.00, yaw=-0.00
[INFO] [1778711194.188322277] [centerline_scan_node]: Mode=ALIGN_AISLE | x=-0.00, y=0.00, yaw=-0.00
[INFO] [1778711194.307090984] [centerline_scan_node]: Mode=ALIGN_AISLE | x=-0.00, y=0.00, yaw=-0.00
[INFO] [1778711194.397637937] [centerline_scan_node]: Mode=ALIGN_AISLE | x=-0.00, y=0.00, yaw=-0.00
[INFO] [1778711194.507335435] [centerline_scan_node]: Mode=ALIGN_AISLE | x=-0.00, y=0.00, yaw=-0.00
[INFO] [1778711194.589322388] [centerline_scan_node]: Mode=ALIGN_AISLE | x=-0.00, y=0.00, yaw=-0.00
[INFO] [1778711194.692309144] [centerline_scan_node]: Mode=ALIGN_AISLE | x=-0.00, y=0.00, yaw=-0.00
[INFO] [1778711194.788797104] [centerline_scan_node]: Mode=ALIGN_AISLE | x=-0.00, y=0.00, yaw=-0.00
[INFO] [1778711194.890433637] [centerline_scan_node]: Mode=ALIGN_AISLE | x=-0.00, y=0.00, yaw=-0.00
[INFO] [1778711194.992938929] [centerline_scan_node]: Mode=ALIGN_AISLE | x=-0.00, y=0.00, yaw=-0.00
[INFO] [1778711195.087851408] [centerline_scan_node]: Mode=ALIGN_AISLE | x=-0.00, y=0.00, yaw=-0.00
[INFO] [1778711195.193672229] [centerline_scan_node]: Mode=ALIGN_AISLE | x=-0.00, y=0.00, yaw=-0.00
[INFO] [1778711195.290469019] [centerline_scan_node]: Mode=ALIGN_AISLE | x=-0.00, y=0.00, yaw=-0.00
[INFO] [1778711195.392059980] [centerline_scan_node]: Mode=ALIGN_AISLE | x=-0.00, y=0.00, yaw=-0.00
[INFO] [1778711195.501402986] [centerline_scan_node]: Mode=ALIGN_AISLE | x=-0.00, y=0.00, yaw=-0.00
[INFO] [1778711195.601388388] [centerline_scan_node]: Mode=ALIGN_AISLE | x=-0.00, y=0.00, yaw=-0.00
[INFO] [1778711195.695313230] [centerline_scan_node]: Mode=ALIGN_AISLE | x=-0.00, y=0.00, yaw=-0.00
[INFO] [1778711195.796081217] [centerline_scan_node]: Mode=ALIGN_AISLE | x=-0.00, y=0.00, yaw=-0.00
[INFO] [1778711195.901784137] [centerline_scan_node]: Mode=ALIGN_AISLE | x=-0.00, y=0.00, yaw=-0.00
[INFO] [1778711195.993438269] [centerline_scan_node]: Mode=ALIGN_AISLE | x=-0.00, y=0.00, yaw=-0.00
[INFO] [1778711196.105182900] [centerline_scan_node]: Mode=ALIGN_AISLE | x=-0.00, y=0.00, yaw=-0.00
[INFO] [1778711196.220436278] [centerline_scan_node]: Mode=ALIGN_AISLE | x=-0.00, y=0.00, yaw=-0.00
[INFO] [1778711196.308423695] [centerline_scan_node]: Mode=ALIGN_AISLE | x=-0.00, y=0.00, yaw=-0.00
[INFO] [1778711196.392304921] [centerline_scan_node]: Mode=ALIGN_AISLE | x=-0.00, y=0.00, yaw=-0.00
[INFO] [1778711196.487829374] [centerline_scan_node]: Mode=ALIGN_AISLE | x=-0.00, y=0.00, yaw=-0.00
[INFO] [1778711196.589621745] [centerline_scan_node]: Mode=ALIGN_AISLE | x=-0.00, y=0.00, yaw=-0.00
[INFO] [1778711196.709792938] [centerline_scan_node]: Mode=ALIGN_AISLE | x=-0.00, y=0.00, yaw=-0.00
[INFO] [1778711196.795939040] [centerline_scan_node]: Mode=ALIGN_AISLE | x=-0.00, y=0.00, yaw=-0.00
[INFO] [1778711196.891519172] [centerline_scan_node]: Mode=ALIGN_AISLE | x=-0.00, y=0.00, yaw=-0.00
[INFO] [1778711196.989885998] [centerline_scan_node]: Mode=ALIGN_AISLE | x=-0.00, y=0.00, yaw=-0.00
[INFO] [1778711197.090542867] [centerline_scan_node]: Mode=ALIGN_AISLE | x=-0.00, y=0.00, yaw=-0.00
[INFO] [1778711197.188638158] [centerline_scan_node]: Mode=ALIGN_AISLE | x=-0.00, y=0.00, yaw=-0.00
[INFO] [1778711197.299330908] [centerline_scan_node]: Mode=ALIGN_AISLE | x=-0.00, y=0.00, yaw=-0.00
[INFO] [1778711197.389083298] [centerline_scan_node]: Mode=ALIGN_AISLE | x=-0.00, y=0.00, yaw=-0.00
[INFO] [1778711197.518354059] [centerline_scan_node]: Mode=ALIGN_AISLE | x=-0.00, y=0.00, yaw=-0.00
[INFO] [1778711197.593751147] [centerline_scan_node]: Mode=ALIGN_AISLE | x=-0.00, y=0.00, yaw=-0.00
[INFO] [1778711197.690684392] [centerline_scan_node]: Mode=ALIGN_AISLE | x=-0.00, y=0.00, yaw=-0.00
[INFO] [1778711197.790760273] [centerline_scan_node]: Mode=ALIGN_AISLE | x=-0.00, y=0.00, yaw=-0.00
[INFO] [1778711197.889791689] [centerline_scan_node]: Mode=ALIGN_AISLE | x=-0.00, y=0.00, yaw=-0.00
[INFO] [1778711197.993211685] [centerline_scan_node]: Mode=ALIGN_AISLE | x=-0.00, y=0.00, yaw=-0.00
[INFO] [1778711198.091079369] [centerline_scan_node]: Mode=ALIGN_AISLE | x=-0.00, y=0.00, yaw=-0.00
[INFO] [1778711198.189203943] [centerline_scan_node]: Mode=ALIGN_AISLE | x=-0.00, y=0.00, yaw=-0.00
[INFO] [1778711198.296766418] [centerline_scan_node]: Mode=ALIGN_AISLE | x=-0.00, y=0.00, yaw=-0.00
[INFO] [1778711198.387016303] [centerline_scan_node]: Mode=ALIGN_AISLE | x=-0.00, y=0.00, yaw=-0.00
[INFO] [1778711198.487047642] [centerline_scan_node]: Mode=ALIGN_AISLE | x=-0.00, y=0.00, yaw=-0.00
[INFO] [1778711198.593594279] [centerline_scan_node]: Mode=ALIGN_AISLE | x=-0.00, y=0.00, yaw=-0.00
[INFO] [1778711198.687807212] [centerline_scan_node]: Mode=ALIGN_AISLE | x=-0.00, y=0.00, yaw=-0.00
[INFO] [1778711198.797071102] [centerline_scan_node]: Mode=ALIGN_AISLE | x=-0.00, y=0.00, yaw=-0.00
[INFO] [1778711198.887157060] [centerline_scan_node]: Mode=ALIGN_AISLE | x=-0.00, y=0.00, yaw=-0.00
[INFO] [1778711198.988952552] [centerline_scan_node]: Mode=ALIGN_AISLE | x=-0.00, y=0.00, yaw=-0.00
[INFO] [1778711199.088685667] [centerline_scan_node]: Mode=ALIGN_AISLE | x=-0.00, y=0.00, yaw=-0.00
[INFO] [1778711199.187618737] [centerline_scan_node]: Mode=ALIGN_AISLE | x=-0.00, y=0.00, yaw=-0.00
[INFO] [1778711199.315046776] [centerline_scan_node]: Mode=ALIGN_AISLE | x=-0.00, y=0.00, yaw=-0.00
[INFO] [1778711199.386121320] [centerline_scan_node]: Mode=ALIGN_AISLE | x=-0.00, y=0.00, yaw=-0.00
[INFO] [1778711199.487125783] [centerline_scan_node]: Mode=ALIGN_AISLE | x=-0.00, y=0.00, yaw=-0.00
[INFO] [1778711199.590249702] [centerline_scan_node]: Mode=ALIGN_AISLE | x=-0.00, y=0.00, yaw=-0.00
[INFO] [1778711199.688735355] [centerline_scan_node]: Mode=ALIGN_AISLE | x=-0.00, y=0.00, yaw=-0.00
[INFO] [1778711199.789031817] [centerline_scan_node]: Mode=ALIGN_AISLE | x=-0.00, y=0.00, yaw=-0.00
[INFO] [1778711199.893575188] [centerline_scan_node]: Mode=ALIGN_AISLE | x=-0.00, y=0.00, yaw=-0.00
[INFO] [1778711199.988113130] [centerline_scan_node]: Mode=ALIGN_AISLE | x=-0.00, y=0.00, yaw=-0.00
[INFO] [1778711200.090008397] [centerline_scan_node]: Mode=ALIGN_AISLE | x=-0.00, y=0.00, yaw=-0.00
[INFO] [1778711200.193885696] [centerline_scan_node]: Mode=ALIGN_AISLE | x=-0.00, y=0.00, yaw=-0.00
[INFO] [1778711200.298830527] [centerline_scan_node]: Mode=ALIGN_AISLE | x=-0.00, y=0.00, yaw=-0.00
[INFO] [1778711200.387775298] [centerline_scan_node]: Mode=ALIGN_AISLE | x=-0.00, y=0.00, yaw=-0.00
[INFO] [1778711200.493842761] [centerline_scan_node]: Mode=ALIGN_AISLE | x=-0.00, y=0.00, yaw=-0.00
[INFO] [1778711200.593134828] [centerline_scan_node]: Mode=ALIGN_AISLE | x=-0.00, y=0.00, yaw=-0.00
[INFO] [1778711200.694728537] [centerline_scan_node]: Mode=ALIGN_AISLE | x=-0.00, y=0.00, yaw=-0.00
[INFO] [1778711200.789238667] [centerline_scan_node]: Mode=ALIGN_AISLE | x=-0.00, y=0.00, yaw=-0.00
[INFO] [1778711200.889885005] [centerline_scan_node]: Mode=ALIGN_AISLE | x=-0.00, y=0.00, yaw=-0.00
[INFO] [1778711200.985999676] [centerline_scan_node]: Mode=ALIGN_AISLE | x=-0.00, y=0.00, yaw=-0.00
[INFO] [1778711201.086551937] [centerline_scan_node]: Mode=ALIGN_AISLE | x=-0.00, y=0.00, yaw=-0.00
[INFO] [1778711201.189250011] [centerline_scan_node]: Mode=ALIGN_AISLE | x=-0.00, y=0.00, yaw=-0.00
[INFO] [1778711201.292320961] [centerline_scan_node]: Mode=ALIGN_AISLE | x=-0.00, y=0.00, yaw=-0.00
[INFO] [1778711201.388229363] [centerline_scan_node]: Mode=ALIGN_AISLE | x=-0.00, y=0.00, yaw=-0.00
[INFO] [1778711201.487822435] [centerline_scan_node]: Mode=ALIGN_AISLE | x=-0.00, y=0.00, yaw=-0.00
[INFO] [1778711201.587489560] [centerline_scan_node]: Mode=ALIGN_AISLE | x=-0.00, y=0.00, yaw=-0.00
[INFO] [1778711201.687433278] [centerline_scan_node]: Mode=ALIGN_AISLE | x=-0.00, y=0.00, yaw=-0.00
[INFO] [1778711201.801424074] [centerline_scan_node]: Mode=ALIGN_AISLE | x=-0.00, y=0.00, yaw=-0.00
[INFO] [1778711201.886041560] [centerline_scan_node]: Mode=ALIGN_AISLE | x=-0.00, y=0.00, yaw=-0.00
[INFO] [1778711201.999252957] [centerline_scan_node]: Mode=ALIGN_AISLE | x=-0.00, y=0.00, yaw=-0.00
[INFO] [1778711202.092866644] [centerline_scan_node]: Mode=ALIGN_AISLE | x=-0.00, y=0.00, yaw=-0.00
[INFO] [1778711202.190879967] [centerline_scan_node]: Mode=ALIGN_AISLE | x=-0.00, y=0.00, yaw=-0.00
[INFO] [1778711202.290247488] [centerline_scan_node]: Mode=ALIGN_AISLE | x=-0.00, y=0.00, yaw=-0.00
[INFO] [1778711202.388678991] [centerline_scan_node]: Mode=ALIGN_AISLE | x=-0.00, y=0.00, yaw=-0.00
[INFO] [1778711202.490922973] [centerline_scan_node]: Mode=ALIGN_AISLE | x=-0.00, y=0.00, yaw=-0.00
[INFO] [1778711202.590983806] [centerline_scan_node]: Mode=ALIGN_AISLE | x=-0.00, y=0.00, yaw=-0.00
[INFO] [1778711202.691720572] [centerline_scan_node]: Mode=ALIGN_AISLE | x=-0.00, y=0.00, yaw=-0.00
[INFO] [1778711202.789920282] [centerline_scan_node]: Mode=ALIGN_AISLE | x=-0.00, y=0.00, yaw=-0.00
[INFO] [1778711202.889374124] [centerline_scan_node]: Mode=ALIGN_AISLE | x=-0.00, y=0.00, yaw=-0.00
[INFO] [1778711202.991816069] [centerline_scan_node]: Mode=ALIGN_AISLE | x=-0.00, y=0.00, yaw=-0.00
[INFO] [1778711203.086780563] [centerline_scan_node]: Mode=ALIGN_AISLE | x=-0.00, y=0.00, yaw=-0.00
[INFO] [1778711203.189457762] [centerline_scan_node]: Mode=ALIGN_AISLE | x=-0.00, y=0.00, yaw=-0.00
[INFO] [1778711203.289244806] [centerline_scan_node]: Mode=ALIGN_AISLE | x=-0.00, y=0.00, yaw=-0.00
[INFO] [1778711203.391799974] [centerline_scan_node]: Mode=ALIGN_AISLE | x=-0.00, y=0.00, yaw=-0.00
[INFO] [1778711203.488527809] [centerline_scan_node]: Mode=ALIGN_AISLE | x=-0.00, y=0.00, yaw=-0.00
[INFO] [1778711203.595859845] [centerline_scan_node]: Mode=ALIGN_AISLE | x=-0.00, y=0.00, yaw=-0.00
[INFO] [1778711203.688363780] [centerline_scan_node]: Mode=ALIGN_AISLE | x=-0.00, y=0.00, yaw=-0.00
[INFO] [1778711203.794972910] [centerline_scan_node]: Mode=ALIGN_AISLE | x=-0.00, y=0.00, yaw=-0.00
[INFO] [1778711203.890653920] [centerline_scan_node]: Mode=ALIGN_AISLE | x=-0.00, y=0.00, yaw=-0.00
[INFO] [1778711204.000102189] [centerline_scan_node]: Mode=ALIGN_AISLE | x=-0.00, y=0.00, yaw=-0.00
[INFO] [1778711204.111894750] [centerline_scan_node]: Mode=ALIGN_AISLE | x=-0.00, y=0.00, yaw=-0.00
[INFO] [1778711204.228391074] [centerline_scan_node]: Mode=ALIGN_AISLE | x=-0.00, y=0.00, yaw=-0.00
[INFO] [1778711204.324449569] [centerline_scan_node]: Mode=ALIGN_AISLE | x=-0.00, y=0.00, yaw=-0.00
[INFO] [1778711204.391990700] [centerline_scan_node]: Mode=ALIGN_AISLE | x=-0.00, y=0.00, yaw=-0.00
[INFO] [1778711204.489271183] [centerline_scan_node]: Mode=ALIGN_AISLE | x=-0.00, y=0.00, yaw=-0.00
[INFO] [1778711204.588878340] [centerline_scan_node]: Mode=ALIGN_AISLE | x=-0.00, y=0.00, yaw=-0.00
[INFO] [1778711204.700323242] [centerline_scan_node]: Mode=ALIGN_AISLE | x=-0.00, y=0.00, yaw=-0.00
[INFO] [1778711204.788017327] [centerline_scan_node]: Mode=ALIGN_AISLE | x=-0.00, y=0.00, yaw=-0.00
[INFO] [1778711204.887094593] [centerline_scan_node]: Mode=ALIGN_AISLE | x=-0.00, y=0.00, yaw=-0.00
[INFO] [1778711205.053356868] [centerline_scan_node]: Mode=ALIGN_AISLE | x=-0.00, y=0.00, yaw=-0.00
[INFO] [1778711205.086695828] [centerline_scan_node]: Mode=ALIGN_AISLE | x=-0.00, y=0.00, yaw=-0.00
[INFO] [1778711205.189844886] [centerline_scan_node]: Mode=ALIGN_AISLE | x=-0.00, y=0.00, yaw=-0.00
[INFO] [1778711205.287495157] [centerline_scan_node]: Mode=ALIGN_AISLE | x=-0.00, y=0.00, yaw=-0.00
[INFO] [1778711205.390551177] [centerline_scan_node]: Mode=ALIGN_AISLE | x=-0.00, y=0.00, yaw=-0.00
[INFO] [1778711205.489350396] [centerline_scan_node]: Mode=ALIGN_AISLE | x=-0.00, y=0.00, yaw=-0.00
[INFO] [1778711205.590577579] [centerline_scan_node]: Mode=ALIGN_AISLE | x=-0.00, y=0.00, yaw=-0.00
[INFO] [1778711205.689021532] [centerline_scan_node]: Mode=ALIGN_AISLE | x=-0.00, y=0.00, yaw=-0.00
[INFO] [1778711205.790109747] [centerline_scan_node]: Mode=ALIGN_AISLE | x=-0.00, y=0.00, yaw=-0.00
[INFO] [1778711205.887247205] [centerline_scan_node]: Mode=ALIGN_AISLE | x=-0.00, y=0.00, yaw=-0.00
[INFO] [1778711205.988768152] [centerline_scan_node]: Mode=ALIGN_AISLE | x=-0.00, y=0.00, yaw=-0.00
[INFO] [1778711206.102732342] [centerline_scan_node]: Mode=ALIGN_AISLE | x=-0.00, y=0.00, yaw=-0.00
[INFO] [1778711206.190037279] [centerline_scan_node]: Mode=ALIGN_AISLE | x=-0.00, y=0.00, yaw=-0.00
[INFO] [1778711206.289353184] [centerline_scan_node]: Mode=ALIGN_AISLE | x=-0.00, y=0.00, yaw=-0.00
[INFO] [1778711206.391345390] [centerline_scan_node]: Mode=ALIGN_AISLE | x=-0.00, y=0.00, yaw=-0.00
[INFO] [1778711206.487523198] [centerline_scan_node]: Mode=ALIGN_AISLE | x=-0.00, y=0.00, yaw=-0.00
[INFO] [1778711206.588273165] [centerline_scan_node]: Mode=ALIGN_AISLE | x=-0.00, y=0.00, yaw=-0.00
[INFO] [1778711206.690505263] [centerline_scan_node]: Mode=ALIGN_AISLE | x=-0.00, y=0.00, yaw=-0.00
[INFO] [1778711206.785362052] [centerline_scan_node]: Mode=ALIGN_AISLE | x=-0.00, y=0.00, yaw=-0.00
[INFO] [1778711206.897025153] [centerline_scan_node]: Mode=ALIGN_AISLE | x=-0.00, y=0.00, yaw=-0.00
[INFO] [1778711206.985293898] [centerline_scan_node]: Mode=ALIGN_AISLE | x=-0.00, y=0.00, yaw=-0.00
[INFO] [1778711207.089865536] [centerline_scan_node]: Mode=ALIGN_AISLE | x=-0.00, y=0.00, yaw=-0.00
[INFO] [1778711207.191750899] [centerline_scan_node]: Mode=ALIGN_AISLE | x=-0.00, y=0.00, yaw=-0.00
[INFO] [1778711207.288083076] [centerline_scan_node]: Mode=ALIGN_AISLE | x=-0.00, y=0.00, yaw=-0.00
[INFO] [1778711207.398086890] [centerline_scan_node]: Mode=ALIGN_AISLE | x=-0.00, y=0.00, yaw=-0.00
[INFO] [1778711207.499860776] [centerline_scan_node]: Mode=ALIGN_AISLE | x=-0.00, y=0.00, yaw=-0.00
[INFO] [1778711207.591302651] [centerline_scan_node]: Mode=ALIGN_AISLE | x=-0.00, y=0.00, yaw=-0.00
[INFO] [1778711207.709487377] [centerline_scan_node]: Mode=ALIGN_AISLE | x=-0.00, y=0.00, yaw=-0.00
[INFO] [1778711207.788317092] [centerline_scan_node]: Mode=ALIGN_AISLE | x=-0.00, y=0.00, yaw=-0.00
[INFO] [1778711207.896297483] [centerline_scan_node]: Mode=ALIGN_AISLE | x=-0.00, y=0.00, yaw=-0.00
[INFO] [1778711207.993149888] [centerline_scan_node]: Mode=ALIGN_AISLE | x=-0.00, y=0.00, yaw=-0.00
[INFO] [1778711208.087284734] [centerline_scan_node]: Mode=ALIGN_AISLE | x=-0.00, y=0.00, yaw=-0.00
[INFO] [1778711208.190792964] [centerline_scan_node]: Mode=ALIGN_AISLE | x=-0.00, y=0.00, yaw=-0.00
[INFO] [1778711208.285575858] [centerline_scan_node]: Mode=ALIGN_AISLE | x=-0.00, y=0.00, yaw=-0.00
[INFO] [1778711208.394212580] [centerline_scan_node]: Mode=ALIGN_AISLE | x=-0.00, y=0.00, yaw=-0.00
[INFO] [1778711208.491305268] [centerline_scan_node]: Mode=ALIGN_AISLE | x=-0.00, y=0.00, yaw=-0.00
[INFO] [1778711208.591250701] [centerline_scan_node]: Mode=ALIGN_AISLE | x=-0.00, y=0.00, yaw=-0.00
[INFO] [1778711208.691969811] [centerline_scan_node]: Mode=ALIGN_AISLE | x=-0.00, y=0.00, yaw=-0.00
[INFO] [1778711208.793722777] [centerline_scan_node]: Mode=ALIGN_AISLE | x=-0.00, y=0.00, yaw=-0.00
[INFO] [1778711208.886813808] [centerline_scan_node]: Mode=ALIGN_AISLE | x=-0.00, y=0.00, yaw=-0.00
[INFO] [1778711208.986818216] [centerline_scan_node]: Mode=ALIGN_AISLE | x=-0.00, y=0.00, yaw=-0.00
[INFO] [1778711209.088277224] [centerline_scan_node]: Mode=ALIGN_AISLE | x=-0.00, y=0.00, yaw=-0.00
[INFO] [1778711209.233707882] [centerline_scan_node]: Mode=ALIGN_AISLE | x=-0.00, y=0.00, yaw=-0.00
[INFO] [1778711209.305431650] [centerline_scan_node]: Mode=ALIGN_AISLE | x=-0.00, y=0.00, yaw=-0.00
[INFO] [1778711209.398222886] [centerline_scan_node]: Mode=ALIGN_AISLE | x=-0.00, y=0.00, yaw=-0.00
[INFO] [1778711209.488473018] [centerline_scan_node]: Mode=ALIGN_AISLE | x=-0.00, y=0.00, yaw=-0.00
[INFO] [1778711209.594604202] [centerline_scan_node]: Mode=ALIGN_AISLE | x=-0.00, y=0.00, yaw=-0.00
[INFO] [1778711209.688076204] [centerline_scan_node]: Mode=ALIGN_AISLE | x=-0.00, y=0.00, yaw=-0.00
[INFO] [1778711209.792379488] [centerline_scan_node]: Mode=ALIGN_AISLE | x=-0.00, y=0.00, yaw=-0.00
[INFO] [1778711209.889043599] [centerline_scan_node]: Mode=ALIGN_AISLE | x=-0.00, y=0.00, yaw=-0.00
[INFO] [1778711209.992921510] [centerline_scan_node]: Mode=ALIGN_AISLE | x=-0.00, y=0.00, yaw=-0.00
[INFO] [1778711210.145041409] [centerline_scan_node]: Mode=ALIGN_AISLE | x=-0.00, y=0.00, yaw=-0.00
[INFO] [1778711210.188512347] [centerline_scan_node]: Mode=ALIGN_AISLE | x=-0.00, y=0.00, yaw=-0.00
[INFO] [1778711210.295327778] [centerline_scan_node]: Mode=ALIGN_AISLE | x=-0.00, y=0.00, yaw=-0.00
[INFO] [1778711210.407640727] [centerline_scan_node]: Mode=ALIGN_AISLE | x=-0.00, y=0.00, yaw=-0.00
[INFO] [1778711210.491252598] [centerline_scan_node]: Mode=ALIGN_AISLE | x=-0.00, y=0.00, yaw=-0.00
[INFO] [1778711210.587892214] [centerline_scan_node]: Mode=ALIGN_AISLE | x=-0.00, y=0.00, yaw=-0.00
[INFO] [1778711210.686085751] [centerline_scan_node]: Mode=ALIGN_AISLE | x=-0.00, y=0.00, yaw=-0.00
[INFO] [1778711210.784936423] [centerline_scan_node]: Mode=ALIGN_AISLE | x=-0.00, y=0.00, yaw=-0.00
[INFO] [1778711210.886278856] [centerline_scan_node]: Mode=ALIGN_AISLE | x=-0.00, y=0.00, yaw=-0.00
[INFO] [1778711210.989489386] [centerline_scan_node]: Mode=ALIGN_AISLE | x=-0.00, y=0.00, yaw=-0.00
[INFO] [1778711211.093734547] [centerline_scan_node]: Mode=ALIGN_AISLE | x=-0.00, y=0.00, yaw=-0.00
[INFO] [1778711211.188586372] [centerline_scan_node]: Mode=ALIGN_AISLE | x=-0.00, y=0.00, yaw=-0.00
[INFO] [1778711211.291791030] [centerline_scan_node]: Mode=ALIGN_AISLE | x=-0.00, y=0.00, yaw=-0.00
[INFO] [1778711211.446884067] [centerline_scan_node]: Mode=ALIGN_AISLE | x=-0.00, y=0.00, yaw=-0.00
[INFO] [1778711211.491831376] [centerline_scan_node]: Mode=ALIGN_AISLE | x=-0.00, y=0.00, yaw=-0.00
[INFO] [1778711211.585715139] [centerline_scan_node]: Mode=ALIGN_AISLE | x=-0.00, y=0.00, yaw=-0.00
[INFO] [1778711211.696838354] [centerline_scan_node]: Mode=ALIGN_AISLE | x=-0.00, y=0.00, yaw=-0.00
[INFO] [1778711211.788261353] [centerline_scan_node]: Mode=ALIGN_AISLE | x=-0.00, y=0.00, yaw=-0.00
[INFO] [1778711211.887961075] [centerline_scan_node]: Mode=ALIGN_AISLE | x=-0.00, y=0.00, yaw=-0.00
[INFO] [1778711212.108821322] [centerline_scan_node]: Mode=ALIGN_AISLE | x=-0.00, y=0.00, yaw=-0.00
[INFO] [1778711212.119167895] [centerline_scan_node]: Mode=ALIGN_AISLE | x=-0.00, y=0.00, yaw=-0.00
[INFO] [1778711212.191931922] [centerline_scan_node]: Mode=ALIGN_AISLE | x=-0.00, y=0.00, yaw=-0.00
[INFO] [1778711212.292631305] [centerline_scan_node]: Mode=ALIGN_AISLE | x=-0.00, y=0.00, yaw=-0.00
[INFO] [1778711212.386792556] [centerline_scan_node]: Mode=ALIGN_AISLE | x=-0.00, y=0.00, yaw=-0.00
[INFO] [1778711213.237594251] [centerline_scan_node]: Mode=ALIGN_AISLE | x=-0.00, y=0.00, yaw=-0.00
[INFO] [1778711213.289852233] [centerline_scan_node]: Mode=ALIGN_AISLE | x=-0.00, y=0.00, yaw=-0.00
[INFO] [1778711213.389494012] [centerline_scan_node]: Mode=ALIGN_AISLE | x=-0.00, y=0.00, yaw=-0.00
[INFO] [1778711213.534285307] [centerline_scan_node]: Mode=ALIGN_AISLE | x=-0.00, y=0.00, yaw=-0.00
[INFO] [1778711213.587156509] [centerline_scan_node]: Mode=ALIGN_AISLE | x=-0.00, y=0.00, yaw=-0.00
[INFO] [1778711213.700103310] [centerline_scan_node]: Mode=ALIGN_AISLE | x=-0.00, y=0.00, yaw=-0.00
[INFO] [1778711213.785084718] [centerline_scan_node]: Mode=ALIGN_AISLE | x=-0.00, y=0.00, yaw=-0.00
[INFO] [1778711213.886738369] [centerline_scan_node]: Mode=ALIGN_AISLE | x=-0.00, y=0.00, yaw=-0.00
[INFO] [1778711214.003469408] [centerline_scan_node]: Mode=ALIGN_AISLE | x=-0.00, y=0.00, yaw=-0.00
[INFO] [1778711214.087417304] [centerline_scan_node]: Mode=ALIGN_AISLE | x=-0.00, y=0.00, yaw=-0.00
[INFO] [1778711214.188025561] [centerline_scan_node]: Mode=ALIGN_AISLE | x=-0.00, y=0.00, yaw=-0.00
[INFO] [1778711214.317331231] [centerline_scan_node]: Mode=ALIGN_AISLE | x=-0.00, y=0.00, yaw=-0.00
[INFO] [1778711214.386584557] [centerline_scan_node]: Mode=ALIGN_AISLE | x=-0.00, y=0.00, yaw=-0.00
[INFO] [1778711214.499950817] [centerline_scan_node]: Mode=ALIGN_AISLE | x=-0.00, y=0.00, yaw=-0.00
[INFO] [1778711214.600705063] [centerline_scan_node]: Mode=ALIGN_AISLE | x=-0.00, y=0.00, yaw=-0.00
[INFO] [1778711214.689172790] [centerline_scan_node]: Mode=ALIGN_AISLE | x=-0.00, y=0.00, yaw=-0.00
[INFO] [1778711214.793916116] [centerline_scan_node]: Mode=ALIGN_AISLE | x=-0.00, y=0.00, yaw=-0.00
[INFO] [1778711214.890299985] [centerline_scan_node]: Mode=ALIGN_AISLE | x=-0.00, y=0.00, yaw=-0.00
[INFO] [1778711214.992615118] [centerline_scan_node]: Mode=ALIGN_AISLE | x=-0.00, y=0.00, yaw=-0.00
[INFO] [1778711215.087341520] [centerline_scan_node]: Mode=ALIGN_AISLE | x=-0.00, y=0.00, yaw=-0.00
[INFO] [1778711215.186220477] [centerline_scan_node]: Mode=ALIGN_AISLE | x=-0.00, y=0.00, yaw=-0.00
[INFO] [1778711215.292860927] [centerline_scan_node]: Mode=ALIGN_AISLE | x=-0.00, y=0.00, yaw=-0.00
[INFO] [1778711215.389566236] [centerline_scan_node]: Mode=ALIGN_AISLE | x=-0.00, y=0.00, yaw=-0.00
[INFO] [1778711215.492337113] [centerline_scan_node]: Mode=ALIGN_AISLE | x=-0.00, y=0.00, yaw=-0.00
[INFO] [1778711215.589843950] [centerline_scan_node]: Mode=ALIGN_AISLE | x=-0.00, y=0.00, yaw=-0.00
[INFO] [1778711215.690548956] [centerline_scan_node]: Mode=ALIGN_AISLE | x=-0.00, y=0.00, yaw=-0.00
[INFO] [1778711215.788599760] [centerline_scan_node]: Mode=ALIGN_AISLE | x=-0.00, y=0.00, yaw=-0.00
[INFO] [1778711215.898552759] [centerline_scan_node]: Mode=ALIGN_AISLE | x=-0.00, y=0.00, yaw=-0.00
[INFO] [1778711215.985323357] [centerline_scan_node]: Mode=ALIGN_AISLE | x=-0.00, y=0.00, yaw=-0.00
[INFO] [1778711216.098048493] [centerline_scan_node]: Mode=ALIGN_AISLE | x=-0.00, y=0.00, yaw=-0.00
[INFO] [1778711216.186717977] [centerline_scan_node]: Mode=ALIGN_AISLE | x=-0.00, y=0.00, yaw=-0.00
[INFO] [1778711216.293594168] [centerline_scan_node]: Mode=ALIGN_AISLE | x=-0.00, y=0.00, yaw=-0.00
[INFO] [1778711216.401083221] [centerline_scan_node]: Mode=ALIGN_AISLE | x=-0.00, y=0.00, yaw=-0.00
[INFO] [1778711216.543522125] [centerline_scan_node]: Mode=ALIGN_AISLE | x=-0.00, y=0.00, yaw=-0.00
[INFO] [1778711216.601503562] [centerline_scan_node]: Mode=ALIGN_AISLE | x=-0.00, y=0.00, yaw=-0.00
[INFO] [1778711216.689175636] [centerline_scan_node]: Mode=ALIGN_AISLE | x=-0.00, y=0.00, yaw=-0.00
[INFO] [1778711216.787475202] [centerline_scan_node]: Mode=ALIGN_AISLE | x=-0.00, y=0.00, yaw=-0.00
[INFO] [1778711216.895666038] [centerline_scan_node]: Mode=ALIGN_AISLE | x=-0.00, y=0.00, yaw=-0.00
[INFO] [1778711216.985374718] [centerline_scan_node]: Mode=ALIGN_AISLE | x=-0.00, y=0.00, yaw=-0.00
[INFO] [1778711217.090157738] [centerline_scan_node]: Mode=ALIGN_AISLE | x=-0.00, y=0.00, yaw=-0.00
[INFO] [1778711217.195379630] [centerline_scan_node]: Mode=ALIGN_AISLE | x=-0.00, y=0.00, yaw=-0.00
[INFO] [1778711217.286993248] [centerline_scan_node]: Mode=ALIGN_AISLE | x=-0.00, y=0.00, yaw=-0.00
[INFO] [1778711217.388255277] [centerline_scan_node]: Mode=ALIGN_AISLE | x=-0.00, y=0.00, yaw=-0.00
[INFO] [1778711217.499123577] [centerline_scan_node]: Mode=ALIGN_AISLE | x=-0.00, y=0.00, yaw=-0.00
[INFO] [1778711217.587494816] [centerline_scan_node]: Mode=ALIGN_AISLE | x=-0.00, y=0.00, yaw=-0.00
[INFO] [1778711217.688937355] [centerline_scan_node]: Mode=ALIGN_AISLE | x=-0.00, y=0.00, yaw=-0.00
[INFO] [1778711217.787501441] [centerline_scan_node]: Mode=ALIGN_AISLE | x=-0.00, y=0.00, yaw=-0.00
[INFO] [1778711217.914738100] [centerline_scan_node]: Mode=ALIGN_AISLE | x=-0.00, y=0.00, yaw=-0.00
[INFO] [1778711218.007355962] [centerline_scan_node]: Mode=ALIGN_AISLE | x=-0.00, y=0.00, yaw=-0.00
[INFO] [1778711218.093741303] [centerline_scan_node]: Mode=ALIGN_AISLE | x=-0.00, y=0.00, yaw=-0.00
[INFO] [1778711218.190393747] [centerline_scan_node]: Mode=ALIGN_AISLE | x=-0.00, y=0.00, yaw=-0.00
[INFO] [1778711218.298753611] [centerline_scan_node]: Mode=ALIGN_AISLE | x=-0.00, y=0.00, yaw=-0.00
[INFO] [1778711218.387068276] [centerline_scan_node]: Mode=ALIGN_AISLE | x=-0.00, y=0.00, yaw=-0.00
[INFO] [1778711218.493093587] [centerline_scan_node]: Mode=ALIGN_AISLE | x=-0.00, y=0.00, yaw=-0.00
[INFO] [1778711218.588237891] [centerline_scan_node]: Mode=ALIGN_AISLE | x=-0.00, y=0.00, yaw=-0.00
[INFO] [1778711218.697095836] [centerline_scan_node]: Mode=ALIGN_AISLE | x=-0.00, y=0.00, yaw=-0.00
[INFO] [1778711218.792587480] [centerline_scan_node]: Mode=ALIGN_AISLE | x=-0.00, y=0.00, yaw=-0.00
[INFO] [1778711218.888999010] [centerline_scan_node]: Mode=ALIGN_AISLE | x=-0.00, y=0.00, yaw=-0.00
[INFO] [1778711218.994859583] [centerline_scan_node]: Mode=ALIGN_AISLE | x=-0.00, y=0.00, yaw=-0.00
[INFO] [1778711219.093232957] [centerline_scan_node]: Mode=ALIGN_AISLE | x=-0.00, y=0.00, yaw=-0.00
[INFO] [1778711219.260249998] [centerline_scan_node]: Mode=ALIGN_AISLE | x=-0.00, y=0.00, yaw=-0.00
[INFO] [1778711219.287741352] [centerline_scan_node]: Mode=ALIGN_AISLE | x=-0.00, y=0.00, yaw=-0.00
[INFO] [1778711219.390759005] [centerline_scan_node]: Mode=ALIGN_AISLE | x=-0.00, y=0.00, yaw=-0.00
[INFO] [1778711219.485819343] [centerline_scan_node]: Mode=ALIGN_AISLE | x=-0.00, y=0.00, yaw=-0.00
[INFO] [1778711219.585878840] [centerline_scan_node]: Mode=ALIGN_AISLE | x=-0.00, y=0.00, yaw=-0.00
[INFO] [1778711219.694842329] [centerline_scan_node]: Mode=ALIGN_AISLE | x=-0.00, y=0.00, yaw=-0.00
[INFO] [1778711219.791261615] [centerline_scan_node]: Mode=ALIGN_AISLE | x=-0.00, y=0.00, yaw=-0.00
[INFO] [1778711219.893318465] [centerline_scan_node]: Mode=ALIGN_AISLE | x=-0.00, y=0.00, yaw=-0.00
[INFO] [1778711219.988766226] [centerline_scan_node]: Mode=ALIGN_AISLE | x=-0.00, y=0.00, yaw=-0.00
[INFO] [1778711220.085413900] [centerline_scan_node]: Mode=ALIGN_AISLE | x=-0.00, y=0.00, yaw=-0.00
[INFO] [1778711220.243626712] [centerline_scan_node]: Mode=ALIGN_AISLE | x=-0.00, y=0.00, yaw=-0.00
[INFO] [1778711220.296906689] [centerline_scan_node]: Mode=ALIGN_AISLE | x=-0.00, y=0.00, yaw=-0.00
[INFO] [1778711220.402475244] [centerline_scan_node]: Mode=ALIGN_AISLE | x=-0.00, y=0.00, yaw=-0.00
[INFO] [1778711220.487182888] [centerline_scan_node]: Mode=ALIGN_AISLE | x=-0.00, y=0.00, yaw=-0.00
[INFO] [1778711220.593980499] [centerline_scan_node]: Mode=ALIGN_AISLE | x=-0.00, y=0.00, yaw=-0.00
[INFO] [1778711220.691866063] [centerline_scan_node]: Mode=ALIGN_AISLE | x=-0.00, y=0.00, yaw=-0.00
[INFO] [1778711220.802333511] [centerline_scan_node]: Mode=ALIGN_AISLE | x=-0.00, y=0.00, yaw=-0.00
[INFO] [1778711220.898198173] [centerline_scan_node]: Mode=ALIGN_AISLE | x=-0.00, y=0.00, yaw=-0.00
[INFO] [1778711220.997376197] [centerline_scan_node]: Mode=ALIGN_AISLE | x=-0.00, y=0.00, yaw=-0.00
[INFO] [1778711221.101464663] [centerline_scan_node]: Mode=ALIGN_AISLE | x=-0.00, y=0.00, yaw=-0.00
[INFO] [1778711221.197909494] [centerline_scan_node]: Mode=ALIGN_AISLE | x=-0.00, y=0.00, yaw=-0.00
[INFO] [1778711221.360784125] [centerline_scan_node]: Mode=ALIGN_AISLE | x=-0.00, y=0.00, yaw=-0.00
[INFO] [1778711221.425184589] [centerline_scan_node]: Mode=ALIGN_AISLE | x=-0.00, y=0.00, yaw=-0.00
[INFO] [1778711221.493957877] [centerline_scan_node]: Mode=ALIGN_AISLE | x=-0.00, y=0.00, yaw=-0.00
[INFO] [1778711221.590376577] [centerline_scan_node]: Mode=ALIGN_AISLE | x=-0.00, y=0.00, yaw=-0.00
[INFO] [1778711221.689969846] [centerline_scan_node]: Mode=ALIGN_AISLE | x=-0.00, y=0.00, yaw=-0.00
[INFO] [1778711221.789909894] [centerline_scan_node]: Mode=ALIGN_AISLE | x=-0.00, y=0.00, yaw=-0.00
[INFO] [1778711221.888058004] [centerline_scan_node]: Mode=ALIGN_AISLE | x=-0.00, y=0.00, yaw=-0.00
[INFO] [1778711221.989218365] [centerline_scan_node]: Mode=ALIGN_AISLE | x=-0.00, y=0.00, yaw=-0.00
[INFO] [1778711222.095596648] [centerline_scan_node]: Mode=ALIGN_AISLE | x=-0.00, y=0.00, yaw=-0.00
[INFO] [1778711222.188069739] [centerline_scan_node]: Mode=ALIGN_AISLE | x=-0.00, y=0.00, yaw=-0.00
[INFO] [1778711222.291023944] [centerline_scan_node]: Mode=ALIGN_AISLE | x=-0.00, y=0.00, yaw=-0.00
[INFO] [1778711222.396983245] [centerline_scan_node]: Mode=ALIGN_AISLE | x=-0.00, y=0.00, yaw=-0.00
[INFO] [1778711222.488392047] [centerline_scan_node]: Mode=ALIGN_AISLE | x=-0.00, y=0.00, yaw=-0.00
[INFO] [1778711222.665531215] [centerline_scan_node]: Mode=ALIGN_AISLE | x=-0.00, y=0.00, yaw=-0.00
[INFO] [1778711222.693509114] [centerline_scan_node]: Mode=ALIGN_AISLE | x=-0.00, y=0.00, yaw=-0.00
[INFO] [1778711222.787276324] [centerline_scan_node]: Mode=ALIGN_AISLE | x=-0.00, y=0.00, yaw=-0.00
[INFO] [1778711222.889519962] [centerline_scan_node]: Mode=ALIGN_AISLE | x=-0.00, y=0.00, yaw=-0.00
[INFO] [1778711222.992528180] [centerline_scan_node]: Mode=ALIGN_AISLE | x=-0.00, y=0.00, yaw=-0.00
[INFO] [1778711223.091622451] [centerline_scan_node]: Mode=ALIGN_AISLE | x=-0.00, y=0.00, yaw=-0.00
[INFO] [1778711223.196249620] [centerline_scan_node]: Mode=ALIGN_AISLE | x=-0.00, y=0.00, yaw=-0.00
[INFO] [1778711223.286927846] [centerline_scan_node]: Mode=ALIGN_AISLE | x=-0.00, y=0.00, yaw=-0.00
[INFO] [1778711223.389677057] [centerline_scan_node]: Mode=ALIGN_AISLE | x=-0.00, y=0.00, yaw=-0.00
[INFO] [1778711223.492623902] [centerline_scan_node]: Mode=ALIGN_AISLE | x=-0.00, y=0.00, yaw=-0.00
[INFO] [1778711223.588896022] [centerline_scan_node]: Mode=ALIGN_AISLE | x=-0.00, y=0.00, yaw=-0.00
[INFO] [1778711223.689157171] [centerline_scan_node]: Mode=ALIGN_AISLE | x=-0.00, y=0.00, yaw=-0.00
[INFO] [1778711223.828675787] [centerline_scan_node]: Mode=ALIGN_AISLE | x=-0.00, y=0.00, yaw=-0.00
[INFO] [1778711223.890346518] [centerline_scan_node]: Mode=ALIGN_AISLE | x=-0.00, y=0.00, yaw=-0.00
[INFO] [1778711223.996757414] [centerline_scan_node]: Mode=ALIGN_AISLE | x=-0.00, y=0.00, yaw=-0.00
[INFO] [1778711224.085629055] [centerline_scan_node]: Mode=ALIGN_AISLE | x=-0.00, y=0.00, yaw=-0.00
[INFO] [1778711224.196438035] [centerline_scan_node]: Mode=ALIGN_AISLE | x=-0.00, y=0.00, yaw=-0.00
[INFO] [1778711224.286812632] [centerline_scan_node]: Mode=ALIGN_AISLE | x=-0.00, y=0.00, yaw=-0.00
[INFO] [1778711224.401201948] [centerline_scan_node]: Mode=ALIGN_AISLE | x=-0.00, y=0.00, yaw=-0.00
[INFO] [1778711224.488207921] [centerline_scan_node]: Mode=ALIGN_AISLE | x=-0.00, y=0.00, yaw=-0.00
[INFO] [1778711224.594271088] [centerline_scan_node]: Mode=ALIGN_AISLE | x=-0.00, y=0.00, yaw=-0.00
[INFO] [1778711224.723673885] [centerline_scan_node]: Mode=ALIGN_AISLE | x=-0.00, y=0.00, yaw=-0.00
[INFO] [1778711224.789326556] [centerline_scan_node]: Mode=ALIGN_AISLE | x=-0.00, y=0.00, yaw=-0.00
[INFO] [1778711224.886543667] [centerline_scan_node]: Mode=ALIGN_AISLE | x=-0.00, y=0.00, yaw=-0.00
[INFO] [1778711224.987831557] [centerline_scan_node]: Mode=ALIGN_AISLE | x=-0.00, y=0.00, yaw=-0.00
[INFO] [1778711225.087803722] [centerline_scan_node]: Mode=ALIGN_AISLE | x=-0.00, y=0.00, yaw=-0.00
[INFO] [1778711225.188595532] [centerline_scan_node]: Mode=ALIGN_AISLE | x=-0.00, y=0.00, yaw=-0.00
[INFO] [1778711225.287606613] [centerline_scan_node]: Mode=ALIGN_AISLE | x=-0.00, y=0.00, yaw=-0.00
[INFO] [1778711225.386524959] [centerline_scan_node]: Mode=ALIGN_AISLE | x=-0.00, y=0.00, yaw=-0.00
[INFO] [1778711225.491946074] [centerline_scan_node]: Mode=ALIGN_AISLE | x=-0.00, y=0.00, yaw=-0.00
[INFO] [1778711225.589322356] [centerline_scan_node]: Mode=ALIGN_AISLE | x=-0.00, y=0.00, yaw=-0.00
[INFO] [1778711225.696021401] [centerline_scan_node]: Mode=ALIGN_AISLE | x=-0.00, y=0.00, yaw=-0.00
[INFO] [1778711225.794844234] [centerline_scan_node]: Mode=ALIGN_AISLE | x=-0.00, y=0.00, yaw=-0.00
[INFO] [1778711225.891843493] [centerline_scan_node]: Mode=ALIGN_AISLE | x=-0.00, y=0.00, yaw=-0.00
[INFO] [1778711225.986891647] [centerline_scan_node]: Mode=ALIGN_AISLE | x=-0.00, y=0.00, yaw=-0.00
[INFO] [1778711226.096130203] [centerline_scan_node]: Mode=ALIGN_AISLE | x=-0.00, y=0.00, yaw=-0.00
[INFO] [1778711226.187872236] [centerline_scan_node]: Mode=ALIGN_AISLE | x=-0.00, y=0.00, yaw=-0.00
[INFO] [1778711226.294725151] [centerline_scan_node]: Mode=ALIGN_AISLE | x=-0.00, y=0.00, yaw=-0.00
[INFO] [1778711226.386234039] [centerline_scan_node]: Mode=ALIGN_AISLE | x=-0.00, y=0.00, yaw=-0.00
[INFO] [1778711226.486827042] [centerline_scan_node]: Mode=ALIGN_AISLE | x=-0.00, y=0.00, yaw=-0.00
[INFO] [1778711226.589370381] [centerline_scan_node]: Mode=ALIGN_AISLE | x=-0.00, y=0.00, yaw=-0.00
[INFO] [1778711226.700853581] [centerline_scan_node]: Mode=ALIGN_AISLE | x=-0.00, y=0.00, yaw=-0.00
[INFO] [1778711226.788182826] [centerline_scan_node]: Mode=ALIGN_AISLE | x=-0.00, y=0.00, yaw=-0.00
[INFO] [1778711226.888662542] [centerline_scan_node]: Mode=ALIGN_AISLE | x=-0.00, y=0.00, yaw=-0.00
[INFO] [1778711226.994030570] [centerline_scan_node]: Mode=ALIGN_AISLE | x=-0.00, y=0.00, yaw=-0.00
[INFO] [1778711227.087342641] [centerline_scan_node]: Mode=ALIGN_AISLE | x=-0.00, y=0.00, yaw=-0.00
[INFO] [1778711227.191121558] [centerline_scan_node]: Mode=ALIGN_AISLE | x=-0.00, y=0.00, yaw=-0.00
[INFO] [1778711227.286499651] [centerline_scan_node]: Mode=ALIGN_AISLE | x=-0.00, y=0.00, yaw=-0.00
[INFO] [1778711227.390445422] [centerline_scan_node]: Mode=ALIGN_AISLE | x=-0.00, y=0.00, yaw=-0.00
[INFO] [1778711227.486029708] [centerline_scan_node]: Mode=ALIGN_AISLE | x=-0.00, y=0.00, yaw=-0.00
[INFO] [1778711227.587148622] [centerline_scan_node]: Mode=ALIGN_AISLE | x=-0.00, y=0.00, yaw=-0.00
[INFO] [1778711227.686936390] [centerline_scan_node]: Mode=ALIGN_AISLE | x=-0.00, y=0.00, yaw=-0.00
[INFO] [1778711227.835466282] [centerline_scan_node]: Mode=ALIGN_AISLE | x=-0.00, y=0.00, yaw=-0.00
[INFO] [1778711227.887150858] [centerline_scan_node]: Mode=ALIGN_AISLE | x=-0.00, y=0.00, yaw=-0.00
[INFO] [1778711227.998298299] [centerline_scan_node]: Mode=ALIGN_AISLE | x=-0.00, y=0.00, yaw=-0.00
[INFO] [1778711228.094552768] [centerline_scan_node]: Mode=ALIGN_AISLE | x=-0.00, y=0.00, yaw=-0.00
[INFO] [1778711228.185952898] [centerline_scan_node]: Mode=ALIGN_AISLE | x=-0.00, y=0.00, yaw=-0.00
[INFO] [1778711228.292790868] [centerline_scan_node]: Mode=ALIGN_AISLE | x=-0.00, y=0.00, yaw=-0.00
[INFO] [1778711228.385960081] [centerline_scan_node]: Mode=ALIGN_AISLE | x=-0.00, y=0.00, yaw=-0.00
[INFO] [1778711228.491714489] [centerline_scan_node]: Mode=ALIGN_AISLE | x=-0.00, y=0.00, yaw=-0.00
[INFO] [1778711228.588982422] [centerline_scan_node]: Mode=ALIGN_AISLE | x=-0.00, y=0.00, yaw=-0.00
[INFO] [1778711228.688493431] [centerline_scan_node]: Mode=ALIGN_AISLE | x=-0.00, y=0.00, yaw=-0.00
[INFO] [1778711228.786522581] [centerline_scan_node]: Mode=ALIGN_AISLE | x=-0.00, y=0.00, yaw=-0.00
[INFO] [1778711228.886067040] [centerline_scan_node]: Mode=ALIGN_AISLE | x=-0.00, y=0.00, yaw=-0.00
[INFO] [1778711228.991258088] [centerline_scan_node]: Mode=ALIGN_AISLE | x=-0.00, y=0.00, yaw=-0.00
[INFO] [1778711229.095495965] [centerline_scan_node]: Mode=ALIGN_AISLE | x=-0.00, y=0.00, yaw=-0.00
[INFO] [1778711229.186271380] [centerline_scan_node]: Mode=ALIGN_AISLE | x=-0.00, y=0.00, yaw=-0.00
[INFO] [1778711229.295759595] [centerline_scan_node]: Mode=ALIGN_AISLE | x=-0.00, y=0.00, yaw=-0.00
[INFO] [1778711229.390154138] [centerline_scan_node]: Mode=ALIGN_AISLE | x=-0.00, y=0.00, yaw=-0.00
[INFO] [1778711229.498578516] [centerline_scan_node]: Mode=ALIGN_AISLE | x=-0.00, y=0.00, yaw=-0.00
[INFO] [1778711229.587522526] [centerline_scan_node]: Mode=ALIGN_AISLE | x=-0.00, y=0.00, yaw=-0.00
[INFO] [1778711229.707922436] [centerline_scan_node]: Mode=ALIGN_AISLE | x=-0.00, y=0.00, yaw=-0.00
[INFO] [1778711229.801820905] [centerline_scan_node]: Mode=ALIGN_AISLE | x=-0.00, y=0.00, yaw=-0.00
[INFO] [1778711229.896084379] [centerline_scan_node]: Mode=ALIGN_AISLE | x=-0.00, y=0.00, yaw=-0.00
[INFO] [1778711229.990995883] [centerline_scan_node]: Mode=ALIGN_AISLE | x=-0.00, y=0.00, yaw=-0.00
[INFO] [1778711230.095720843] [centerline_scan_node]: Mode=ALIGN_AISLE | x=-0.00, y=0.00, yaw=-0.00
[INFO] [1778711230.188282749] [centerline_scan_node]: Mode=ALIGN_AISLE | x=-0.00, y=0.00, yaw=-0.00
[INFO] [1778711230.297898166] [centerline_scan_node]: Mode=ALIGN_AISLE | x=-0.00, y=0.00, yaw=-0.00
[INFO] [1778711230.388467069] [centerline_scan_node]: Mode=ALIGN_AISLE | x=-0.00, y=0.00, yaw=-0.00
[INFO] [1778711230.488889423] [centerline_scan_node]: Mode=ALIGN_AISLE | x=-0.00, y=0.00, yaw=-0.00
[INFO] [1778711230.587979443] [centerline_scan_node]: Mode=ALIGN_AISLE | x=-0.00, y=0.00, yaw=-0.00
[INFO] [1778711230.687979705] [centerline_scan_node]: Mode=ALIGN_AISLE | x=-0.00, y=0.00, yaw=-0.00
[INFO] [1778711230.819190777] [centerline_scan_node]: Mode=ALIGN_AISLE | x=-0.00, y=0.00, yaw=-0.00
[INFO] [1778711230.887123966] [centerline_scan_node]: Mode=ALIGN_AISLE | x=-0.00, y=0.00, yaw=-0.00
[INFO] [1778711230.993484662] [centerline_scan_node]: Mode=ALIGN_AISLE | x=-0.00, y=0.00, yaw=-0.00
[INFO] [1778711231.089737617] [centerline_scan_node]: Mode=ALIGN_AISLE | x=-0.00, y=0.00, yaw=-0.00
[INFO] [1778711231.188857032] [centerline_scan_node]: Mode=ALIGN_AISLE | x=-0.00, y=0.00, yaw=-0.00
[INFO] [1778711231.291396800] [centerline_scan_node]: Mode=ALIGN_AISLE | x=-0.00, y=0.00, yaw=-0.00
[INFO] [1778711231.401849252] [centerline_scan_node]: Mode=ALIGN_AISLE | x=-0.00, y=0.00, yaw=-0.00
[INFO] [1778711231.492738371] [centerline_scan_node]: Mode=ALIGN_AISLE | x=-0.00, y=0.00, yaw=-0.00
[INFO] [1778711231.588373679] [centerline_scan_node]: Mode=ALIGN_AISLE | x=-0.00, y=0.00, yaw=-0.00
[INFO] [1778711231.689184577] [centerline_scan_node]: Mode=ALIGN_AISLE | x=-0.00, y=0.00, yaw=-0.00
[INFO] [1778711231.789792929] [centerline_scan_node]: Mode=ALIGN_AISLE | x=-0.00, y=0.00, yaw=-0.00
[INFO] [1778711231.899810957] [centerline_scan_node]: Mode=ALIGN_AISLE | x=-0.00, y=0.00, yaw=-0.00
[INFO] [1778711231.986297300] [centerline_scan_node]: Mode=ALIGN_AISLE | x=-0.00, y=0.00, yaw=-0.00
[INFO] [1778711232.105641555] [centerline_scan_node]: Mode=ALIGN_AISLE | x=-0.00, y=0.00, yaw=-0.00
[INFO] [1778711232.185257092] [centerline_scan_node]: Mode=ALIGN_AISLE | x=-0.00, y=0.00, yaw=-0.00
[INFO] [1778711232.292583839] [centerline_scan_node]: Mode=ALIGN_AISLE | x=-0.00, y=0.00, yaw=-0.00
[INFO] [1778711232.388608490] [centerline_scan_node]: Mode=ALIGN_AISLE | x=-0.00, y=0.00, yaw=-0.00
[INFO] [1778711232.497342065] [centerline_scan_node]: Mode=ALIGN_AISLE | x=-0.00, y=0.00, yaw=-0.00
[INFO] [1778711232.589397548] [centerline_scan_node]: Mode=ALIGN_AISLE | x=-0.00, y=0.00, yaw=-0.00
[INFO] [1778711232.701880074] [centerline_scan_node]: Mode=ALIGN_AISLE | x=-0.00, y=0.00, yaw=-0.00
[INFO] [1778711232.788283950] [centerline_scan_node]: Mode=ALIGN_AISLE | x=-0.00, y=0.00, yaw=-0.00
[INFO] [1778711232.898773976] [centerline_scan_node]: Mode=ALIGN_AISLE | x=-0.00, y=0.00, yaw=-0.00
[INFO] [1778711233.028010711] [centerline_scan_node]: Mode=ALIGN_AISLE | x=-0.00, y=0.00, yaw=-0.00
[INFO] [1778711233.090394168] [centerline_scan_node]: Mode=ALIGN_AISLE | x=-0.00, y=0.00, yaw=-0.00
[INFO] [1778711233.188226108] [centerline_scan_node]: Mode=ALIGN_AISLE | x=-0.00, y=0.00, yaw=-0.00
[INFO] [1778711233.290192238] [centerline_scan_node]: Mode=ALIGN_AISLE | x=-0.00, y=0.00, yaw=-0.00
[INFO] [1778711233.393949443] [centerline_scan_node]: Mode=ALIGN_AISLE | x=-0.00, y=0.00, yaw=-0.00
[INFO] [1778711233.496727865] [centerline_scan_node]: Mode=ALIGN_AISLE | x=-0.00, y=0.00, yaw=-0.00
[INFO] [1778711233.592759967] [centerline_scan_node]: Mode=ALIGN_AISLE | x=-0.00, y=0.00, yaw=-0.00
[INFO] [1778711233.686725248] [centerline_scan_node]: Mode=ALIGN_AISLE | x=-0.00, y=0.00, yaw=-0.00
[INFO] [1778711233.798533082] [centerline_scan_node]: Mode=ALIGN_AISLE | x=-0.00, y=0.00, yaw=-0.00
[INFO] [1778711233.901750587] [centerline_scan_node]: Mode=ALIGN_AISLE | x=-0.00, y=0.00, yaw=-0.00
[INFO] [1778711233.997517593] [centerline_scan_node]: Mode=ALIGN_AISLE | x=-0.00, y=0.00, yaw=-0.00
[INFO] [1778711234.093186838] [centerline_scan_node]: Mode=ALIGN_AISLE | x=-0.00, y=0.00, yaw=-0.00
[INFO] [1778711234.187549212] [centerline_scan_node]: Mode=ALIGN_AISLE | x=-0.00, y=0.00, yaw=-0.00
[INFO] [1778711234.287512983] [centerline_scan_node]: Mode=ALIGN_AISLE | x=-0.00, y=0.00, yaw=-0.00
[INFO] [1778711234.395319141] [centerline_scan_node]: Mode=ALIGN_AISLE | x=-0.00, y=0.00, yaw=-0.00
[INFO] [1778711234.491487556] [centerline_scan_node]: Mode=ALIGN_AISLE | x=-0.00, y=0.00, yaw=-0.00
[INFO] [1778711234.586875657] [centerline_scan_node]: Mode=ALIGN_AISLE | x=-0.00, y=0.00, yaw=-0.00
[INFO] [1778711234.693433067] [centerline_scan_node]: Mode=ALIGN_AISLE | x=-0.00, y=0.00, yaw=-0.00
[INFO] [1778711234.785760920] [centerline_scan_node]: Mode=ALIGN_AISLE | x=-0.00, y=0.00, yaw=-0.00
[INFO] [1778711234.889261505] [centerline_scan_node]: Mode=ALIGN_AISLE | x=-0.00, y=0.00, yaw=-0.00
[INFO] [1778711235.013956740] [centerline_scan_node]: Mode=ALIGN_AISLE | x=-0.00, y=0.00, yaw=-0.00
[INFO] [1778711235.090941011] [centerline_scan_node]: Mode=ALIGN_AISLE | x=-0.00, y=0.00, yaw=-0.00
[INFO] [1778711235.194429408] [centerline_scan_node]: Mode=ALIGN_AISLE | x=-0.00, y=0.00, yaw=-0.00
[INFO] [1778711235.286681465] [centerline_scan_node]: Mode=ALIGN_AISLE | x=-0.00, y=0.00, yaw=-0.00
[INFO] [1778711235.389976440] [centerline_scan_node]: Mode=ALIGN_AISLE | x=-0.00, y=0.00, yaw=-0.00
[INFO] [1778711235.488054740] [centerline_scan_node]: Mode=ALIGN_AISLE | x=-0.00, y=0.00, yaw=-0.00
[INFO] [1778711235.587000806] [centerline_scan_node]: Mode=ALIGN_AISLE | x=-0.00, y=0.00, yaw=-0.00
[INFO] [1778711235.691635684] [centerline_scan_node]: Mode=ALIGN_AISLE | x=-0.00, y=0.00, yaw=-0.00
[INFO] [1778711235.788940915] [centerline_scan_node]: Mode=ALIGN_AISLE | x=-0.00, y=0.00, yaw=-0.00
[INFO] [1778711235.899110872] [centerline_scan_node]: Mode=ALIGN_AISLE | x=-0.00, y=0.00, yaw=-0.00
[INFO] [1778711235.991817008] [centerline_scan_node]: Mode=ALIGN_AISLE | x=-0.00, y=0.00, yaw=-0.00
[INFO] [1778711236.089723249] [centerline_scan_node]: Mode=ALIGN_AISLE | x=-0.00, y=0.00, yaw=-0.00
[INFO] [1778711236.188424349] [centerline_scan_node]: Mode=ALIGN_AISLE | x=-0.00, y=0.00, yaw=-0.00
[INFO] [1778711236.295965752] [centerline_scan_node]: Mode=ALIGN_AISLE | x=-0.00, y=0.00, yaw=-0.00
[INFO] [1778711236.395720741] [centerline_scan_node]: Mode=ALIGN_AISLE | x=-0.00, y=0.00, yaw=-0.00
[INFO] [1778711236.488533275] [centerline_scan_node]: Mode=ALIGN_AISLE | x=-0.00, y=0.00, yaw=-0.00
[INFO] [1778711236.592855259] [centerline_scan_node]: Mode=ALIGN_AISLE | x=-0.00, y=0.00, yaw=-0.00
[INFO] [1778711236.697044664] [centerline_scan_node]: Mode=ALIGN_AISLE | x=-0.00, y=0.00, yaw=-0.00
[INFO] [1778711236.841954225] [centerline_scan_node]: Mode=ALIGN_AISLE | x=-0.00, y=0.00, yaw=-0.00
[INFO] [1778711236.890567236] [centerline_scan_node]: Mode=ALIGN_AISLE | x=-0.00, y=0.00, yaw=-0.00
[INFO] [1778711236.986993869] [centerline_scan_node]: Mode=ALIGN_AISLE | x=-0.00, y=0.00, yaw=-0.00
[INFO] [1778711237.095311231] [centerline_scan_node]: Mode=ALIGN_AISLE | x=-0.00, y=0.00, yaw=-0.00
[INFO] [1778711237.195394577] [centerline_scan_node]: Mode=ALIGN_AISLE | x=-0.00, y=0.00, yaw=-0.00
[INFO] [1778711237.287234626] [centerline_scan_node]: Mode=ALIGN_AISLE | x=-0.00, y=0.00, yaw=-0.00
[INFO] [1778711237.397268386] [centerline_scan_node]: Mode=ALIGN_AISLE | x=-0.00, y=0.00, yaw=-0.00
[INFO] [1778711237.487073756] [centerline_scan_node]: Mode=ALIGN_AISLE | x=-0.00, y=0.00, yaw=-0.00
[INFO] [1778711237.587789577] [centerline_scan_node]: Mode=ALIGN_AISLE | x=-0.00, y=0.00, yaw=-0.00
[INFO] [1778711237.688726121] [centerline_scan_node]: Mode=ALIGN_AISLE | x=-0.00, y=0.00, yaw=-0.00
[INFO] [1778711237.788302116] [centerline_scan_node]: Mode=ALIGN_AISLE | x=-0.00, y=0.00, yaw=-0.00
[INFO] [1778711237.960463548] [centerline_scan_node]: Mode=ALIGN_AISLE | x=-0.00, y=0.00, yaw=-0.00
[INFO] [1778711238.012887100] [centerline_scan_node]: Mode=ALIGN_AISLE | x=-0.00, y=0.00, yaw=-0.00
[INFO] [1778711238.101330567] [centerline_scan_node]: Mode=ALIGN_AISLE | x=-0.00, y=0.00, yaw=-0.00
[INFO] [1778711238.199383006] [centerline_scan_node]: Mode=ALIGN_AISLE | x=-0.00, y=0.00, yaw=-0.00
[INFO] [1778711238.292638129] [centerline_scan_node]: Mode=ALIGN_AISLE | x=-0.00, y=0.00, yaw=-0.00
[INFO] [1778711238.387125340] [centerline_scan_node]: Mode=ALIGN_AISLE | x=-0.00, y=0.00, yaw=-0.00
[INFO] [1778711238.488873013] [centerline_scan_node]: Mode=ALIGN_AISLE | x=-0.00, y=0.00, yaw=-0.00
[INFO] [1778711238.590461424] [centerline_scan_node]: Mode=ALIGN_AISLE | x=-0.00, y=0.00, yaw=-0.00
[INFO] [1778711238.690703974] [centerline_scan_node]: Mode=ALIGN_AISLE | x=-0.00, y=0.00, yaw=-0.00
[INFO] [1778711238.805597417] [centerline_scan_node]: Mode=ALIGN_AISLE | x=-0.00, y=0.00, yaw=-0.00
[INFO] [1778711238.893368362] [centerline_scan_node]: Mode=ALIGN_AISLE | x=-0.00, y=0.00, yaw=-0.00
[INFO] [1778711238.991035837] [centerline_scan_node]: Mode=ALIGN_AISLE | x=-0.00, y=0.00, yaw=-0.00
[INFO] [1778711239.090035376] [centerline_scan_node]: Mode=ALIGN_AISLE | x=-0.00, y=0.00, yaw=-0.00
[INFO] [1778711239.190659060] [centerline_scan_node]: Mode=ALIGN_AISLE | x=-0.00, y=0.00, yaw=-0.00
[INFO] [1778711239.330506431] [centerline_scan_node]: Mode=ALIGN_AISLE | x=-0.00, y=0.00, yaw=-0.00
[INFO] [1778711239.393440886] [centerline_scan_node]: Mode=ALIGN_AISLE | x=-0.00, y=0.00, yaw=-0.00
[INFO] [1778711239.488211993] [centerline_scan_node]: Mode=ALIGN_AISLE | x=-0.00, y=0.00, yaw=-0.00
[INFO] [1778711239.593423747] [centerline_scan_node]: Mode=ALIGN_AISLE | x=-0.00, y=0.00, yaw=-0.00
[INFO] [1778711239.691171343] [centerline_scan_node]: Mode=ALIGN_AISLE | x=-0.00, y=0.00, yaw=-0.00
[INFO] [1778711239.789156961] [centerline_scan_node]: Mode=ALIGN_AISLE | x=-0.00, y=0.00, yaw=-0.00
[INFO] [1778711239.891104295] [centerline_scan_node]: Mode=ALIGN_AISLE | x=-0.00, y=0.00, yaw=-0.00
[INFO] [1778711240.016244885] [centerline_scan_node]: Mode=ALIGN_AISLE | x=-0.00, y=0.00, yaw=-0.00
[INFO] [1778711240.090588892] [centerline_scan_node]: Mode=ALIGN_AISLE | x=-0.00, y=0.00, yaw=-0.00
[INFO] [1778711240.189461639] [centerline_scan_node]: Mode=ALIGN_AISLE | x=-0.00, y=0.00, yaw=-0.00
[INFO] [1778711240.295957203] [centerline_scan_node]: Mode=ALIGN_AISLE | x=-0.00, y=0.00, yaw=-0.00
[INFO] [1778711240.403531748] [centerline_scan_node]: Mode=ALIGN_AISLE | x=-0.00, y=0.00, yaw=-0.00
[INFO] [1778711240.496836411] [centerline_scan_node]: Mode=ALIGN_AISLE | x=-0.00, y=0.00, yaw=-0.00
[INFO] [1778711240.594293626] [centerline_scan_node]: Mode=ALIGN_AISLE | x=-0.00, y=0.00, yaw=-0.00
[INFO] [1778711240.692734846] [centerline_scan_node]: Mode=ALIGN_AISLE | x=-0.00, y=0.00, yaw=-0.00
[INFO] [1778711240.789066857] [centerline_scan_node]: Mode=ALIGN_AISLE | x=-0.00, y=0.00, yaw=-0.00
[INFO] [1778711240.892314713] [centerline_scan_node]: Mode=ALIGN_AISLE | x=-0.00, y=0.00, yaw=-0.00
[INFO] [1778711240.989216479] [centerline_scan_node]: Mode=ALIGN_AISLE | x=-0.00, y=0.00, yaw=-0.00
[INFO] [1778711241.103641240] [centerline_scan_node]: Mode=ALIGN_AISLE | x=-0.00, y=0.00, yaw=-0.00
[INFO] [1778711241.192553186] [centerline_scan_node]: Mode=ALIGN_AISLE | x=-0.00, y=0.00, yaw=-0.00
[INFO] [1778711241.318417621] [centerline_scan_node]: Mode=ALIGN_AISLE | x=-0.00, y=0.00, yaw=-0.00
[INFO] [1778711241.389634598] [centerline_scan_node]: Mode=ALIGN_AISLE | x=-0.00, y=0.00, yaw=-0.00
[INFO] [1778711241.494180917] [centerline_scan_node]: Mode=ALIGN_AISLE | x=-0.00, y=0.00, yaw=-0.00
[INFO] [1778711241.590984692] [centerline_scan_node]: Mode=ALIGN_AISLE | x=-0.00, y=0.00, yaw=-0.00
[INFO] [1778711241.690881055] [centerline_scan_node]: Mode=ALIGN_AISLE | x=-0.00, y=0.00, yaw=-0.00
[INFO] [1778711241.786885241] [centerline_scan_node]: Mode=ALIGN_AISLE | x=-0.00, y=0.00, yaw=-0.00
[INFO] [1778711241.901629966] [centerline_scan_node]: Mode=ALIGN_AISLE | x=-0.00, y=0.00, yaw=-0.00
[INFO] [1778711242.000154922] [centerline_scan_node]: Mode=ALIGN_AISLE | x=-0.00, y=0.00, yaw=-0.00
[INFO] [1778711242.100837626] [centerline_scan_node]: Mode=ALIGN_AISLE | x=-0.00, y=0.00, yaw=-0.00
[INFO] [1778711242.197986246] [centerline_scan_node]: Mode=ALIGN_AISLE | x=-0.00, y=0.00, yaw=-0.00
[INFO] [1778711242.291550338] [centerline_scan_node]: Mode=ALIGN_AISLE | x=-0.00, y=0.00, yaw=-0.00
[INFO] [1778711242.390884301] [centerline_scan_node]: Mode=ALIGN_AISLE | x=-0.00, y=0.00, yaw=-0.00
[INFO] [1778711242.509129625] [centerline_scan_node]: Mode=ALIGN_AISLE | x=-0.00, y=0.00, yaw=-0.00
[INFO] [1778711242.606945626] [centerline_scan_node]: Mode=ALIGN_AISLE | x=-0.00, y=0.00, yaw=-0.00
[INFO] [1778711242.698136387] [centerline_scan_node]: Mode=ALIGN_AISLE | x=-0.00, y=0.00, yaw=-0.00
[INFO] [1778711242.797868832] [centerline_scan_node]: Mode=ALIGN_AISLE | x=-0.00, y=0.00, yaw=-0.00
[INFO] [1778711242.892008927] [centerline_scan_node]: Mode=ALIGN_AISLE | x=-0.00, y=0.00, yaw=-0.00
[INFO] [1778711242.997645914] [centerline_scan_node]: Mode=ALIGN_AISLE | x=-0.00, y=0.00, yaw=-0.00
[INFO] [1778711243.154775210] [centerline_scan_node]: Mode=ALIGN_AISLE | x=-0.00, y=0.00, yaw=-0.00
[INFO] [1778711243.220047461] [centerline_scan_node]: Mode=ALIGN_AISLE | x=-0.00, y=0.00, yaw=-0.00
[INFO] [1778711243.292063978] [centerline_scan_node]: Mode=ALIGN_AISLE | x=-0.00, y=0.00, yaw=-0.00
[INFO] [1778711243.389526105] [centerline_scan_node]: Mode=ALIGN_AISLE | x=-0.00, y=0.00, yaw=-0.00
[INFO] [1778711243.488268802] [centerline_scan_node]: Mode=ALIGN_AISLE | x=-0.00, y=0.00, yaw=-0.00
[INFO] [1778711243.598072403] [centerline_scan_node]: Mode=ALIGN_AISLE | x=-0.00, y=0.00, yaw=-0.00
[INFO] [1778711243.689100287] [centerline_scan_node]: Mode=ALIGN_AISLE | x=-0.00, y=0.00, yaw=-0.00
[INFO] [1778711243.799475819] [centerline_scan_node]: Mode=ALIGN_AISLE | x=-0.00, y=0.00, yaw=-0.00
[INFO] [1778711243.903480540] [centerline_scan_node]: Mode=ALIGN_AISLE | x=-0.00, y=0.00, yaw=-0.00
[INFO] [1778711243.992601814] [centerline_scan_node]: Mode=ALIGN_AISLE | x=-0.00, y=0.00, yaw=-0.00
[INFO] [1778711244.090558465] [centerline_scan_node]: Mode=ALIGN_AISLE | x=-0.00, y=0.00, yaw=-0.00
[INFO] [1778711244.200372347] [centerline_scan_node]: Mode=ALIGN_AISLE | x=-0.00, y=0.00, yaw=-0.00
[INFO] [1778711244.287731762] [centerline_scan_node]: Mode=ALIGN_AISLE | x=-0.00, y=0.00, yaw=-0.00
[INFO] [1778711244.401767439] [centerline_scan_node]: Mode=ALIGN_AISLE | x=-0.00, y=0.00, yaw=-0.00
[INFO] [1778711244.492288858] [centerline_scan_node]: Mode=ALIGN_AISLE | x=-0.00, y=0.00, yaw=-0.00
[INFO] [1778711244.588686158] [centerline_scan_node]: Mode=ALIGN_AISLE | x=-0.00, y=0.00, yaw=-0.00
[INFO] [1778711244.696627629] [centerline_scan_node]: Mode=ALIGN_AISLE | x=-0.00, y=0.00, yaw=-0.00
[INFO] [1778711244.791482036] [centerline_scan_node]: Mode=ALIGN_AISLE | x=-0.00, y=0.00, yaw=-0.00
[INFO] [1778711244.890165066] [centerline_scan_node]: Mode=ALIGN_AISLE | x=-0.00, y=0.00, yaw=-0.00
[INFO] [1778711244.990908834] [centerline_scan_node]: Mode=ALIGN_AISLE | x=-0.00, y=0.00, yaw=-0.00
[INFO] [1778711245.087668115] [centerline_scan_node]: Mode=ALIGN_AISLE | x=-0.00, y=0.00, yaw=-0.00
[INFO] [1778711245.193959499] [centerline_scan_node]: Mode=ALIGN_AISLE | x=-0.00, y=0.00, yaw=-0.00
[INFO] [1778711245.286319021] [centerline_scan_node]: Mode=ALIGN_AISLE | x=-0.00, y=0.00, yaw=-0.00
[INFO] [1778711245.400495210] [centerline_scan_node]: Mode=ALIGN_AISLE | x=-0.00, y=0.00, yaw=-0.00
[INFO] [1778711246.231471876] [centerline_scan_node]: Mode=ALIGN_AISLE | x=-0.00, y=0.00, yaw=-0.00
[INFO] [1778711246.291164973] [centerline_scan_node]: Mode=ALIGN_AISLE | x=-0.00, y=0.00, yaw=-0.00
[INFO] [1778711246.443009585] [centerline_scan_node]: Mode=ALIGN_AISLE | x=-0.00, y=0.00, yaw=-0.00
[INFO] [1778711246.492103241] [centerline_scan_node]: Mode=ALIGN_AISLE | x=-0.00, y=0.00, yaw=-0.00
[INFO] [1778711246.591446458] [centerline_scan_node]: Mode=ALIGN_AISLE | x=-0.00, y=0.00, yaw=-0.00
[INFO] [1778711246.689037485] [centerline_scan_node]: Mode=ALIGN_AISLE | x=-0.00, y=0.00, yaw=-0.00
[INFO] [1778711246.801822101] [centerline_scan_node]: Mode=ALIGN_AISLE | x=-0.00, y=0.00, yaw=-0.00
[INFO] [1778711246.892515547] [centerline_scan_node]: Mode=ALIGN_AISLE | x=-0.00, y=0.00, yaw=-0.00
[INFO] [1778711246.991454391] [centerline_scan_node]: Mode=ALIGN_AISLE | x=-0.00, y=0.00, yaw=-0.00
[INFO] [1778711247.089846206] [centerline_scan_node]: Mode=ALIGN_AISLE | x=-0.00, y=0.00, yaw=-0.00
[INFO] [1778711247.191546971] [centerline_scan_node]: Mode=ALIGN_AISLE | x=-0.00, y=0.00, yaw=-0.00
[INFO] [1778711247.288062489] [centerline_scan_node]: Mode=ALIGN_AISLE | x=-0.00, y=0.00, yaw=-0.00
[INFO] [1778711247.389820438] [centerline_scan_node]: Mode=ALIGN_AISLE | x=-0.00, y=0.00, yaw=-0.00
[INFO] [1778711247.486893998] [centerline_scan_node]: Mode=ALIGN_AISLE | x=-0.00, y=0.00, yaw=-0.00
[INFO] [1778711247.591477806] [centerline_scan_node]: Mode=ALIGN_AISLE | x=-0.00, y=0.00, yaw=-0.00
[INFO] [1778711247.698619565] [centerline_scan_node]: Mode=ALIGN_AISLE | x=-0.00, y=0.00, yaw=-0.00
[INFO] [1778711247.825882650] [centerline_scan_node]: Mode=ALIGN_AISLE | x=-0.00, y=0.00, yaw=-0.00
[INFO] [1778711247.892420630] [centerline_scan_node]: Mode=ALIGN_AISLE | x=-0.00, y=0.00, yaw=-0.00
[INFO] [1778711247.989359894] [centerline_scan_node]: Mode=ALIGN_AISLE | x=-0.00, y=0.00, yaw=-0.00
[INFO] [1778711248.094308867] [centerline_scan_node]: Mode=ALIGN_AISLE | x=-0.00, y=0.00, yaw=-0.00
[INFO] [1778711248.191286378] [centerline_scan_node]: Mode=ALIGN_AISLE | x=-0.00, y=0.00, yaw=-0.00
[INFO] [1778711248.288253888] [centerline_scan_node]: Mode=ALIGN_AISLE | x=-0.00, y=0.00, yaw=-0.00
[INFO] [1778711248.386951396] [centerline_scan_node]: Mode=ALIGN_AISLE | x=-0.00, y=0.00, yaw=-0.00
[INFO] [1778711248.498275231] [centerline_scan_node]: Mode=ALIGN_AISLE | x=-0.00, y=0.00, yaw=-0.00
[INFO] [1778711248.605830210] [centerline_scan_node]: Mode=ALIGN_AISLE | x=-0.00, y=0.00, yaw=-0.00
[INFO] [1778711248.688133686] [centerline_scan_node]: Mode=ALIGN_AISLE | x=-0.00, y=0.00, yaw=-0.00
[INFO] [1778711248.795707568] [centerline_scan_node]: Mode=ALIGN_AISLE | x=-0.00, y=0.00, yaw=-0.00
[INFO] [1778711248.891053396] [centerline_scan_node]: Mode=ALIGN_AISLE | x=-0.00, y=0.00, yaw=-0.00
[INFO] [1778711248.990819989] [centerline_scan_node]: Mode=ALIGN_AISLE | x=-0.00, y=0.00, yaw=-0.00
[INFO] [1778711249.113712926] [centerline_scan_node]: Mode=ALIGN_AISLE | x=-0.00, y=0.00, yaw=-0.00
[INFO] [1778711249.197891270] [centerline_scan_node]: Mode=ALIGN_AISLE | x=-0.00, y=0.00, yaw=-0.00
[INFO] [1778711249.344091421] [centerline_scan_node]: Mode=ALIGN_AISLE | x=-0.00, y=0.00, yaw=-0.00
[INFO] [1778711249.395073084] [centerline_scan_node]: Mode=ALIGN_AISLE | x=-0.00, y=0.00, yaw=-0.00
[INFO] [1778711249.495819256] [centerline_scan_node]: Mode=ALIGN_AISLE | x=-0.00, y=0.00, yaw=-0.00
[INFO] [1778711249.611722973] [centerline_scan_node]: Mode=ALIGN_AISLE | x=-0.00, y=0.00, yaw=-0.00
[INFO] [1778711249.708890674] [centerline_scan_node]: Mode=ALIGN_AISLE | x=-0.00, y=0.00, yaw=-0.00
[INFO] [1778711249.794096609] [centerline_scan_node]: Mode=ALIGN_AISLE | x=-0.00, y=0.00, yaw=-0.00
[INFO] [1778711249.891124626] [centerline_scan_node]: Mode=ALIGN_AISLE | x=-0.00, y=0.00, yaw=-0.00
[INFO] [1778711249.989016351] [centerline_scan_node]: Mode=ALIGN_AISLE | x=-0.00, y=0.00, yaw=-0.00
[INFO] [1778711250.100703537] [centerline_scan_node]: Mode=ALIGN_AISLE | x=-0.00, y=0.00, yaw=-0.00
[INFO] [1778711250.201501510] [centerline_scan_node]: Mode=ALIGN_AISLE | x=-0.00, y=0.00, yaw=-0.00
[INFO] [1778711250.376985096] [centerline_scan_node]: Mode=ALIGN_AISLE | x=-0.00, y=0.00, yaw=-0.00
[INFO] [1778711250.429964893] [centerline_scan_node]: Mode=ALIGN_AISLE | x=-0.00, y=0.00, yaw=-0.00
[INFO] [1778711250.490308967] [centerline_scan_node]: Mode=ALIGN_AISLE | x=-0.00, y=0.00, yaw=-0.00
[INFO] [1778711250.611504706] [centerline_scan_node]: Mode=ALIGN_AISLE | x=-0.00, y=0.00, yaw=-0.00
[INFO] [1778711250.693801632] [centerline_scan_node]: Mode=ALIGN_AISLE | x=-0.00, y=0.00, yaw=-0.00
[INFO] [1778711250.792273687] [centerline_scan_node]: Mode=ALIGN_AISLE | x=-0.00, y=0.00, yaw=-0.00
[INFO] [1778711250.900383101] [centerline_scan_node]: Mode=ALIGN_AISLE | x=-0.00, y=0.00, yaw=-0.00
[INFO] [1778711250.988217145] [centerline_scan_node]: Mode=ALIGN_AISLE | x=-0.00, y=0.00, yaw=-0.00
[INFO] [1778711251.145863988] [centerline_scan_node]: Mode=ALIGN_AISLE | x=-0.00, y=0.00, yaw=-0.00
[INFO] [1778711251.196548293] [centerline_scan_node]: Mode=ALIGN_AISLE | x=-0.00, y=0.00, yaw=-0.00
[INFO] [1778711251.301937184] [centerline_scan_node]: Mode=ALIGN_AISLE | x=-0.00, y=0.00, yaw=-0.00
[INFO] [1778711251.394376111] [centerline_scan_node]: Mode=ALIGN_AISLE | x=-0.00, y=0.00, yaw=-0.00
[INFO] [1778711251.487032087] [centerline_scan_node]: Mode=ALIGN_AISLE | x=-0.00, y=0.00, yaw=-0.00
[INFO] [1778711251.592475993] [centerline_scan_node]: Mode=ALIGN_AISLE | x=-0.00, y=0.00, yaw=-0.00
[INFO] [1778711251.690904461] [centerline_scan_node]: Mode=ALIGN_AISLE | x=-0.00, y=0.00, yaw=-0.00
[INFO] [1778711251.850190133] [centerline_scan_node]: Mode=ALIGN_AISLE | x=-0.00, y=0.00, yaw=-0.00
[INFO] [1778711251.914026734] [centerline_scan_node]: Mode=ALIGN_AISLE | x=-0.00, y=0.00, yaw=-0.00
[INFO] [1778711251.995676397] [centerline_scan_node]: Mode=ALIGN_AISLE | x=-0.00, y=0.00, yaw=-0.00
[INFO] [1778711252.108150721] [centerline_scan_node]: Mode=ALIGN_AISLE | x=-0.00, y=0.00, yaw=-0.00
[INFO] [1778711252.209771182] [centerline_scan_node]: Mode=ALIGN_AISLE | x=-0.00, y=0.00, yaw=-0.00
[INFO] [1778711252.294478726] [centerline_scan_node]: Mode=ALIGN_AISLE | x=-0.00, y=0.00, yaw=-0.00
[INFO] [1778711252.432721213] [centerline_scan_node]: Mode=ALIGN_AISLE | x=-0.00, y=0.00, yaw=-0.00
[INFO] [1778711252.506609606] [centerline_scan_node]: Mode=ALIGN_AISLE | x=-0.00, y=0.00, yaw=-0.00
[INFO] [1778711252.590111454] [centerline_scan_node]: Mode=ALIGN_AISLE | x=-0.00, y=0.00, yaw=-0.00
[INFO] [1778711252.689934910] [centerline_scan_node]: Mode=ALIGN_AISLE | x=-0.00, y=0.00, yaw=-0.00
[INFO] [1778711252.793849059] [centerline_scan_node]: Mode=ALIGN_AISLE | x=-0.00, y=0.00, yaw=-0.00
[INFO] [1778711252.896757066] [centerline_scan_node]: Mode=ALIGN_AISLE | x=-0.00, y=0.00, yaw=-0.00
[INFO] [1778711253.012222788] [centerline_scan_node]: Mode=ALIGN_AISLE | x=-0.00, y=0.00, yaw=-0.00
[INFO] [1778711253.110745059] [centerline_scan_node]: Mode=ALIGN_AISLE | x=-0.00, y=0.00, yaw=-0.00
[INFO] [1778711253.202271277] [centerline_scan_node]: Mode=ALIGN_AISLE | x=-0.00, y=0.00, yaw=-0.00
[INFO] [1778711253.313999934] [centerline_scan_node]: Mode=ALIGN_AISLE | x=-0.00, y=0.00, yaw=-0.00
[INFO] [1778711253.413529749] [centerline_scan_node]: Mode=ALIGN_AISLE | x=-0.00, y=0.00, yaw=-0.00
[INFO] [1778711253.519899494] [centerline_scan_node]: Mode=ALIGN_AISLE | x=-0.00, y=0.00, yaw=-0.00
[INFO] [1778711253.603922063] [centerline_scan_node]: Mode=ALIGN_AISLE | x=-0.00, y=0.00, yaw=-0.00
[INFO] [1778711253.695417361] [centerline_scan_node]: Mode=ALIGN_AISLE | x=-0.00, y=0.00, yaw=-0.00
[INFO] [1778711253.789857138] [centerline_scan_node]: Mode=ALIGN_AISLE | x=-0.00, y=0.00, yaw=-0.00
[INFO] [1778711253.893035319] [centerline_scan_node]: Mode=ALIGN_AISLE | x=-0.00, y=0.00, yaw=-0.00
[INFO] [1778711254.025617145] [centerline_scan_node]: Mode=ALIGN_AISLE | x=-0.00, y=0.00, yaw=-0.00
[INFO] [1778711254.119010232] [centerline_scan_node]: Mode=ALIGN_AISLE | x=-0.00, y=0.00, yaw=-0.00
[INFO] [1778711254.207615265] [centerline_scan_node]: Mode=ALIGN_AISLE | x=-0.00, y=0.00, yaw=-0.00
[INFO] [1778711254.303316994] [centerline_scan_node]: Mode=ALIGN_AISLE | x=-0.00, y=0.00, yaw=-0.00
[INFO] [1778711254.397398659] [centerline_scan_node]: Mode=ALIGN_AISLE | x=-0.00, y=0.00, yaw=-0.00
[INFO] [1778711254.501131465] [centerline_scan_node]: Mode=ALIGN_AISLE | x=-0.00, y=0.00, yaw=-0.00
[INFO] [1778711254.613861147] [centerline_scan_node]: Mode=ALIGN_AISLE | x=-0.00, y=0.00, yaw=-0.00
[INFO] [1778711254.700330547] [centerline_scan_node]: Mode=ALIGN_AISLE | x=-0.00, y=0.00, yaw=-0.00
[INFO] [1778711254.864929525] [centerline_scan_node]: Mode=ALIGN_AISLE | x=-0.00, y=0.00, yaw=-0.00
[INFO] [1778711254.895175541] [centerline_scan_node]: Mode=ALIGN_AISLE | x=-0.00, y=0.00, yaw=-0.00
[INFO] [1778711254.996960323] [centerline_scan_node]: Mode=ALIGN_AISLE | x=-0.00, y=0.00, yaw=-0.00
[INFO] [1778711255.090042430] [centerline_scan_node]: Mode=ALIGN_AISLE | x=-0.00, y=0.00, yaw=-0.00
[INFO] [1778711255.193360097] [centerline_scan_node]: Mode=ALIGN_AISLE | x=-0.00, y=0.00, yaw=-0.00
[INFO] [1778711255.293606939] [centerline_scan_node]: Mode=ALIGN_AISLE | x=-0.00, y=0.00, yaw=-0.00
[INFO] [1778711255.386327261] [centerline_scan_node]: Mode=ALIGN_AISLE | x=-0.00, y=0.00, yaw=-0.00
[INFO] [1778711255.486322332] [centerline_scan_node]: Mode=ALIGN_AISLE | x=-0.00, y=0.00, yaw=-0.00
[INFO] [1778711255.620947149] [centerline_scan_node]: Mode=ALIGN_AISLE | x=-0.00, y=0.00, yaw=-0.00
[INFO] [1778711255.693768759] [centerline_scan_node]: Mode=ALIGN_AISLE | x=-0.00, y=0.00, yaw=-0.00
[INFO] [1778711255.790567600] [centerline_scan_node]: Mode=ALIGN_AISLE | x=-0.00, y=0.00, yaw=-0.00
[INFO] [1778711255.892388579] [centerline_scan_node]: Mode=ALIGN_AISLE | x=-0.00, y=0.00, yaw=-0.00
[INFO] [1778711255.990745353] [centerline_scan_node]: Mode=ALIGN_AISLE | x=-0.00, y=0.00, yaw=-0.00
[INFO] [1778711256.096765358] [centerline_scan_node]: Mode=ALIGN_AISLE | x=-0.00, y=0.00, yaw=-0.00
[INFO] [1778711256.198781539] [centerline_scan_node]: Mode=ALIGN_AISLE | x=-0.00, y=0.00, yaw=-0.00
[INFO] [1778711256.294441395] [centerline_scan_node]: Mode=ALIGN_AISLE | x=-0.00, y=0.00, yaw=-0.00
[INFO] [1778711256.446744769] [centerline_scan_node]: Mode=ALIGN_AISLE | x=-0.00, y=0.00, yaw=-0.00
[INFO] [1778711256.510644419] [centerline_scan_node]: Mode=ALIGN_AISLE | x=-0.00, y=0.00, yaw=-0.00
[INFO] [1778711256.599440378] [centerline_scan_node]: Mode=ALIGN_AISLE | x=-0.00, y=0.00, yaw=-0.00
[INFO] [1778711256.704718398] [centerline_scan_node]: Mode=ALIGN_AISLE | x=-0.00, y=0.00, yaw=-0.00
[INFO] [1778711256.804625980] [centerline_scan_node]: Mode=ALIGN_AISLE | x=-0.00, y=0.00, yaw=-0.00
[INFO] [1778711256.895973799] [centerline_scan_node]: Mode=ALIGN_AISLE | x=-0.00, y=0.00, yaw=-0.00
[INFO] [1778711256.996548737] [centerline_scan_node]: Mode=ALIGN_AISLE | x=-0.00, y=0.00, yaw=-0.00
[INFO] [1778711257.086716562] [centerline_scan_node]: Mode=ALIGN_AISLE | x=-0.00, y=0.00, yaw=-0.00
[INFO] [1778711257.199325615] [centerline_scan_node]: Mode=ALIGN_AISLE | x=-0.00, y=0.00, yaw=-0.00
[INFO] [1778711257.285650116] [centerline_scan_node]: Mode=ALIGN_AISLE | x=-0.00, y=0.00, yaw=-0.00
[INFO] [1778711257.398580487] [centerline_scan_node]: Mode=ALIGN_AISLE | x=-0.00, y=0.00, yaw=-0.00
[INFO] [1778711257.485540804] [centerline_scan_node]: Mode=ALIGN_AISLE | x=-0.00, y=0.00, yaw=-0.00
[INFO] [1778711257.591902937] [centerline_scan_node]: Mode=ALIGN_AISLE | x=-0.00, y=0.00, yaw=-0.00
[INFO] [1778711257.718360508] [centerline_scan_node]: Mode=ALIGN_AISLE | x=-0.00, y=0.00, yaw=-0.00
[INFO] [1778711257.801622778] [centerline_scan_node]: Mode=ALIGN_AISLE | x=-0.00, y=0.00, yaw=-0.00
[INFO] [1778711257.896351767] [centerline_scan_node]: Mode=ALIGN_AISLE | x=-0.00, y=0.00, yaw=-0.00
[INFO] [1778711257.994536763] [centerline_scan_node]: Mode=ALIGN_AISLE | x=-0.00, y=0.00, yaw=-0.00
[INFO] [1778711258.088031314] [centerline_scan_node]: Mode=ALIGN_AISLE | x=-0.00, y=0.00, yaw=-0.00
[INFO] [1778711258.194172560] [centerline_scan_node]: Mode=ALIGN_AISLE | x=-0.00, y=0.00, yaw=-0.00
[INFO] [1778711258.287364664] [centerline_scan_node]: Mode=ALIGN_AISLE | x=-0.00, y=0.00, yaw=-0.00
[INFO] [1778711258.405156061] [centerline_scan_node]: Mode=ALIGN_AISLE | x=-0.00, y=0.00, yaw=-0.00
[INFO] [1778711258.487655440] [centerline_scan_node]: Mode=ALIGN_AISLE | x=-0.00, y=0.00, yaw=-0.00
[INFO] [1778711258.590866300] [centerline_scan_node]: Mode=ALIGN_AISLE | x=-0.00, y=0.00, yaw=-0.00
[INFO] [1778711258.696758935] [centerline_scan_node]: Mode=ALIGN_AISLE | x=-0.00, y=0.00, yaw=-0.00
[INFO] [1778711258.789335912] [centerline_scan_node]: Mode=ALIGN_AISLE | x=-0.00, y=0.00, yaw=-0.00
[INFO] [1778711258.887130410] [centerline_scan_node]: Mode=ALIGN_AISLE | x=-0.00, y=0.00, yaw=-0.00
[INFO] [1778711258.991437303] [centerline_scan_node]: Mode=ALIGN_AISLE | x=-0.00, y=0.00, yaw=-0.00
[INFO] [1778711259.086681050] [centerline_scan_node]: Mode=ALIGN_AISLE | x=-0.00, y=0.00, yaw=-0.00
[INFO] [1778711259.190222377] [centerline_scan_node]: Mode=ALIGN_AISLE | x=-0.00, y=0.00, yaw=-0.00
[INFO] [1778711259.285096945] [centerline_scan_node]: Mode=ALIGN_AISLE | x=-0.00, y=0.00, yaw=-0.00
[INFO] [1778711259.392345270] [centerline_scan_node]: Mode=ALIGN_AISLE | x=-0.00, y=0.00, yaw=-0.00
[INFO] [1778711259.489287057] [centerline_scan_node]: Mode=ALIGN_AISLE | x=-0.00, y=0.00, yaw=-0.00
[INFO] [1778711259.658957984] [centerline_scan_node]: Mode=ALIGN_AISLE | x=-0.00, y=0.00, yaw=-0.00
[INFO] [1778711259.699441914] [centerline_scan_node]: Mode=ALIGN_AISLE | x=-0.00, y=0.00, yaw=-0.00
[INFO] [1778711259.786817538] [centerline_scan_node]: Mode=ALIGN_AISLE | x=-0.00, y=0.00, yaw=-0.00
[INFO] [1778711259.893058252] [centerline_scan_node]: Mode=ALIGN_AISLE | x=-0.00, y=0.00, yaw=-0.00
[INFO] [1778711259.990459103] [centerline_scan_node]: Mode=ALIGN_AISLE | x=-0.00, y=0.00, yaw=-0.00
[INFO] [1778711260.094869252] [centerline_scan_node]: Mode=ALIGN_AISLE | x=-0.00, y=0.00, yaw=-0.00
[INFO] [1778711260.189046745] [centerline_scan_node]: Mode=ALIGN_AISLE | x=-0.00, y=0.00, yaw=-0.00
[INFO] [1778711260.310236921] [centerline_scan_node]: Mode=ALIGN_AISLE | x=-0.00, y=0.00, yaw=-0.00
[INFO] [1778711260.394444159] [centerline_scan_node]: Mode=ALIGN_AISLE | x=-0.00, y=0.00, yaw=-0.00
[INFO] [1778711260.491442395] [centerline_scan_node]: Mode=ALIGN_AISLE | x=-0.00, y=0.00, yaw=-0.00
[INFO] [1778711260.622750006] [centerline_scan_node]: Mode=ALIGN_AISLE | x=-0.00, y=0.00, yaw=-0.00
[INFO] [1778711260.699158061] [centerline_scan_node]: Mode=ALIGN_AISLE | x=-0.00, y=0.00, yaw=-0.00
[INFO] [1778711260.788320984] [centerline_scan_node]: Mode=ALIGN_AISLE | x=-0.00, y=0.00, yaw=-0.00
[INFO] [1778711260.894463454] [centerline_scan_node]: Mode=ALIGN_AISLE | x=-0.00, y=0.00, yaw=-0.00
[INFO] [1778711260.986181275] [centerline_scan_node]: Mode=ALIGN_AISLE | x=-0.00, y=0.00, yaw=-0.00
[INFO] [1778711261.104221703] [centerline_scan_node]: Mode=ALIGN_AISLE | x=-0.00, y=0.00, yaw=-0.00
[INFO] [1778711261.191456171] [centerline_scan_node]: Mode=ALIGN_AISLE | x=-0.00, y=0.00, yaw=-0.00
[INFO] [1778711261.288142425] [centerline_scan_node]: Mode=ALIGN_AISLE | x=-0.00, y=0.00, yaw=-0.00
[INFO] [1778711261.400722722] [centerline_scan_node]: Mode=ALIGN_AISLE | x=-0.00, y=0.00, yaw=-0.00
[INFO] [1778711261.486712476] [centerline_scan_node]: Mode=ALIGN_AISLE | x=-0.00, y=0.00, yaw=-0.00
[INFO] [1778711261.603710780] [centerline_scan_node]: Mode=ALIGN_AISLE | x=-0.00, y=0.00, yaw=-0.00
[INFO] [1778711261.693508789] [centerline_scan_node]: Mode=ALIGN_AISLE | x=-0.00, y=0.00, yaw=-0.00
[INFO] [1778711261.790987820] [centerline_scan_node]: Mode=ALIGN_AISLE | x=-0.00, y=0.00, yaw=-0.00
[INFO] [1778711261.891499994] [centerline_scan_node]: Mode=ALIGN_AISLE | x=-0.00, y=0.00, yaw=-0.00
[INFO] [1778711261.989286667] [centerline_scan_node]: Mode=ALIGN_AISLE | x=-0.00, y=0.00, yaw=-0.00
[INFO] [1778711262.095227304] [centerline_scan_node]: Mode=ALIGN_AISLE | x=-0.00, y=0.00, yaw=-0.00
[INFO] [1778711262.197640884] [centerline_scan_node]: Mode=ALIGN_AISLE | x=-0.00, y=0.00, yaw=-0.00
[INFO] [1778711262.292885233] [centerline_scan_node]: Mode=ALIGN_AISLE | x=-0.00, y=0.00, yaw=-0.00
[INFO] [1778711262.390931140] [centerline_scan_node]: Mode=ALIGN_AISLE | x=-0.00, y=0.00, yaw=-0.00
[INFO] [1778711262.488009654] [centerline_scan_node]: Mode=ALIGN_AISLE | x=-0.00, y=0.00, yaw=-0.00
[INFO] [1778711262.597959423] [centerline_scan_node]: Mode=ALIGN_AISLE | x=-0.00, y=0.00, yaw=-0.00
[INFO] [1778711262.697075689] [centerline_scan_node]: Mode=ALIGN_AISLE | x=-0.00, y=0.00, yaw=-0.00
[INFO] [1778711262.796389354] [centerline_scan_node]: Mode=ALIGN_AISLE | x=-0.00, y=0.00, yaw=-0.00
[INFO] [1778711262.891578147] [centerline_scan_node]: Mode=ALIGN_AISLE | x=-0.00, y=0.00, yaw=-0.00
[INFO] [1778711262.986884466] [centerline_scan_node]: Mode=ALIGN_AISLE | x=-0.00, y=0.00, yaw=-0.00
[INFO] [1778711263.125648692] [centerline_scan_node]: Mode=ALIGN_AISLE | x=-0.00, y=0.00, yaw=-0.00
[INFO] [1778711263.194879252] [centerline_scan_node]: Mode=ALIGN_AISLE | x=-0.00, y=0.00, yaw=-0.00
[INFO] [1778711263.304958547] [centerline_scan_node]: Mode=ALIGN_AISLE | x=-0.00, y=0.00, yaw=-0.00
[INFO] [1778711263.412993402] [centerline_scan_node]: Mode=ALIGN_AISLE | x=-0.00, y=0.00, yaw=-0.00
[INFO] [1778711263.507821122] [centerline_scan_node]: Mode=ALIGN_AISLE | x=-0.00, y=0.00, yaw=-0.00
[INFO] [1778711263.596201978] [centerline_scan_node]: Mode=ALIGN_AISLE | x=-0.00, y=0.00, yaw=-0.00
[INFO] [1778711263.695469976] [centerline_scan_node]: Mode=ALIGN_AISLE | x=-0.00, y=0.00, yaw=-0.00
[INFO] [1778711263.788683945] [centerline_scan_node]: Mode=ALIGN_AISLE | x=-0.00, y=0.00, yaw=-0.00
[INFO] [1778711263.894713776] [centerline_scan_node]: Mode=ALIGN_AISLE | x=-0.00, y=0.00, yaw=-0.00
[INFO] [1778711263.989996011] [centerline_scan_node]: Mode=ALIGN_AISLE | x=-0.00, y=0.00, yaw=-0.00
[INFO] [1778711264.090114018] [centerline_scan_node]: Mode=ALIGN_AISLE | x=-0.00, y=0.00, yaw=-0.00
[INFO] [1778711264.190408230] [centerline_scan_node]: Mode=ALIGN_AISLE | x=-0.00, y=0.00, yaw=-0.00
[INFO] [1778711264.312310369] [centerline_scan_node]: Mode=ALIGN_AISLE | x=-0.00, y=0.00, yaw=-0.00
[INFO] [1778711264.391322676] [centerline_scan_node]: Mode=ALIGN_AISLE | x=-0.00, y=0.00, yaw=-0.00
[INFO] [1778711264.508152861] [centerline_scan_node]: Mode=ALIGN_AISLE | x=-0.00, y=0.00, yaw=-0.00
[INFO] [1778711264.592469632] [centerline_scan_node]: Mode=ALIGN_AISLE | x=-0.00, y=0.00, yaw=-0.00
[INFO] [1778711264.717024330] [centerline_scan_node]: Mode=ALIGN_AISLE | x=-0.00, y=0.00, yaw=-0.00
[INFO] [1778711264.811438776] [centerline_scan_node]: Mode=ALIGN_AISLE | x=-0.00, y=0.00, yaw=-0.00
Failed to publish log message to rosout: publisher's context is invalid, at ./src/rcl/publisher.c:423
Traceback (most recent call last):
  File "/mnt/c/Users/15188/Downloads/IE 482-582/spring2026/Projects/gazebo_demo/Final Project/centerline_scan_node.py", line 199, in <module>
    main()
  File "/mnt/c/Users/15188/Downloads/IE 482-582/spring2026/Projects/gazebo_demo/Final Project/centerline_scan_node.py", line 195, in main
    rclpy.shutdown()
  File "/opt/ros/jazzy/lib/python3.12/site-packages/rclpy/__init__.py", line 134, in shutdown
    _shutdown(context=context)
  File "/opt/ros/jazzy/lib/python3.12/site-packages/rclpy/utilities.py", line 82, in shutdown
    context.shutdown()
  File "/opt/ros/jazzy/lib/python3.12/site-packages/rclpy/context.py", line 129, in shutdown
    self.__context.shutdown()
rclpy._rclpy_pybind11.RCLError: failed to shutdown: rcl_shutdown already called on the given context, at ./src/rcl/init.c:333
