[INFO] [1778714463.257087740] [final_warehouse_scan_node]: FINAL WAREHOUSE SCAN NODE INITIALIZED
[INFO] [1778714463.270888458] [final_warehouse_scan_node]: Using /cmd_vel geometry_msgs/msg/TwistStamped only
[INFO] [1778714463.280304314] [final_warehouse_scan_node]: Subscribing to /odom and /detected_color
[INFO] [1778714463.288522120] [final_warehouse_scan_node]: Publishing /warehouse_scan_status
[INFO] [1778714463.300497283] [final_warehouse_scan_node]: STARTING: ALIGN_AISLE
[INFO] [1778714463.308702471] [final_warehouse_scan_node]: Initial odom received: x=-0.00, y=0.00, yaw=-0.000
[INFO] [1778714463.316278296] [final_warehouse_scan_node]: Starting on scan aisle. Using configured aisle yaw.
[INFO] [1778714463.356365411] [final_warehouse_scan_node]: Align aisle: x=-0.00 y=0.00 yaw=-0.000 err=-1.571
[INFO] [1778714463.403559750] [final_warehouse_scan_node]: Align aisle: x=-0.00 y=-0.00 yaw=-0.004 err=-1.567
[INFO] [1778714463.460349844] [final_warehouse_scan_node]: Align aisle: x=-0.00 y=-0.00 yaw=-0.014 err=-1.557
[INFO] [1778714463.503173106] [final_warehouse_scan_node]: Align aisle: x=-0.00 y=-0.00 yaw=-0.024 err=-1.547
[INFO] [1778714463.553414223] [final_warehouse_scan_node]: Align aisle: x=-0.00 y=-0.00 yaw=-0.029 err=-1.542
[INFO] [1778714463.611658042] [final_warehouse_scan_node]: Align aisle: x=-0.00 y=-0.00 yaw=-0.039 err=-1.532
[INFO] [1778714463.657177883] [final_warehouse_scan_node]: Align aisle: x=-0.00 y=-0.00 yaw=-0.044 err=-1.527
[INFO] [1778714463.706117942] [final_warehouse_scan_node]: Align aisle: x=-0.00 y=-0.00 yaw=-0.054 err=-1.517
[INFO] [1778714463.770607355] [final_warehouse_scan_node]: Align aisle: x=-0.00 y=-0.00 yaw=-0.059 err=-1.512
[INFO] [1778714463.809672927] [final_warehouse_scan_node]: Align aisle: x=-0.00 y=-0.00 yaw=-0.064 err=-1.507
[INFO] [1778714463.855009608] [final_warehouse_scan_node]: Align aisle: x=-0.00 y=-0.00 yaw=-0.069 err=-1.502
[INFO] [1778714463.905570772] [final_warehouse_scan_node]: Align aisle: x=-0.00 y=-0.00 yaw=-0.074 err=-1.497
[INFO] [1778714463.954428240] [final_warehouse_scan_node]: Align aisle: x=-0.00 y=-0.00 yaw=-0.084 err=-1.487
[INFO] [1778714464.003357306] [final_warehouse_scan_node]: Align aisle: x=-0.00 y=-0.00 yaw=-0.089 err=-1.482
[INFO] [1778714464.062208085] [final_warehouse_scan_node]: Align aisle: x=-0.00 y=-0.00 yaw=-0.099 err=-1.472
[INFO] [1778714464.103708844] [final_warehouse_scan_node]: Align aisle: x=-0.00 y=-0.00 yaw=-0.104 err=-1.467
[INFO] [1778714464.156226910] [final_warehouse_scan_node]: Align aisle: x=-0.00 y=-0.00 yaw=-0.109 err=-1.462
[INFO] [1778714464.220813356] [final_warehouse_scan_node]: Align aisle: x=-0.00 y=-0.00 yaw=-0.119 err=-1.452
[INFO] [1778714464.256406707] [final_warehouse_scan_node]: Align aisle: x=-0.00 y=-0.00 yaw=-0.124 err=-1.447
[INFO] [1778714464.310611849] [final_warehouse_scan_node]: Align aisle: x=-0.00 y=-0.00 yaw=-0.129 err=-1.442
[INFO] [1778714464.352928604] [final_warehouse_scan_node]: Align aisle: x=-0.00 y=-0.00 yaw=-0.139 err=-1.432
[INFO] [1778714464.411640757] [final_warehouse_scan_node]: Align aisle: x=-0.00 y=-0.00 yaw=-0.144 err=-1.427
[INFO] [1778714464.451534145] [final_warehouse_scan_node]: Align aisle: x=-0.00 y=-0.00 yaw=-0.154 err=-1.417
[INFO] [1778714464.541993824] [final_warehouse_scan_node]: Align aisle: x=-0.00 y=-0.00 yaw=-0.159 err=-1.412
[INFO] [1778714464.602295625] [final_warehouse_scan_node]: Align aisle: x=-0.00 y=-0.00 yaw=-0.159 err=-1.412
[INFO] [1778714464.628933018] [final_warehouse_scan_node]: Align aisle: x=-0.00 y=-0.00 yaw=-0.159 err=-1.412
[INFO] [1778714464.692311439] [final_warehouse_scan_node]: Align aisle: x=-0.00 y=-0.00 yaw=-0.164 err=-1.407
[INFO] [1778714464.708389171] [final_warehouse_scan_node]: Align aisle: x=-0.00 y=-0.00 yaw=-0.169 err=-1.402
[INFO] [1778714464.757102122] [final_warehouse_scan_node]: Align aisle: x=-0.00 y=-0.00 yaw=-0.174 err=-1.397
[INFO] [1778714464.851601985] [final_warehouse_scan_node]: Align aisle: x=-0.00 y=-0.00 yaw=-0.179 err=-1.392
[INFO] [1778714464.905441847] [final_warehouse_scan_node]: Align aisle: x=-0.00 y=-0.00 yaw=-0.179 err=-1.392
[INFO] [1778714464.970883898] [final_warehouse_scan_node]: Align aisle: x=-0.00 y=-0.00 yaw=-0.179 err=-1.392
[INFO] [1778714465.022712415] [final_warehouse_scan_node]: Align aisle: x=-0.00 y=-0.00 yaw=-0.184 err=-1.387
[INFO] [1778714465.044135482] [final_warehouse_scan_node]: Align aisle: x=-0.00 y=-0.00 yaw=-0.189 err=-1.382
[INFO] [1778714465.057074933] [final_warehouse_scan_node]: Align aisle: x=-0.00 y=-0.00 yaw=-0.189 err=-1.382
[INFO] [1778714465.112063558] [final_warehouse_scan_node]: Align aisle: x=-0.00 y=-0.00 yaw=-0.194 err=-1.377
[INFO] [1778714465.158759864] [final_warehouse_scan_node]: Align aisle: x=-0.00 y=-0.00 yaw=-0.199 err=-1.372
[INFO] [1778714465.212320370] [final_warehouse_scan_node]: Align aisle: x=-0.00 y=-0.00 yaw=-0.209 err=-1.362
[INFO] [1778714465.261161043] [final_warehouse_scan_node]: Align aisle: x=-0.00 y=-0.00 yaw=-0.214 err=-1.357
[INFO] [1778714465.304140113] [final_warehouse_scan_node]: Align aisle: x=-0.00 y=-0.00 yaw=-0.219 err=-1.352
[INFO] [1778714465.372415124] [final_warehouse_scan_node]: Align aisle: x=-0.00 y=-0.00 yaw=-0.224 err=-1.347
[INFO] [1778714465.407229647] [final_warehouse_scan_node]: Align aisle: x=-0.00 y=-0.00 yaw=-0.229 err=-1.342
[INFO] [1778714465.464234208] [final_warehouse_scan_node]: Align aisle: x=-0.00 y=-0.00 yaw=-0.234 err=-1.337
[INFO] [1778714465.508586253] [final_warehouse_scan_node]: Align aisle: x=-0.00 y=-0.00 yaw=-0.239 err=-1.332
[INFO] [1778714465.563933565] [final_warehouse_scan_node]: Align aisle: x=-0.00 y=-0.00 yaw=-0.249 err=-1.322
[INFO] [1778714465.642969666] [final_warehouse_scan_node]: Align aisle: x=-0.00 y=-0.00 yaw=-0.254 err=-1.317
[INFO] [1778714465.667439140] [final_warehouse_scan_node]: Align aisle: x=-0.00 y=-0.00 yaw=-0.254 err=-1.317
[INFO] [1778714465.712355143] [final_warehouse_scan_node]: Align aisle: x=-0.00 y=-0.00 yaw=-0.264 err=-1.307
[INFO] [1778714465.756474553] [final_warehouse_scan_node]: Align aisle: x=-0.00 y=-0.00 yaw=-0.274 err=-1.297
[INFO] [1778714465.808205819] [final_warehouse_scan_node]: Align aisle: x=-0.00 y=-0.00 yaw=-0.279 err=-1.292
[INFO] [1778714465.856023011] [final_warehouse_scan_node]: Align aisle: x=-0.00 y=-0.00 yaw=-0.289 err=-1.282
[INFO] [1778714465.903859340] [final_warehouse_scan_node]: Align aisle: x=-0.00 y=-0.00 yaw=-0.294 err=-1.277
[INFO] [1778714465.964119925] [final_warehouse_scan_node]: Align aisle: x=-0.00 y=-0.00 yaw=-0.304 err=-1.267
[INFO] [1778714466.008641219] [final_warehouse_scan_node]: Align aisle: x=-0.00 y=-0.00 yaw=-0.309 err=-1.262
[INFO] [1778714466.053825582] [final_warehouse_scan_node]: Align aisle: x=-0.00 y=-0.00 yaw=-0.314 err=-1.257
[INFO] [1778714466.122133881] [final_warehouse_scan_node]: Align aisle: x=-0.00 y=-0.00 yaw=-0.319 err=-1.252
[INFO] [1778714466.162366151] [final_warehouse_scan_node]: Align aisle: x=-0.00 y=-0.00 yaw=-0.324 err=-1.247
[INFO] [1778714466.214009308] [final_warehouse_scan_node]: Align aisle: x=-0.00 y=-0.00 yaw=-0.334 err=-1.237
[INFO] [1778714466.253798521] [final_warehouse_scan_node]: Align aisle: x=-0.00 y=-0.00 yaw=-0.339 err=-1.232
[INFO] [1778714466.312073649] [final_warehouse_scan_node]: Align aisle: x=-0.00 y=-0.00 yaw=-0.344 err=-1.227
[INFO] [1778714466.421254893] [final_warehouse_scan_node]: Align aisle: x=-0.00 y=-0.00 yaw=-0.349 err=-1.222
[INFO] [1778714466.452842568] [final_warehouse_scan_node]: Align aisle: x=-0.00 y=-0.00 yaw=-0.349 err=-1.222
[INFO] [1778714466.470394165] [final_warehouse_scan_node]: Align aisle: x=-0.00 y=-0.00 yaw=-0.354 err=-1.217
[INFO] [1778714466.502431305] [final_warehouse_scan_node]: Align aisle: x=-0.00 y=-0.00 yaw=-0.369 err=-1.202
[INFO] [1778714466.558702058] [final_warehouse_scan_node]: Align aisle: x=-0.00 y=-0.00 yaw=-0.379 err=-1.192
[INFO] [1778714466.599541831] [final_warehouse_scan_node]: Align aisle: x=-0.00 y=-0.00 yaw=-0.384 err=-1.187
[INFO] [1778714466.648410756] [final_warehouse_scan_node]: Align aisle: x=-0.00 y=-0.00 yaw=-0.394 err=-1.177
[INFO] [1778714466.703872290] [final_warehouse_scan_node]: Align aisle: x=-0.00 y=-0.00 yaw=-0.404 err=-1.167
[INFO] [1778714466.754012912] [final_warehouse_scan_node]: Align aisle: x=-0.00 y=-0.00 yaw=-0.414 err=-1.157
[INFO] [1778714466.805092179] [final_warehouse_scan_node]: Align aisle: x=-0.00 y=-0.00 yaw=-0.424 err=-1.147
[INFO] [1778714466.857905441] [final_warehouse_scan_node]: Align aisle: x=-0.00 y=-0.00 yaw=-0.429 err=-1.142
[INFO] [1778714466.902862227] [final_warehouse_scan_node]: Align aisle: x=-0.00 y=-0.00 yaw=-0.439 err=-1.132
[INFO] [1778714466.952374264] [final_warehouse_scan_node]: Align aisle: x=-0.00 y=-0.00 yaw=-0.449 err=-1.122
[INFO] [1778714467.014421643] [final_warehouse_scan_node]: Align aisle: x=-0.00 y=-0.00 yaw=-0.459 err=-1.112
[INFO] [1778714467.052561258] [final_warehouse_scan_node]: Align aisle: x=-0.00 y=-0.00 yaw=-0.464 err=-1.107
[INFO] [1778714467.100387270] [final_warehouse_scan_node]: Align aisle: x=-0.00 y=-0.00 yaw=-0.474 err=-1.097
[INFO] [1778714467.154373254] [final_warehouse_scan_node]: Align aisle: x=-0.00 y=-0.00 yaw=-0.484 err=-1.087
[INFO] [1778714467.208721634] [final_warehouse_scan_node]: Align aisle: x=-0.00 y=-0.00 yaw=-0.494 err=-1.077
[INFO] [1778714467.254909947] [final_warehouse_scan_node]: Align aisle: x=-0.00 y=-0.00 yaw=-0.499 err=-1.072
[INFO] [1778714467.304623655] [final_warehouse_scan_node]: Align aisle: x=-0.00 y=-0.00 yaw=-0.509 err=-1.062
[INFO] [1778714467.358633030] [final_warehouse_scan_node]: Align aisle: x=-0.00 y=-0.00 yaw=-0.514 err=-1.057
[INFO] [1778714467.414352082] [final_warehouse_scan_node]: Align aisle: x=-0.00 y=-0.00 yaw=-0.519 err=-1.052
[INFO] [1778714467.455934765] [final_warehouse_scan_node]: Align aisle: x=-0.00 y=-0.00 yaw=-0.524 err=-1.047
[INFO] [1778714467.509038815] [final_warehouse_scan_node]: Align aisle: x=-0.00 y=-0.00 yaw=-0.529 err=-1.042
[INFO] [1778714467.567934828] [final_warehouse_scan_node]: Align aisle: x=-0.00 y=-0.00 yaw=-0.534 err=-1.037
[INFO] [1778714467.624373594] [final_warehouse_scan_node]: Align aisle: x=-0.00 y=-0.00 yaw=-0.539 err=-1.032
[INFO] [1778714467.669835728] [final_warehouse_scan_node]: Align aisle: x=-0.00 y=-0.00 yaw=-0.544 err=-1.027
[INFO] [1778714467.733083506] [final_warehouse_scan_node]: Align aisle: x=-0.00 y=-0.00 yaw=-0.549 err=-1.022
[INFO] [1778714467.776970683] [final_warehouse_scan_node]: Align aisle: x=-0.00 y=-0.00 yaw=-0.554 err=-1.017
[INFO] [1778714467.815175185] [final_warehouse_scan_node]: Align aisle: x=-0.00 y=-0.00 yaw=-0.554 err=-1.017
[INFO] [1778714467.864590971] [final_warehouse_scan_node]: Align aisle: x=-0.00 y=-0.00 yaw=-0.559 err=-1.012
[INFO] [1778714467.908399657] [final_warehouse_scan_node]: Align aisle: x=-0.00 y=-0.00 yaw=-0.569 err=-1.002
[INFO] [1778714467.966330565] [final_warehouse_scan_node]: Align aisle: x=-0.00 y=-0.00 yaw=-0.574 err=-0.997
[INFO] [1778714468.008125333] [final_warehouse_scan_node]: Align aisle: x=-0.00 y=-0.00 yaw=-0.579 err=-0.992
[INFO] [1778714468.064187906] [final_warehouse_scan_node]: Align aisle: x=-0.00 y=-0.00 yaw=-0.584 err=-0.987
[INFO] [1778714468.109609254] [final_warehouse_scan_node]: Align aisle: x=-0.00 y=-0.00 yaw=-0.594 err=-0.977
[INFO] [1778714468.156034136] [final_warehouse_scan_node]: Align aisle: x=-0.00 y=-0.00 yaw=-0.599 err=-0.972
[INFO] [1778714468.203105274] [final_warehouse_scan_node]: Align aisle: x=-0.00 y=-0.00 yaw=-0.609 err=-0.962
[INFO] [1778714468.250080419] [final_warehouse_scan_node]: Align aisle: x=-0.00 y=-0.00 yaw=-0.619 err=-0.952
[INFO] [1778714468.305537623] [final_warehouse_scan_node]: Align aisle: x=-0.00 y=-0.00 yaw=-0.629 err=-0.942
[INFO] [1778714468.354876228] [final_warehouse_scan_node]: Align aisle: x=-0.00 y=-0.00 yaw=-0.639 err=-0.932
[INFO] [1778714468.406691985] [final_warehouse_scan_node]: Align aisle: x=-0.00 y=-0.00 yaw=-0.649 err=-0.922
[INFO] [1778714468.450449325] [final_warehouse_scan_node]: Align aisle: x=-0.00 y=0.00 yaw=-0.659 err=-0.912
[INFO] [1778714468.512182599] [final_warehouse_scan_node]: Align aisle: x=-0.00 y=0.00 yaw=-0.669 err=-0.902
[INFO] [1778714468.551350330] [final_warehouse_scan_node]: Align aisle: x=-0.00 y=0.00 yaw=-0.679 err=-0.892
[INFO] [1778714468.606058343] [final_warehouse_scan_node]: Align aisle: x=-0.00 y=0.00 yaw=-0.689 err=-0.882
[INFO] [1778714468.650510685] [final_warehouse_scan_node]: Align aisle: x=-0.00 y=0.00 yaw=-0.694 err=-0.877
[INFO] [1778714468.704756921] [final_warehouse_scan_node]: Align aisle: x=-0.00 y=0.00 yaw=-0.704 err=-0.867
[INFO] [1778714468.749304667] [final_warehouse_scan_node]: Align aisle: x=-0.00 y=0.00 yaw=-0.714 err=-0.857
[INFO] [1778714468.806740939] [final_warehouse_scan_node]: Align aisle: x=-0.00 y=0.00 yaw=-0.724 err=-0.847
[INFO] [1778714468.856194626] [final_warehouse_scan_node]: Align aisle: x=-0.00 y=0.00 yaw=-0.734 err=-0.837
[INFO] [1778714468.902050512] [final_warehouse_scan_node]: Align aisle: x=-0.00 y=0.00 yaw=-0.739 err=-0.832
[INFO] [1778714468.951592847] [final_warehouse_scan_node]: Align aisle: x=-0.00 y=0.00 yaw=-0.754 err=-0.817
[INFO] [1778714469.007941208] [final_warehouse_scan_node]: Align aisle: x=-0.00 y=0.00 yaw=-0.764 err=-0.807
[INFO] [1778714469.048943798] [final_warehouse_scan_node]: Align aisle: x=-0.00 y=0.00 yaw=-0.774 err=-0.797
[INFO] [1778714469.098854396] [final_warehouse_scan_node]: Align aisle: x=-0.00 y=0.00 yaw=-0.784 err=-0.787
[INFO] [1778714469.160143519] [final_warehouse_scan_node]: Align aisle: x=-0.00 y=0.00 yaw=-0.794 err=-0.777
[INFO] [1778714469.203928565] [final_warehouse_scan_node]: Align aisle: x=-0.00 y=0.00 yaw=-0.804 err=-0.767
[INFO] [1778714469.250810785] [final_warehouse_scan_node]: Align aisle: x=-0.00 y=0.00 yaw=-0.814 err=-0.757
[INFO] [1778714469.300278859] [final_warehouse_scan_node]: Align aisle: x=-0.00 y=0.00 yaw=-0.824 err=-0.747
[INFO] [1778714469.351777770] [final_warehouse_scan_node]: Align aisle: x=-0.00 y=0.00 yaw=-0.834 err=-0.737
[INFO] [1778714469.399625156] [final_warehouse_scan_node]: Align aisle: x=-0.00 y=0.00 yaw=-0.844 err=-0.727
[INFO] [1778714469.455158527] [final_warehouse_scan_node]: Align aisle: x=-0.00 y=0.00 yaw=-0.854 err=-0.717
[INFO] [1778714469.502261640] [final_warehouse_scan_node]: Align aisle: x=-0.00 y=0.00 yaw=-0.869 err=-0.702
[INFO] [1778714469.564640805] [final_warehouse_scan_node]: Align aisle: x=-0.00 y=0.00 yaw=-0.874 err=-0.697
[INFO] [1778714469.603535343] [final_warehouse_scan_node]: Align aisle: x=-0.00 y=0.00 yaw=-0.884 err=-0.687
[INFO] [1778714469.662645765] [final_warehouse_scan_node]: Align aisle: x=-0.00 y=0.00 yaw=-0.894 err=-0.677
[INFO] [1778714469.715162563] [final_warehouse_scan_node]: Align aisle: x=-0.00 y=0.00 yaw=-0.899 err=-0.672
[INFO] [1778714469.764764074] [final_warehouse_scan_node]: Align aisle: x=-0.00 y=0.00 yaw=-0.909 err=-0.662
[INFO] [1778714469.810842066] [final_warehouse_scan_node]: Align aisle: x=-0.00 y=0.00 yaw=-0.914 err=-0.657
[INFO] [1778714469.851713930] [final_warehouse_scan_node]: Align aisle: x=-0.00 y=0.00 yaw=-0.924 err=-0.647
[INFO] [1778714469.902008966] [final_warehouse_scan_node]: Align aisle: x=-0.00 y=0.00 yaw=-0.934 err=-0.637
[INFO] [1778714469.948995418] [final_warehouse_scan_node]: Align aisle: x=-0.00 y=0.00 yaw=-0.944 err=-0.627
[INFO] [1778714470.000306069] [final_warehouse_scan_node]: Align aisle: x=-0.00 y=0.00 yaw=-0.959 err=-0.612
[INFO] [1778714470.079905196] [final_warehouse_scan_node]: Align aisle: x=-0.00 y=0.00 yaw=-0.964 err=-0.607
[INFO] [1778714470.107957029] [final_warehouse_scan_node]: Align aisle: x=-0.00 y=0.00 yaw=-0.969 err=-0.602
[INFO] [1778714470.151140196] [final_warehouse_scan_node]: Align aisle: x=-0.00 y=0.00 yaw=-0.979 err=-0.592
[INFO] [1778714470.201228144] [final_warehouse_scan_node]: Align aisle: x=-0.00 y=0.00 yaw=-0.989 err=-0.582
[INFO] [1778714470.258308610] [final_warehouse_scan_node]: Align aisle: x=-0.00 y=0.00 yaw=-0.994 err=-0.577
[INFO] [1778714470.298354435] [final_warehouse_scan_node]: Align aisle: x=-0.00 y=0.00 yaw=-1.004 err=-0.567
[INFO] [1778714470.353279696] [final_warehouse_scan_node]: Align aisle: x=-0.00 y=0.00 yaw=-1.014 err=-0.557
[INFO] [1778714470.410911885] [final_warehouse_scan_node]: Align aisle: x=-0.00 y=0.00 yaw=-1.024 err=-0.547
[INFO] [1778714470.450281200] [final_warehouse_scan_node]: Align aisle: x=-0.00 y=0.00 yaw=-1.034 err=-0.537
[INFO] [1778714470.502045291] [final_warehouse_scan_node]: Align aisle: x=-0.00 y=0.00 yaw=-1.044 err=-0.527
[INFO] [1778714470.551648395] [final_warehouse_scan_node]: Align aisle: x=-0.00 y=0.00 yaw=-1.059 err=-0.512
[INFO] [1778714470.603030590] [final_warehouse_scan_node]: Align aisle: x=-0.00 y=0.00 yaw=-1.064 err=-0.507
[INFO] [1778714470.654330153] [final_warehouse_scan_node]: Align aisle: x=-0.00 y=0.00 yaw=-1.074 err=-0.497
[INFO] [1778714470.703901115] [final_warehouse_scan_node]: Align aisle: x=-0.00 y=0.00 yaw=-1.084 err=-0.487
[INFO] [1778714470.756424395] [final_warehouse_scan_node]: Align aisle: x=-0.00 y=0.00 yaw=-1.094 err=-0.477
[INFO] [1778714470.800186074] [final_warehouse_scan_node]: Align aisle: x=-0.00 y=0.00 yaw=-1.104 err=-0.467
[INFO] [1778714470.850713459] [final_warehouse_scan_node]: Align aisle: x=-0.00 y=0.00 yaw=-1.109 err=-0.462
[INFO] [1778714470.901483131] [final_warehouse_scan_node]: Align aisle: x=-0.00 y=0.00 yaw=-1.124 err=-0.447
[INFO] [1778714470.951824258] [final_warehouse_scan_node]: Align aisle: x=-0.00 y=0.00 yaw=-1.134 err=-0.437
[INFO] [1778714470.999134874] [final_warehouse_scan_node]: Align aisle: x=-0.00 y=0.00 yaw=-1.144 err=-0.427
[INFO] [1778714471.054201340] [final_warehouse_scan_node]: Align aisle: x=-0.00 y=0.00 yaw=-1.154 err=-0.417
[INFO] [1778714471.103710379] [final_warehouse_scan_node]: Align aisle: x=-0.00 y=0.00 yaw=-1.164 err=-0.407
[INFO] [1778714471.151651835] [final_warehouse_scan_node]: Align aisle: x=-0.00 y=0.00 yaw=-1.174 err=-0.397
[INFO] [1778714471.200406534] [final_warehouse_scan_node]: Align aisle: x=-0.00 y=0.00 yaw=-1.184 err=-0.387
[INFO] [1778714471.255616324] [final_warehouse_scan_node]: Align aisle: x=-0.00 y=0.00 yaw=-1.194 err=-0.377
[INFO] [1778714471.299650699] [final_warehouse_scan_node]: Align aisle: x=-0.00 y=0.00 yaw=-1.204 err=-0.367
[INFO] [1778714471.354046102] [final_warehouse_scan_node]: Align aisle: x=-0.00 y=0.00 yaw=-1.214 err=-0.357
[INFO] [1778714471.400749155] [final_warehouse_scan_node]: Align aisle: x=-0.00 y=0.00 yaw=-1.224 err=-0.347
[INFO] [1778714471.459459032] [final_warehouse_scan_node]: Align aisle: x=-0.00 y=0.00 yaw=-1.234 err=-0.337
[INFO] [1778714471.501814332] [final_warehouse_scan_node]: Align aisle: x=-0.00 y=0.00 yaw=-1.244 err=-0.327
[INFO] [1778714471.553976595] [final_warehouse_scan_node]: Align aisle: x=-0.00 y=0.00 yaw=-1.254 err=-0.317
[INFO] [1778714471.601572072] [final_warehouse_scan_node]: Align aisle: x=-0.00 y=0.00 yaw=-1.259 err=-0.312
[INFO] [1778714471.665696355] [final_warehouse_scan_node]: Align aisle: x=-0.00 y=0.00 yaw=-1.269 err=-0.302
[INFO] [1778714471.709589269] [final_warehouse_scan_node]: Align aisle: x=-0.00 y=0.00 yaw=-1.279 err=-0.292
[INFO] [1778714471.752923399] [final_warehouse_scan_node]: Align aisle: x=-0.00 y=0.00 yaw=-1.284 err=-0.287
[INFO] [1778714471.807041086] [final_warehouse_scan_node]: Align aisle: x=-0.00 y=0.00 yaw=-1.294 err=-0.277
[INFO] [1778714471.852042264] [final_warehouse_scan_node]: Align aisle: x=-0.00 y=0.00 yaw=-1.304 err=-0.267
[INFO] [1778714471.902147953] [final_warehouse_scan_node]: Align aisle: x=-0.00 y=0.00 yaw=-1.314 err=-0.257
[INFO] [1778714471.950640284] [final_warehouse_scan_node]: Align aisle: x=-0.00 y=0.00 yaw=-1.324 err=-0.247
[INFO] [1778714471.999047597] [final_warehouse_scan_node]: Align aisle: x=-0.00 y=0.00 yaw=-1.334 err=-0.237
[INFO] [1778714472.049618835] [final_warehouse_scan_node]: Align aisle: x=-0.00 y=0.00 yaw=-1.349 err=-0.222
[INFO] [1778714472.099854668] [final_warehouse_scan_node]: Align aisle: x=-0.00 y=0.00 yaw=-1.359 err=-0.212
[INFO] [1778714472.154635698] [final_warehouse_scan_node]: Align aisle: x=-0.00 y=-0.00 yaw=-1.369 err=-0.202
[INFO] [1778714472.207275315] [final_warehouse_scan_node]: Align aisle: x=-0.00 y=-0.00 yaw=-1.379 err=-0.192
[INFO] [1778714472.250751727] [final_warehouse_scan_node]: Align aisle: x=-0.00 y=-0.00 yaw=-1.389 err=-0.182
[INFO] [1778714472.303971911] [final_warehouse_scan_node]: Align aisle: x=-0.00 y=-0.00 yaw=-1.399 err=-0.172
[INFO] [1778714472.351688515] [final_warehouse_scan_node]: Align aisle: x=-0.00 y=-0.00 yaw=-1.409 err=-0.162
[INFO] [1778714472.398465417] [final_warehouse_scan_node]: Align aisle: x=-0.00 y=-0.00 yaw=-1.419 err=-0.152
[INFO] [1778714472.452189735] [final_warehouse_scan_node]: Align aisle: x=-0.00 y=-0.00 yaw=-1.429 err=-0.142
[INFO] [1778714472.499714889] [final_warehouse_scan_node]: Align aisle: x=-0.00 y=-0.00 yaw=-1.439 err=-0.132
[INFO] [1778714472.553870559] [final_warehouse_scan_node]: Align aisle: x=-0.00 y=-0.00 yaw=-1.449 err=-0.122
[INFO] [1778714472.603369435] [final_warehouse_scan_node]: Align aisle: x=-0.00 y=-0.00 yaw=-1.459 err=-0.112
[INFO] [1778714472.653986796] [final_warehouse_scan_node]: Align aisle: x=-0.00 y=-0.00 yaw=-1.469 err=-0.102
[INFO] [1778714472.700709087] [final_warehouse_scan_node]: Align aisle: x=-0.00 y=-0.00 yaw=-1.479 err=-0.092
[INFO] [1778714472.754066553] [final_warehouse_scan_node]: Align aisle: x=-0.00 y=-0.00 yaw=-1.489 err=-0.082
[INFO] [1778714472.802154659] [final_warehouse_scan_node]: Align aisle: x=-0.00 y=-0.00 yaw=-1.499 err=-0.072
[INFO] [1778714472.810609032] [final_warehouse_scan_node]: STATE: DRIVE_TO_ROW
[INFO] [1778714472.853336472] [final_warehouse_scan_node]: Drive to row 1: target_y=3.00, y=-0.00, dy=3.00, yaw_err=-0.068
[INFO] [1778714472.907468702] [final_warehouse_scan_node]: Drive to row 1: target_y=3.00, y=-0.00, dy=3.00, yaw_err=-0.068
[INFO] [1778714472.952954981] [final_warehouse_scan_node]: Drive to row 1: target_y=3.00, y=-0.00, dy=3.00, yaw_err=-0.068
[INFO] [1778714473.001728380] [final_warehouse_scan_node]: Drive to row 1: target_y=3.00, y=-0.01, dy=3.01, yaw_err=-0.068
[INFO] [1778714473.056486714] [final_warehouse_scan_node]: Drive to row 1: target_y=3.00, y=-0.01, dy=3.01, yaw_err=-0.068
[INFO] [1778714473.101707026] [final_warehouse_scan_node]: Drive to row 1: target_y=3.00, y=-0.01, dy=3.01, yaw_err=-0.068
[INFO] [1778714473.150715764] [final_warehouse_scan_node]: Drive to row 1: target_y=3.00, y=-0.02, dy=3.02, yaw_err=-0.068
[INFO] [1778714473.204936824] [final_warehouse_scan_node]: Drive to row 1: target_y=3.00, y=-0.02, dy=3.02, yaw_err=-0.068
[INFO] [1778714473.251704268] [final_warehouse_scan_node]: Drive to row 1: target_y=3.00, y=-0.03, dy=3.03, yaw_err=-0.068
[INFO] [1778714473.302539281] [final_warehouse_scan_node]: Drive to row 1: target_y=3.00, y=-0.03, dy=3.03, yaw_err=-0.068
[INFO] [1778714473.356150444] [final_warehouse_scan_node]: Drive to row 1: target_y=3.00, y=-0.03, dy=3.03, yaw_err=-0.068
[INFO] [1778714473.401223539] [final_warehouse_scan_node]: Drive to row 1: target_y=3.00, y=-0.04, dy=3.04, yaw_err=-0.068
[INFO] [1778714473.451550433] [final_warehouse_scan_node]: Drive to row 1: target_y=3.00, y=-0.04, dy=3.04, yaw_err=-0.068
[INFO] [1778714473.501418733] [final_warehouse_scan_node]: Drive to row 1: target_y=3.00, y=-0.05, dy=3.05, yaw_err=-0.068
[INFO] [1778714473.559739804] [final_warehouse_scan_node]: Drive to row 1: target_y=3.00, y=-0.05, dy=3.05, yaw_err=-0.068
[INFO] [1778714473.601359048] [final_warehouse_scan_node]: Drive to row 1: target_y=3.00, y=-0.06, dy=3.06, yaw_err=-0.068
[INFO] [1778714473.653877447] [final_warehouse_scan_node]: Drive to row 1: target_y=3.00, y=-0.06, dy=3.06, yaw_err=-0.068
[INFO] [1778714473.698517951] [final_warehouse_scan_node]: Drive to row 1: target_y=3.00, y=-0.06, dy=3.06, yaw_err=-0.068
[INFO] [1778714473.750438121] [final_warehouse_scan_node]: Drive to row 1: target_y=3.00, y=-0.07, dy=3.07, yaw_err=-0.068
[INFO] [1778714473.800652904] [final_warehouse_scan_node]: Drive to row 1: target_y=3.00, y=-0.07, dy=3.07, yaw_err=-0.068
[INFO] [1778714473.851513877] [final_warehouse_scan_node]: Drive to row 1: target_y=3.00, y=-0.08, dy=3.08, yaw_err=-0.068
[INFO] [1778714473.900168141] [final_warehouse_scan_node]: Drive to row 1: target_y=3.00, y=-0.08, dy=3.08, yaw_err=-0.068
[INFO] [1778714473.955076470] [final_warehouse_scan_node]: Drive to row 1: target_y=3.00, y=-0.08, dy=3.08, yaw_err=-0.068
[INFO] [1778714474.020058326] [final_warehouse_scan_node]: Drive to row 1: target_y=3.00, y=-0.09, dy=3.09, yaw_err=-0.068
[INFO] [1778714474.055246269] [final_warehouse_scan_node]: Drive to row 1: target_y=3.00, y=-0.09, dy=3.09, yaw_err=-0.068
[INFO] [1778714474.108242912] [final_warehouse_scan_node]: Drive to row 1: target_y=3.00, y=-0.10, dy=3.10, yaw_err=-0.068
[INFO] [1778714474.152299224] [final_warehouse_scan_node]: Drive to row 1: target_y=3.00, y=-0.10, dy=3.10, yaw_err=-0.068
[INFO] [1778714474.204502424] [final_warehouse_scan_node]: Drive to row 1: target_y=3.00, y=-0.10, dy=3.10, yaw_err=-0.068
[INFO] [1778714474.259418820] [final_warehouse_scan_node]: Drive to row 1: target_y=3.00, y=-0.11, dy=3.11, yaw_err=-0.068
[INFO] [1778714474.300915697] [final_warehouse_scan_node]: Drive to row 1: target_y=3.00, y=-0.11, dy=3.11, yaw_err=-0.068
[INFO] [1778714474.360613037] [final_warehouse_scan_node]: Drive to row 1: target_y=3.00, y=-0.11, dy=3.11, yaw_err=-0.068
[INFO] [1778714474.400447221] [final_warehouse_scan_node]: Drive to row 1: target_y=3.00, y=-0.12, dy=3.12, yaw_err=-0.068
[INFO] [1778714474.455678579] [final_warehouse_scan_node]: Drive to row 1: target_y=3.00, y=-0.12, dy=3.12, yaw_err=-0.068
[INFO] [1778714474.506166512] [final_warehouse_scan_node]: Drive to row 1: target_y=3.00, y=-0.13, dy=3.13, yaw_err=-0.068
[INFO] [1778714474.551761202] [final_warehouse_scan_node]: Drive to row 1: target_y=3.00, y=-0.13, dy=3.13, yaw_err=-0.068
[INFO] [1778714474.603257009] [final_warehouse_scan_node]: Drive to row 1: target_y=3.00, y=-0.13, dy=3.13, yaw_err=-0.068
[INFO] [1778714474.652587919] [final_warehouse_scan_node]: Drive to row 1: target_y=3.00, y=-0.14, dy=3.14, yaw_err=-0.068
[INFO] [1778714474.705729331] [final_warehouse_scan_node]: Drive to row 1: target_y=3.00, y=-0.14, dy=3.14, yaw_err=-0.068
[INFO] [1778714474.757383565] [final_warehouse_scan_node]: Drive to row 1: target_y=3.00, y=-0.14, dy=3.14, yaw_err=-0.068
[INFO] [1778714474.803890431] [final_warehouse_scan_node]: Drive to row 1: target_y=3.00, y=-0.15, dy=3.15, yaw_err=-0.068
[INFO] [1778714474.861415748] [final_warehouse_scan_node]: Drive to row 1: target_y=3.00, y=-0.15, dy=3.15, yaw_err=-0.068
[INFO] [1778714474.900011264] [final_warehouse_scan_node]: Drive to row 1: target_y=3.00, y=-0.15, dy=3.15, yaw_err=-0.068
[INFO] [1778714474.952523453] [final_warehouse_scan_node]: Drive to row 1: target_y=3.00, y=-0.16, dy=3.16, yaw_err=-0.068
[INFO] [1778714475.000121447] [final_warehouse_scan_node]: Drive to row 1: target_y=3.00, y=-0.16, dy=3.16, yaw_err=-0.068
[INFO] [1778714475.053081247] [final_warehouse_scan_node]: Drive to row 1: target_y=3.00, y=-0.17, dy=3.17, yaw_err=-0.068
[INFO] [1778714475.102205505] [final_warehouse_scan_node]: Drive to row 1: target_y=3.00, y=-0.17, dy=3.17, yaw_err=-0.068
[INFO] [1778714475.155524421] [final_warehouse_scan_node]: Drive to row 1: target_y=3.00, y=-0.17, dy=3.17, yaw_err=-0.068
[INFO] [1778714475.201028635] [final_warehouse_scan_node]: Drive to row 1: target_y=3.00, y=-0.18, dy=3.18, yaw_err=-0.068
[INFO] [1778714475.249981967] [final_warehouse_scan_node]: Drive to row 1: target_y=3.00, y=-0.18, dy=3.18, yaw_err=-0.068
[INFO] [1778714475.302344800] [final_warehouse_scan_node]: Drive to row 1: target_y=3.00, y=-0.18, dy=3.18, yaw_err=-0.068
[INFO] [1778714475.357971121] [final_warehouse_scan_node]: Drive to row 1: target_y=3.00, y=-0.19, dy=3.19, yaw_err=-0.068
[INFO] [1778714475.408277461] [final_warehouse_scan_node]: Drive to row 1: target_y=3.00, y=-0.19, dy=3.19, yaw_err=-0.068
[INFO] [1778714475.455913114] [final_warehouse_scan_node]: Drive to row 1: target_y=3.00, y=-0.20, dy=3.20, yaw_err=-0.068
[INFO] [1778714475.499157584] [final_warehouse_scan_node]: Drive to row 1: target_y=3.00, y=-0.20, dy=3.20, yaw_err=-0.068
[INFO] [1778714475.549303918] [final_warehouse_scan_node]: Drive to row 1: target_y=3.00, y=-0.20, dy=3.20, yaw_err=-0.068
[INFO] [1778714475.604408755] [final_warehouse_scan_node]: Drive to row 1: target_y=3.00, y=-0.21, dy=3.21, yaw_err=-0.068
[INFO] [1778714475.648437003] [final_warehouse_scan_node]: Drive to row 1: target_y=3.00, y=-0.21, dy=3.21, yaw_err=-0.068
[INFO] [1778714475.702258486] [final_warehouse_scan_node]: Drive to row 1: target_y=3.00, y=-0.21, dy=3.21, yaw_err=-0.068
[INFO] [1778714475.749902634] [final_warehouse_scan_node]: Drive to row 1: target_y=3.00, y=-0.22, dy=3.22, yaw_err=-0.068
[INFO] [1778714475.802709015] [final_warehouse_scan_node]: Drive to row 1: target_y=3.00, y=-0.22, dy=3.22, yaw_err=-0.068
[INFO] [1778714475.859441329] [final_warehouse_scan_node]: Drive to row 1: target_y=3.00, y=-0.23, dy=3.23, yaw_err=-0.068
[INFO] [1778714475.898507836] [final_warehouse_scan_node]: Drive to row 1: target_y=3.00, y=-0.23, dy=3.23, yaw_err=-0.068
[INFO] [1778714475.950493518] [final_warehouse_scan_node]: Drive to row 1: target_y=3.00, y=-0.23, dy=3.23, yaw_err=-0.068
[INFO] [1778714475.999059550] [final_warehouse_scan_node]: Drive to row 1: target_y=3.00, y=-0.24, dy=3.24, yaw_err=-0.068
[INFO] [1778714476.057272942] [final_warehouse_scan_node]: Drive to row 1: target_y=3.00, y=-0.24, dy=3.24, yaw_err=-0.068
[INFO] [1778714476.102654826] [final_warehouse_scan_node]: Drive to row 1: target_y=3.00, y=-0.24, dy=3.24, yaw_err=-0.068
[INFO] [1778714476.162931287] [final_warehouse_scan_node]: Drive to row 1: target_y=3.00, y=-0.25, dy=3.25, yaw_err=-0.068
[INFO] [1778714476.204561750] [final_warehouse_scan_node]: Drive to row 1: target_y=3.00, y=-0.25, dy=3.25, yaw_err=-0.068
[INFO] [1778714476.273324267] [final_warehouse_scan_node]: Drive to row 1: target_y=3.00, y=-0.25, dy=3.25, yaw_err=-0.068
[INFO] [1778714476.303617260] [final_warehouse_scan_node]: Drive to row 1: target_y=3.00, y=-0.26, dy=3.26, yaw_err=-0.068
[INFO] [1778714476.355416067] [final_warehouse_scan_node]: Drive to row 1: target_y=3.00, y=-0.26, dy=3.26, yaw_err=-0.068
[INFO] [1778714476.410909902] [final_warehouse_scan_node]: Drive to row 1: target_y=3.00, y=-0.26, dy=3.26, yaw_err=-0.068
[INFO] [1778714476.449673666] [final_warehouse_scan_node]: Drive to row 1: target_y=3.00, y=-0.27, dy=3.27, yaw_err=-0.068
[INFO] [1778714476.509942295] [final_warehouse_scan_node]: Drive to row 1: target_y=3.00, y=-0.27, dy=3.27, yaw_err=-0.068
[INFO] [1778714476.549191465] [final_warehouse_scan_node]: Drive to row 1: target_y=3.00, y=-0.27, dy=3.27, yaw_err=-0.068
[INFO] [1778714476.601143460] [final_warehouse_scan_node]: Drive to row 1: target_y=3.00, y=-0.28, dy=3.28, yaw_err=-0.068
[INFO] [1778714476.660650409] [final_warehouse_scan_node]: Drive to row 1: target_y=3.00, y=-0.28, dy=3.28, yaw_err=-0.068
[INFO] [1778714476.701871055] [final_warehouse_scan_node]: Drive to row 1: target_y=3.00, y=-0.29, dy=3.29, yaw_err=-0.068
[INFO] [1778714476.751075494] [final_warehouse_scan_node]: Drive to row 1: target_y=3.00, y=-0.29, dy=3.29, yaw_err=-0.068
[INFO] [1778714476.815826416] [final_warehouse_scan_node]: Drive to row 1: target_y=3.00, y=-0.29, dy=3.29, yaw_err=-0.068
[INFO] [1778714476.848669115] [final_warehouse_scan_node]: Drive to row 1: target_y=3.00, y=-0.30, dy=3.30, yaw_err=-0.068
[INFO] [1778714476.900778571] [final_warehouse_scan_node]: Drive to row 1: target_y=3.00, y=-0.30, dy=3.30, yaw_err=-0.068
[INFO] [1778714476.952359922] [final_warehouse_scan_node]: Drive to row 1: target_y=3.00, y=-0.30, dy=3.30, yaw_err=-0.068
[INFO] [1778714477.010125746] [final_warehouse_scan_node]: Drive to row 1: target_y=3.00, y=-0.31, dy=3.31, yaw_err=-0.068
[INFO] [1778714477.059582157] [final_warehouse_scan_node]: Drive to row 1: target_y=3.00, y=-0.31, dy=3.31, yaw_err=-0.068
[INFO] [1778714477.099599516] [final_warehouse_scan_node]: Drive to row 1: target_y=3.00, y=-0.31, dy=3.31, yaw_err=-0.068
[INFO] [1778714477.151252475] [final_warehouse_scan_node]: Drive to row 1: target_y=3.00, y=-0.32, dy=3.32, yaw_err=-0.068
[INFO] [1778714477.199828892] [final_warehouse_scan_node]: Drive to row 1: target_y=3.00, y=-0.32, dy=3.32, yaw_err=-0.068
[INFO] [1778714477.248141652] [final_warehouse_scan_node]: Drive to row 1: target_y=3.00, y=-0.33, dy=3.33, yaw_err=-0.068
[INFO] [1778714477.318470219] [final_warehouse_scan_node]: Drive to row 1: target_y=3.00, y=-0.33, dy=3.33, yaw_err=-0.068
[INFO] [1778714477.350342133] [final_warehouse_scan_node]: Drive to row 1: target_y=3.00, y=-0.33, dy=3.33, yaw_err=-0.068
[INFO] [1778714477.401679647] [final_warehouse_scan_node]: Drive to row 1: target_y=3.00, y=-0.34, dy=3.34, yaw_err=-0.068
[INFO] [1778714477.456168679] [final_warehouse_scan_node]: Drive to row 1: target_y=3.00, y=-0.34, dy=3.34, yaw_err=-0.068
[INFO] [1778714477.500656231] [final_warehouse_scan_node]: Drive to row 1: target_y=3.00, y=-0.34, dy=3.34, yaw_err=-0.068
[INFO] [1778714477.552307899] [final_warehouse_scan_node]: Drive to row 1: target_y=3.00, y=-0.35, dy=3.35, yaw_err=-0.068
[INFO] [1778714477.605303940] [final_warehouse_scan_node]: Drive to row 1: target_y=3.00, y=-0.35, dy=3.35, yaw_err=-0.068
[INFO] [1778714477.661490348] [final_warehouse_scan_node]: Drive to row 1: target_y=3.00, y=-0.36, dy=3.36, yaw_err=-0.068
[INFO] [1778714477.700115805] [final_warehouse_scan_node]: Drive to row 1: target_y=3.00, y=-0.36, dy=3.36, yaw_err=-0.068
[INFO] [1778714477.753007430] [final_warehouse_scan_node]: Drive to row 1: target_y=3.00, y=-0.36, dy=3.36, yaw_err=-0.068
[INFO] [1778714477.803538423] [final_warehouse_scan_node]: Drive to row 1: target_y=3.00, y=-0.37, dy=3.37, yaw_err=-0.068
[INFO] [1778714477.855863151] [final_warehouse_scan_node]: Drive to row 1: target_y=3.00, y=-0.37, dy=3.37, yaw_err=-0.068
[INFO] [1778714477.903636899] [final_warehouse_scan_node]: Drive to row 1: target_y=3.00, y=-0.37, dy=3.37, yaw_err=-0.068
[INFO] [1778714477.955250301] [final_warehouse_scan_node]: Drive to row 1: target_y=3.00, y=-0.38, dy=3.38, yaw_err=-0.068
[INFO] [1778714478.003699572] [final_warehouse_scan_node]: Drive to row 1: target_y=3.00, y=-0.38, dy=3.38, yaw_err=-0.068
[INFO] [1778714478.052524888] [final_warehouse_scan_node]: Drive to row 1: target_y=3.00, y=-0.38, dy=3.38, yaw_err=-0.068
[INFO] [1778714478.106634178] [final_warehouse_scan_node]: Drive to row 1: target_y=3.00, y=-0.39, dy=3.39, yaw_err=-0.068
[INFO] [1778714478.161136125] [final_warehouse_scan_node]: Drive to row 1: target_y=3.00, y=-0.39, dy=3.39, yaw_err=-0.068
[INFO] [1778714478.203748910] [final_warehouse_scan_node]: Drive to row 1: target_y=3.00, y=-0.39, dy=3.39, yaw_err=-0.068
[INFO] [1778714478.252483491] [final_warehouse_scan_node]: Drive to row 1: target_y=3.00, y=-0.40, dy=3.40, yaw_err=-0.068
[INFO] [1778714478.311266728] [final_warehouse_scan_node]: Drive to row 1: target_y=3.00, y=-0.40, dy=3.40, yaw_err=-0.068
[INFO] [1778714478.351291852] [final_warehouse_scan_node]: Drive to row 1: target_y=3.00, y=-0.40, dy=3.40, yaw_err=-0.068
[INFO] [1778714478.408904077] [final_warehouse_scan_node]: Drive to row 1: target_y=3.00, y=-0.40, dy=3.40, yaw_err=-0.068
[INFO] [1778714478.453925696] [final_warehouse_scan_node]: Drive to row 1: target_y=3.00, y=-0.41, dy=3.41, yaw_err=-0.068
[INFO] [1778714478.505564158] [final_warehouse_scan_node]: Drive to row 1: target_y=3.00, y=-0.41, dy=3.41, yaw_err=-0.068
[INFO] [1778714478.552716976] [final_warehouse_scan_node]: Drive to row 1: target_y=3.00, y=-0.41, dy=3.41, yaw_err=-0.068
[INFO] [1778714478.602884386] [final_warehouse_scan_node]: Drive to row 1: target_y=3.00, y=-0.41, dy=3.41, yaw_err=-0.068
[INFO] [1778714478.653430887] [final_warehouse_scan_node]: Drive to row 1: target_y=3.00, y=-0.42, dy=3.42, yaw_err=-0.068
[INFO] [1778714478.715513419] [final_warehouse_scan_node]: Drive to row 1: target_y=3.00, y=-0.42, dy=3.42, yaw_err=-0.068
[INFO] [1778714478.750717714] [final_warehouse_scan_node]: Drive to row 1: target_y=3.00, y=-0.42, dy=3.42, yaw_err=-0.068
[INFO] [1778714478.803915296] [final_warehouse_scan_node]: Drive to row 1: target_y=3.00, y=-0.42, dy=3.42, yaw_err=-0.068
[INFO] [1778714478.856695829] [final_warehouse_scan_node]: Drive to row 1: target_y=3.00, y=-0.43, dy=3.43, yaw_err=-0.068
[INFO] [1778714478.903487373] [final_warehouse_scan_node]: Drive to row 1: target_y=3.00, y=-0.43, dy=3.43, yaw_err=-0.068
[INFO] [1778714478.952068012] [final_warehouse_scan_node]: Drive to row 1: target_y=3.00, y=-0.44, dy=3.44, yaw_err=-0.068
[INFO] [1778714479.008391830] [final_warehouse_scan_node]: Drive to row 1: target_y=3.00, y=-0.44, dy=3.44, yaw_err=-0.068
[INFO] [1778714479.055104714] [final_warehouse_scan_node]: Drive to row 1: target_y=3.00, y=-0.44, dy=3.44, yaw_err=-0.068
[INFO] [1778714479.106030891] [final_warehouse_scan_node]: Drive to row 1: target_y=3.00, y=-0.45, dy=3.45, yaw_err=-0.068
[INFO] [1778714479.158963877] [final_warehouse_scan_node]: Drive to row 1: target_y=3.00, y=-0.45, dy=3.45, yaw_err=-0.068
[INFO] [1778714479.204694805] [final_warehouse_scan_node]: Drive to row 1: target_y=3.00, y=-0.46, dy=3.46, yaw_err=-0.068
[INFO] [1778714479.254656679] [final_warehouse_scan_node]: Drive to row 1: target_y=3.00, y=-0.46, dy=3.46, yaw_err=-0.068
[INFO] [1778714479.302479098] [final_warehouse_scan_node]: Drive to row 1: target_y=3.00, y=-0.46, dy=3.46, yaw_err=-0.068
[INFO] [1778714479.351222798] [final_warehouse_scan_node]: Drive to row 1: target_y=3.00, y=-0.47, dy=3.47, yaw_err=-0.068
[INFO] [1778714479.409905568] [final_warehouse_scan_node]: Drive to row 1: target_y=3.00, y=-0.47, dy=3.47, yaw_err=-0.068
[INFO] [1778714479.450639354] [final_warehouse_scan_node]: Drive to row 1: target_y=3.00, y=-0.47, dy=3.47, yaw_err=-0.068
[INFO] [1778714479.502625780] [final_warehouse_scan_node]: Drive to row 1: target_y=3.00, y=-0.48, dy=3.48, yaw_err=-0.068
[INFO] [1778714479.560343484] [final_warehouse_scan_node]: Drive to row 1: target_y=3.00, y=-0.48, dy=3.48, yaw_err=-0.068
[INFO] [1778714479.600770025] [final_warehouse_scan_node]: Drive to row 1: target_y=3.00, y=-0.48, dy=3.48, yaw_err=-0.068
[INFO] [1778714479.654773451] [final_warehouse_scan_node]: Drive to row 1: target_y=3.00, y=-0.49, dy=3.49, yaw_err=-0.068
[INFO] [1778714479.705470643] [final_warehouse_scan_node]: Drive to row 1: target_y=3.00, y=-0.49, dy=3.49, yaw_err=-0.068
[INFO] [1778714479.770349719] [final_warehouse_scan_node]: Drive to row 1: target_y=3.00, y=-0.49, dy=3.49, yaw_err=-0.068
[INFO] [1778714479.805505507] [final_warehouse_scan_node]: Drive to row 1: target_y=3.00, y=-0.50, dy=3.50, yaw_err=-0.068
[INFO] [1778714479.854997502] [final_warehouse_scan_node]: Drive to row 1: target_y=3.00, y=-0.50, dy=3.50, yaw_err=-0.068
[INFO] [1778714479.906904616] [final_warehouse_scan_node]: Drive to row 1: target_y=3.00, y=-0.50, dy=3.50, yaw_err=-0.068
[INFO] [1778714479.960743211] [final_warehouse_scan_node]: Drive to row 1: target_y=3.00, y=-0.51, dy=3.51, yaw_err=-0.068
[INFO] [1778714480.004494353] [final_warehouse_scan_node]: Drive to row 1: target_y=3.00, y=-0.51, dy=3.51, yaw_err=-0.068
[INFO] [1778714480.063921608] [final_warehouse_scan_node]: Drive to row 1: target_y=3.00, y=-0.51, dy=3.51, yaw_err=-0.068
[INFO] [1778714480.111856863] [final_warehouse_scan_node]: Drive to row 1: target_y=3.00, y=-0.52, dy=3.52, yaw_err=-0.068
[INFO] [1778714480.165701416] [final_warehouse_scan_node]: Drive to row 1: target_y=3.00, y=-0.52, dy=3.52, yaw_err=-0.068
[INFO] [1778714480.205093576] [final_warehouse_scan_node]: Drive to row 1: target_y=3.00, y=-0.52, dy=3.52, yaw_err=-0.068
[INFO] [1778714480.253365562] [final_warehouse_scan_node]: Drive to row 1: target_y=3.00, y=-0.52, dy=3.52, yaw_err=-0.068
[INFO] [1778714480.308252514] [final_warehouse_scan_node]: Drive to row 1: target_y=3.00, y=-0.52, dy=3.52, yaw_err=-0.068
[INFO] [1778714480.353204703] [final_warehouse_scan_node]: Drive to row 1: target_y=3.00, y=-0.53, dy=3.53, yaw_err=-0.068
[INFO] [1778714480.413700772] [final_warehouse_scan_node]: Drive to row 1: target_y=3.00, y=-0.53, dy=3.53, yaw_err=-0.068
[INFO] [1778714480.457694884] [final_warehouse_scan_node]: Drive to row 1: target_y=3.00, y=-0.53, dy=3.53, yaw_err=-0.068
[INFO] [1778714480.523938931] [final_warehouse_scan_node]: Drive to row 1: target_y=3.00, y=-0.53, dy=3.53, yaw_err=-0.068
[INFO] [1778714480.557518251] [final_warehouse_scan_node]: Drive to row 1: target_y=3.00, y=-0.54, dy=3.54, yaw_err=-0.068
[INFO] [1778714480.623734022] [final_warehouse_scan_node]: Drive to row 1: target_y=3.00, y=-0.54, dy=3.54, yaw_err=-0.068
[INFO] [1778714480.656669606] [final_warehouse_scan_node]: Drive to row 1: target_y=3.00, y=-0.54, dy=3.54, yaw_err=-0.068
[INFO] [1778714480.705829816] [final_warehouse_scan_node]: Drive to row 1: target_y=3.00, y=-0.54, dy=3.54, yaw_err=-0.068
[INFO] [1778714480.757117366] [final_warehouse_scan_node]: Drive to row 1: target_y=3.00, y=-0.55, dy=3.55, yaw_err=-0.068
[INFO] [1778714480.808379705] [final_warehouse_scan_node]: Drive to row 1: target_y=3.00, y=-0.55, dy=3.55, yaw_err=-0.068
[INFO] [1778714480.860947334] [final_warehouse_scan_node]: Drive to row 1: target_y=3.00, y=-0.55, dy=3.55, yaw_err=-0.068
[INFO] [1778714480.913479487] [final_warehouse_scan_node]: Drive to row 1: target_y=3.00, y=-0.55, dy=3.55, yaw_err=-0.068
[INFO] [1778714480.954797046] [final_warehouse_scan_node]: Drive to row 1: target_y=3.00, y=-0.56, dy=3.56, yaw_err=-0.068
[INFO] [1778714481.005845830] [final_warehouse_scan_node]: Drive to row 1: target_y=3.00, y=-0.56, dy=3.56, yaw_err=-0.068
[INFO] [1778714481.061214162] [final_warehouse_scan_node]: Drive to row 1: target_y=3.00, y=-0.56, dy=3.56, yaw_err=-0.068
[INFO] [1778714481.098944275] [final_warehouse_scan_node]: Drive to row 1: target_y=3.00, y=-0.56, dy=3.56, yaw_err=-0.068
[INFO] [1778714481.149871015] [final_warehouse_scan_node]: Drive to row 1: target_y=3.00, y=-0.57, dy=3.57, yaw_err=-0.068
[INFO] [1778714481.202014367] [final_warehouse_scan_node]: Drive to row 1: target_y=3.00, y=-0.57, dy=3.57, yaw_err=-0.068
[INFO] [1778714481.250530656] [final_warehouse_scan_node]: Drive to row 1: target_y=3.00, y=-0.57, dy=3.57, yaw_err=-0.068
[INFO] [1778714481.302930321] [final_warehouse_scan_node]: Drive to row 1: target_y=3.00, y=-0.58, dy=3.58, yaw_err=-0.068
[INFO] [1778714481.362044271] [final_warehouse_scan_node]: Drive to row 1: target_y=3.00, y=-0.58, dy=3.58, yaw_err=-0.068
[INFO] [1778714481.405045588] [final_warehouse_scan_node]: Drive to row 1: target_y=3.00, y=-0.59, dy=3.59, yaw_err=-0.068
[INFO] [1778714481.450888753] [final_warehouse_scan_node]: Drive to row 1: target_y=3.00, y=-0.59, dy=3.59, yaw_err=-0.068
[INFO] [1778714481.499710576] [final_warehouse_scan_node]: Drive to row 1: target_y=3.00, y=-0.59, dy=3.59, yaw_err=-0.068
[INFO] [1778714481.551590538] [final_warehouse_scan_node]: Drive to row 1: target_y=3.00, y=-0.60, dy=3.60, yaw_err=-0.068
[INFO] [1778714481.605650912] [final_warehouse_scan_node]: Drive to row 1: target_y=3.00, y=-0.60, dy=3.60, yaw_err=-0.068
[INFO] [1778714481.650400777] [final_warehouse_scan_node]: Drive to row 1: target_y=3.00, y=-0.60, dy=3.60, yaw_err=-0.068
[INFO] [1778714481.704213922] [final_warehouse_scan_node]: Drive to row 1: target_y=3.00, y=-0.61, dy=3.61, yaw_err=-0.068
[INFO] [1778714481.750594962] [final_warehouse_scan_node]: Drive to row 1: target_y=3.00, y=-0.61, dy=3.61, yaw_err=-0.068
[INFO] [1778714481.801988486] [final_warehouse_scan_node]: Drive to row 1: target_y=3.00, y=-0.61, dy=3.61, yaw_err=-0.068
[INFO] [1778714481.859466353] [final_warehouse_scan_node]: Drive to row 1: target_y=3.00, y=-0.62, dy=3.62, yaw_err=-0.068
[INFO] [1778714481.900448690] [final_warehouse_scan_node]: Drive to row 1: target_y=3.00, y=-0.62, dy=3.62, yaw_err=-0.068
[INFO] [1778714481.951071201] [final_warehouse_scan_node]: Drive to row 1: target_y=3.00, y=-0.62, dy=3.62, yaw_err=-0.068
[INFO] [1778714482.012116666] [final_warehouse_scan_node]: Drive to row 1: target_y=3.00, y=-0.63, dy=3.63, yaw_err=-0.068
[INFO] [1778714482.051691245] [final_warehouse_scan_node]: Drive to row 1: target_y=3.00, y=-0.63, dy=3.63, yaw_err=-0.068
[INFO] [1778714482.098250129] [final_warehouse_scan_node]: Drive to row 1: target_y=3.00, y=-0.64, dy=3.64, yaw_err=-0.068
[INFO] [1778714482.150518510] [final_warehouse_scan_node]: Drive to row 1: target_y=3.00, y=-0.64, dy=3.64, yaw_err=-0.068
[INFO] [1778714482.205242986] [final_warehouse_scan_node]: Drive to row 1: target_y=3.00, y=-0.64, dy=3.64, yaw_err=-0.068
[INFO] [1778714482.266132380] [final_warehouse_scan_node]: Drive to row 1: target_y=3.00, y=-0.65, dy=3.65, yaw_err=-0.068
[INFO] [1778714482.301606057] [final_warehouse_scan_node]: Drive to row 1: target_y=3.00, y=-0.65, dy=3.65, yaw_err=-0.068
[INFO] [1778714482.360179040] [final_warehouse_scan_node]: Drive to row 1: target_y=3.00, y=-0.65, dy=3.65, yaw_err=-0.068
[INFO] [1778714482.405752137] [final_warehouse_scan_node]: Drive to row 1: target_y=3.00, y=-0.66, dy=3.66, yaw_err=-0.068
[INFO] [1778714482.453817677] [final_warehouse_scan_node]: Drive to row 1: target_y=3.00, y=-0.66, dy=3.66, yaw_err=-0.068
[INFO] [1778714482.512590646] [final_warehouse_scan_node]: Drive to row 1: target_y=3.00, y=-0.66, dy=3.66, yaw_err=-0.068
[INFO] [1778714482.562059461] [final_warehouse_scan_node]: Drive to row 1: target_y=3.00, y=-0.67, dy=3.67, yaw_err=-0.068
[INFO] [1778714482.607476252] [final_warehouse_scan_node]: Drive to row 1: target_y=3.00, y=-0.67, dy=3.67, yaw_err=-0.068
[INFO] [1778714482.655697675] [final_warehouse_scan_node]: Drive to row 1: target_y=3.00, y=-0.67, dy=3.67, yaw_err=-0.068
[INFO] [1778714482.707841770] [final_warehouse_scan_node]: Drive to row 1: target_y=3.00, y=-0.67, dy=3.67, yaw_err=-0.068
[INFO] [1778714482.775009515] [final_warehouse_scan_node]: Drive to row 1: target_y=3.00, y=-0.68, dy=3.68, yaw_err=-0.068
[INFO] [1778714482.814574579] [final_warehouse_scan_node]: Drive to row 1: target_y=3.00, y=-0.68, dy=3.68, yaw_err=-0.068
[INFO] [1778714482.857384801] [final_warehouse_scan_node]: Drive to row 1: target_y=3.00, y=-0.68, dy=3.68, yaw_err=-0.068
[INFO] [1778714482.917680088] [final_warehouse_scan_node]: Drive to row 1: target_y=3.00, y=-0.68, dy=3.68, yaw_err=-0.068
[INFO] [1778714482.966285835] [final_warehouse_scan_node]: Drive to row 1: target_y=3.00, y=-0.68, dy=3.68, yaw_err=-0.068
[INFO] [1778714483.014082494] [final_warehouse_scan_node]: Drive to row 1: target_y=3.00, y=-0.69, dy=3.69, yaw_err=-0.068
[INFO] [1778714483.050905315] [final_warehouse_scan_node]: Drive to row 1: target_y=3.00, y=-0.69, dy=3.69, yaw_err=-0.068
[INFO] [1778714483.104376661] [final_warehouse_scan_node]: Drive to row 1: target_y=3.00, y=-0.69, dy=3.69, yaw_err=-0.068
[INFO] [1778714483.157282829] [final_warehouse_scan_node]: Drive to row 1: target_y=3.00, y=-0.70, dy=3.70, yaw_err=-0.068
[INFO] [1778714483.206131160] [final_warehouse_scan_node]: Drive to row 1: target_y=3.00, y=-0.70, dy=3.70, yaw_err=-0.068
[INFO] [1778714483.252602597] [final_warehouse_scan_node]: Drive to row 1: target_y=3.00, y=-0.70, dy=3.70, yaw_err=-0.068
[INFO] [1778714483.300073001] [final_warehouse_scan_node]: Drive to row 1: target_y=3.00, y=-0.71, dy=3.71, yaw_err=-0.068
[INFO] [1778714483.359180401] [final_warehouse_scan_node]: Drive to row 1: target_y=3.00, y=-0.71, dy=3.71, yaw_err=-0.068
[INFO] [1778714483.401315817] [final_warehouse_scan_node]: Drive to row 1: target_y=3.00, y=-0.71, dy=3.71, yaw_err=-0.068
[INFO] [1778714483.460036374] [final_warehouse_scan_node]: Drive to row 1: target_y=3.00, y=-0.72, dy=3.72, yaw_err=-0.068
[INFO] [1778714483.507504463] [final_warehouse_scan_node]: Drive to row 1: target_y=3.00, y=-0.72, dy=3.72, yaw_err=-0.068
[INFO] [1778714483.558568412] [final_warehouse_scan_node]: Drive to row 1: target_y=3.00, y=-0.73, dy=3.73, yaw_err=-0.068
[INFO] [1778714483.599442684] [final_warehouse_scan_node]: Drive to row 1: target_y=3.00, y=-0.73, dy=3.73, yaw_err=-0.068
[INFO] [1778714483.649802100] [final_warehouse_scan_node]: Drive to row 1: target_y=3.00, y=-0.73, dy=3.73, yaw_err=-0.068
[INFO] [1778714483.699441687] [final_warehouse_scan_node]: Drive to row 1: target_y=3.00, y=-0.74, dy=3.74, yaw_err=-0.068
[INFO] [1778714483.749056193] [final_warehouse_scan_node]: Drive to row 1: target_y=3.00, y=-0.74, dy=3.74, yaw_err=-0.068
[INFO] [1778714483.800025530] [final_warehouse_scan_node]: Drive to row 1: target_y=3.00, y=-0.74, dy=3.74, yaw_err=-0.068
[INFO] [1778714483.860492235] [final_warehouse_scan_node]: Drive to row 1: target_y=3.00, y=-0.75, dy=3.75, yaw_err=-0.068
[INFO] [1778714483.900954340] [final_warehouse_scan_node]: Drive to row 1: target_y=3.00, y=-0.75, dy=3.75, yaw_err=-0.068
[INFO] [1778714483.952564333] [final_warehouse_scan_node]: Drive to row 1: target_y=3.00, y=-0.75, dy=3.75, yaw_err=-0.068
[INFO] [1778714484.017067650] [final_warehouse_scan_node]: Drive to row 1: target_y=3.00, y=-0.76, dy=3.76, yaw_err=-0.068
[INFO] [1778714484.057978734] [final_warehouse_scan_node]: Drive to row 1: target_y=3.00, y=-0.76, dy=3.76, yaw_err=-0.068
[INFO] [1778714484.105748294] [final_warehouse_scan_node]: Drive to row 1: target_y=3.00, y=-0.76, dy=3.76, yaw_err=-0.068
[INFO] [1778714484.152950551] [final_warehouse_scan_node]: Drive to row 1: target_y=3.00, y=-0.77, dy=3.77, yaw_err=-0.068
[INFO] [1778714484.201181510] [final_warehouse_scan_node]: Drive to row 1: target_y=3.00, y=-0.77, dy=3.77, yaw_err=-0.068
[INFO] [1778714484.254601432] [final_warehouse_scan_node]: Drive to row 1: target_y=3.00, y=-0.77, dy=3.77, yaw_err=-0.068
[INFO] [1778714484.311904573] [final_warehouse_scan_node]: Drive to row 1: target_y=3.00, y=-0.78, dy=3.78, yaw_err=-0.068
[INFO] [1778714484.356206838] [final_warehouse_scan_node]: Drive to row 1: target_y=3.00, y=-0.78, dy=3.78, yaw_err=-0.068
[INFO] [1778714484.403359388] [final_warehouse_scan_node]: Drive to row 1: target_y=3.00, y=-0.78, dy=3.78, yaw_err=-0.068
[INFO] [1778714484.457981359] [final_warehouse_scan_node]: Drive to row 1: target_y=3.00, y=-0.79, dy=3.79, yaw_err=-0.068
[INFO] [1778714484.507379886] [final_warehouse_scan_node]: Drive to row 1: target_y=3.00, y=-0.79, dy=3.79, yaw_err=-0.068
[INFO] [1778714484.550113731] [final_warehouse_scan_node]: Drive to row 1: target_y=3.00, y=-0.79, dy=3.79, yaw_err=-0.068
[INFO] [1778714484.601329771] [final_warehouse_scan_node]: Drive to row 1: target_y=3.00, y=-0.80, dy=3.80, yaw_err=-0.068
[INFO] [1778714484.654062607] [final_warehouse_scan_node]: Drive to row 1: target_y=3.00, y=-0.80, dy=3.80, yaw_err=-0.068
[INFO] [1778714484.703139467] [final_warehouse_scan_node]: Drive to row 1: target_y=3.00, y=-0.80, dy=3.80, yaw_err=-0.068
[INFO] [1778714484.753383489] [final_warehouse_scan_node]: Drive to row 1: target_y=3.00, y=-0.81, dy=3.81, yaw_err=-0.068
[INFO] [1778714484.804174849] [final_warehouse_scan_node]: Drive to row 1: target_y=3.00, y=-0.81, dy=3.81, yaw_err=-0.068
[INFO] [1778714484.853366485] [final_warehouse_scan_node]: Drive to row 1: target_y=3.00, y=-0.81, dy=3.81, yaw_err=-0.068
[INFO] [1778714484.911800593] [final_warehouse_scan_node]: Drive to row 1: target_y=3.00, y=-0.82, dy=3.82, yaw_err=-0.068
[INFO] [1778714484.952313093] [final_warehouse_scan_node]: Drive to row 1: target_y=3.00, y=-0.82, dy=3.82, yaw_err=-0.068
[INFO] [1778714485.000029111] [final_warehouse_scan_node]: Drive to row 1: target_y=3.00, y=-0.82, dy=3.82, yaw_err=-0.068
[INFO] [1778714485.057368872] [final_warehouse_scan_node]: Drive to row 1: target_y=3.00, y=-0.83, dy=3.83, yaw_err=-0.068
[INFO] [1778714485.108261083] [final_warehouse_scan_node]: Drive to row 1: target_y=3.00, y=-0.83, dy=3.83, yaw_err=-0.068
[INFO] [1778714485.151898311] [final_warehouse_scan_node]: Drive to row 1: target_y=3.00, y=-0.83, dy=3.83, yaw_err=-0.068
[INFO] [1778714485.216741981] [final_warehouse_scan_node]: Drive to row 1: target_y=3.00, y=-0.84, dy=3.84, yaw_err=-0.068
[INFO] [1778714485.249286615] [final_warehouse_scan_node]: Drive to row 1: target_y=3.00, y=-0.84, dy=3.84, yaw_err=-0.068
[INFO] [1778714485.302745426] [final_warehouse_scan_node]: Drive to row 1: target_y=3.00, y=-0.84, dy=3.84, yaw_err=-0.068
[INFO] [1778714485.360730662] [final_warehouse_scan_node]: Drive to row 1: target_y=3.00, y=-0.85, dy=3.85, yaw_err=-0.068
[INFO] [1778714485.400583057] [final_warehouse_scan_node]: Drive to row 1: target_y=3.00, y=-0.85, dy=3.85, yaw_err=-0.068
[INFO] [1778714485.455466041] [final_warehouse_scan_node]: Drive to row 1: target_y=3.00, y=-0.86, dy=3.86, yaw_err=-0.068
[INFO] [1778714485.504190254] [final_warehouse_scan_node]: Drive to row 1: target_y=3.00, y=-0.86, dy=3.86, yaw_err=-0.068
[INFO] [1778714485.551945899] [final_warehouse_scan_node]: Drive to row 1: target_y=3.00, y=-0.86, dy=3.86, yaw_err=-0.068
[INFO] [1778714485.602238744] [final_warehouse_scan_node]: Drive to row 1: target_y=3.00, y=-0.87, dy=3.87, yaw_err=-0.068
[INFO] [1778714485.650258575] [final_warehouse_scan_node]: Drive to row 1: target_y=3.00, y=-0.87, dy=3.87, yaw_err=-0.068
[INFO] [1778714485.701604819] [final_warehouse_scan_node]: Drive to row 1: target_y=3.00, y=-0.87, dy=3.87, yaw_err=-0.068
[INFO] [1778714485.766984021] [final_warehouse_scan_node]: Drive to row 1: target_y=3.00, y=-0.88, dy=3.88, yaw_err=-0.068
[INFO] [1778714485.801289942] [final_warehouse_scan_node]: Drive to row 1: target_y=3.00, y=-0.88, dy=3.88, yaw_err=-0.068
[INFO] [1778714485.854560636] [final_warehouse_scan_node]: Drive to row 1: target_y=3.00, y=-0.89, dy=3.89, yaw_err=-0.068
[INFO] [1778714485.906385319] [final_warehouse_scan_node]: Drive to row 1: target_y=3.00, y=-0.89, dy=3.89, yaw_err=-0.068
[INFO] [1778714485.956862426] [final_warehouse_scan_node]: Drive to row 1: target_y=3.00, y=-0.89, dy=3.89, yaw_err=-0.068
[INFO] [1778714486.000433835] [final_warehouse_scan_node]: Drive to row 1: target_y=3.00, y=-0.90, dy=3.90, yaw_err=-0.068
[INFO] [1778714486.051811725] [final_warehouse_scan_node]: Drive to row 1: target_y=3.00, y=-0.90, dy=3.90, yaw_err=-0.068
[INFO] [1778714486.100455744] [final_warehouse_scan_node]: Drive to row 1: target_y=3.00, y=-0.91, dy=3.91, yaw_err=-0.068
[INFO] [1778714486.153025877] [final_warehouse_scan_node]: Drive to row 1: target_y=3.00, y=-0.91, dy=3.91, yaw_err=-0.068
[INFO] [1778714486.209363978] [final_warehouse_scan_node]: Drive to row 1: target_y=3.00, y=-0.91, dy=3.91, yaw_err=-0.068
[INFO] [1778714486.256705564] [final_warehouse_scan_node]: Drive to row 1: target_y=3.00, y=-0.92, dy=3.92, yaw_err=-0.068
[INFO] [1778714486.301625828] [final_warehouse_scan_node]: Drive to row 1: target_y=3.00, y=-0.92, dy=3.92, yaw_err=-0.068
[INFO] [1778714486.354538844] [final_warehouse_scan_node]: Drive to row 1: target_y=3.00, y=-0.92, dy=3.92, yaw_err=-0.068
[INFO] [1778714486.400474047] [final_warehouse_scan_node]: Drive to row 1: target_y=3.00, y=-0.93, dy=3.93, yaw_err=-0.068
[INFO] [1778714486.451896916] [final_warehouse_scan_node]: Drive to row 1: target_y=3.00, y=-0.93, dy=3.93, yaw_err=-0.068
[INFO] [1778714486.508832728] [final_warehouse_scan_node]: Drive to row 1: target_y=3.00, y=-0.94, dy=3.94, yaw_err=-0.068
[INFO] [1778714486.554127887] [final_warehouse_scan_node]: Drive to row 1: target_y=3.00, y=-0.94, dy=3.94, yaw_err=-0.068
[INFO] [1778714486.602835290] [final_warehouse_scan_node]: Drive to row 1: target_y=3.00, y=-0.94, dy=3.94, yaw_err=-0.068
[INFO] [1778714486.658646309] [final_warehouse_scan_node]: Drive to row 1: target_y=3.00, y=-0.95, dy=3.95, yaw_err=-0.068
[INFO] [1778714486.705791800] [final_warehouse_scan_node]: Drive to row 1: target_y=3.00, y=-0.95, dy=3.95, yaw_err=-0.068
[INFO] [1778714486.755450732] [final_warehouse_scan_node]: Drive to row 1: target_y=3.00, y=-0.95, dy=3.95, yaw_err=-0.068
[INFO] [1778714486.819857824] [final_warehouse_scan_node]: Drive to row 1: target_y=3.00, y=-0.96, dy=3.96, yaw_err=-0.068
[INFO] [1778714486.852086902] [final_warehouse_scan_node]: Drive to row 1: target_y=3.00, y=-0.96, dy=3.96, yaw_err=-0.068
[INFO] [1778714486.905303463] [final_warehouse_scan_node]: Drive to row 1: target_y=3.00, y=-0.96, dy=3.96, yaw_err=-0.068
[INFO] [1778714486.956179040] [final_warehouse_scan_node]: Drive to row 1: target_y=3.00, y=-0.97, dy=3.97, yaw_err=-0.068
[INFO] [1778714487.009068512] [final_warehouse_scan_node]: Drive to row 1: target_y=3.00, y=-0.97, dy=3.97, yaw_err=-0.068
[INFO] [1778714487.050389092] [final_warehouse_scan_node]: Drive to row 1: target_y=3.00, y=-0.97, dy=3.97, yaw_err=-0.068
[INFO] [1778714487.099640469] [final_warehouse_scan_node]: Drive to row 1: target_y=3.00, y=-0.98, dy=3.98, yaw_err=-0.068
[INFO] [1778714487.155916018] [final_warehouse_scan_node]: Drive to row 1: target_y=3.00, y=-0.98, dy=3.98, yaw_err=-0.068
[INFO] [1778714487.203320336] [final_warehouse_scan_node]: Drive to row 1: target_y=3.00, y=-0.99, dy=3.99, yaw_err=-0.068
[INFO] [1778714487.265099449] [final_warehouse_scan_node]: Drive to row 1: target_y=3.00, y=-0.99, dy=3.99, yaw_err=-0.068
[INFO] [1778714487.298761500] [final_warehouse_scan_node]: Drive to row 1: target_y=3.00, y=-0.99, dy=3.99, yaw_err=-0.068
[INFO] [1778714487.351331590] [final_warehouse_scan_node]: Drive to row 1: target_y=3.00, y=-1.00, dy=4.00, yaw_err=-0.068
[INFO] [1778714487.408853456] [final_warehouse_scan_node]: Drive to row 1: target_y=3.00, y=-1.00, dy=4.00, yaw_err=-0.068
[INFO] [1778714487.451676597] [final_warehouse_scan_node]: Drive to row 1: target_y=3.00, y=-1.00, dy=4.00, yaw_err=-0.068
[INFO] [1778714487.499555389] [final_warehouse_scan_node]: Drive to row 1: target_y=3.00, y=-1.01, dy=4.01, yaw_err=-0.068
[INFO] [1778714487.551753980] [final_warehouse_scan_node]: Drive to row 1: target_y=3.00, y=-1.01, dy=4.01, yaw_err=-0.068
[INFO] [1778714487.602033351] [final_warehouse_scan_node]: Drive to row 1: target_y=3.00, y=-1.02, dy=4.02, yaw_err=-0.068
[INFO] [1778714487.648634031] [final_warehouse_scan_node]: Drive to row 1: target_y=3.00, y=-1.02, dy=4.02, yaw_err=-0.068
[INFO] [1778714487.700366757] [final_warehouse_scan_node]: Drive to row 1: target_y=3.00, y=-1.02, dy=4.02, yaw_err=-0.068
[INFO] [1778714487.754041267] [final_warehouse_scan_node]: Drive to row 1: target_y=3.00, y=-1.03, dy=4.03, yaw_err=-0.068
[INFO] [1778714487.805838947] [final_warehouse_scan_node]: Drive to row 1: target_y=3.00, y=-1.03, dy=4.03, yaw_err=-0.068
[INFO] [1778714487.858609791] [final_warehouse_scan_node]: Drive to row 1: target_y=3.00, y=-1.04, dy=4.04, yaw_err=-0.068
[INFO] [1778714487.900086592] [final_warehouse_scan_node]: Drive to row 1: target_y=3.00, y=-1.04, dy=4.04, yaw_err=-0.068
[INFO] [1778714487.948205291] [final_warehouse_scan_node]: Drive to row 1: target_y=3.00, y=-1.04, dy=4.04, yaw_err=-0.068
[INFO] [1778714488.001076839] [final_warehouse_scan_node]: Drive to row 1: target_y=3.00, y=-1.05, dy=4.05, yaw_err=-0.068
[INFO] [1778714488.055177357] [final_warehouse_scan_node]: Drive to row 1: target_y=3.00, y=-1.05, dy=4.05, yaw_err=-0.068
[INFO] [1778714488.106717846] [final_warehouse_scan_node]: Drive to row 1: target_y=3.00, y=-1.06, dy=4.06, yaw_err=-0.068
[INFO] [1778714488.152220534] [final_warehouse_scan_node]: Drive to row 1: target_y=3.00, y=-1.06, dy=4.06, yaw_err=-0.068
[INFO] [1778714488.203169261] [final_warehouse_scan_node]: Drive to row 1: target_y=3.00, y=-1.06, dy=4.06, yaw_err=-0.068
[INFO] [1778714488.249913765] [final_warehouse_scan_node]: Drive to row 1: target_y=3.00, y=-1.06, dy=4.06, yaw_err=-0.068
[INFO] [1778714488.310294789] [final_warehouse_scan_node]: Drive to row 1: target_y=3.00, y=-1.07, dy=4.07, yaw_err=-0.068
[INFO] [1778714488.348985352] [final_warehouse_scan_node]: Drive to row 1: target_y=3.00, y=-1.07, dy=4.07, yaw_err=-0.068
[INFO] [1778714488.408398509] [final_warehouse_scan_node]: Drive to row 1: target_y=3.00, y=-1.07, dy=4.07, yaw_err=-0.068
[INFO] [1778714488.453852842] [final_warehouse_scan_node]: Drive to row 1: target_y=3.00, y=-1.08, dy=4.08, yaw_err=-0.068
[INFO] [1778714488.522501990] [final_warehouse_scan_node]: Drive to row 1: target_y=3.00, y=-1.08, dy=4.08, yaw_err=-0.068
[INFO] [1778714488.550238559] [final_warehouse_scan_node]: Drive to row 1: target_y=3.00, y=-1.08, dy=4.08, yaw_err=-0.068
[INFO] [1778714488.607495749] [final_warehouse_scan_node]: Drive to row 1: target_y=3.00, y=-1.09, dy=4.09, yaw_err=-0.068
[INFO] [1778714488.661894547] [final_warehouse_scan_node]: Drive to row 1: target_y=3.00, y=-1.09, dy=4.09, yaw_err=-0.068
[INFO] [1778714488.703918563] [final_warehouse_scan_node]: Drive to row 1: target_y=3.00, y=-1.09, dy=4.09, yaw_err=-0.068
[INFO] [1778714488.756357866] [final_warehouse_scan_node]: Drive to row 1: target_y=3.00, y=-1.10, dy=4.10, yaw_err=-0.068
[INFO] [1778714488.803482839] [final_warehouse_scan_node]: Drive to row 1: target_y=3.00, y=-1.10, dy=4.10, yaw_err=-0.068
[INFO] [1778714488.854059736] [final_warehouse_scan_node]: Drive to row 1: target_y=3.00, y=-1.10, dy=4.10, yaw_err=-0.068
[INFO] [1778714488.901734548] [final_warehouse_scan_node]: Drive to row 1: target_y=3.00, y=-1.11, dy=4.11, yaw_err=-0.068
[INFO] [1778714488.955966727] [final_warehouse_scan_node]: Drive to row 1: target_y=3.00, y=-1.11, dy=4.11, yaw_err=-0.068
[INFO] [1778714488.999864009] [final_warehouse_scan_node]: Drive to row 1: target_y=3.00, y=-1.12, dy=4.12, yaw_err=-0.068
[INFO] [1778714489.064166158] [final_warehouse_scan_node]: Drive to row 1: target_y=3.00, y=-1.12, dy=4.12, yaw_err=-0.068
[INFO] [1778714489.102757047] [final_warehouse_scan_node]: Drive to row 1: target_y=3.00, y=-1.12, dy=4.12, yaw_err=-0.068
[INFO] [1778714489.150469534] [final_warehouse_scan_node]: Drive to row 1: target_y=3.00, y=-1.13, dy=4.13, yaw_err=-0.068
[INFO] [1778714489.205618931] [final_warehouse_scan_node]: Drive to row 1: target_y=3.00, y=-1.13, dy=4.13, yaw_err=-0.068
[INFO] [1778714489.257449470] [final_warehouse_scan_node]: Drive to row 1: target_y=3.00, y=-1.14, dy=4.14, yaw_err=-0.068
[INFO] [1778714489.302327574] [final_warehouse_scan_node]: Drive to row 1: target_y=3.00, y=-1.14, dy=4.14, yaw_err=-0.068
[INFO] [1778714489.353631397] [final_warehouse_scan_node]: Drive to row 1: target_y=3.00, y=-1.14, dy=4.14, yaw_err=-0.068
[INFO] [1778714489.401953306] [final_warehouse_scan_node]: Drive to row 1: target_y=3.00, y=-1.15, dy=4.15, yaw_err=-0.068
[INFO] [1778714489.457988128] [final_warehouse_scan_node]: Drive to row 1: target_y=3.00, y=-1.15, dy=4.15, yaw_err=-0.068
[INFO] [1778714489.502494430] [final_warehouse_scan_node]: Drive to row 1: target_y=3.00, y=-1.16, dy=4.16, yaw_err=-0.068
[INFO] [1778714489.550556251] [final_warehouse_scan_node]: Drive to row 1: target_y=3.00, y=-1.16, dy=4.16, yaw_err=-0.068
[INFO] [1778714489.613064269] [final_warehouse_scan_node]: Drive to row 1: target_y=3.00, y=-1.16, dy=4.16, yaw_err=-0.068
[INFO] [1778714489.651313257] [final_warehouse_scan_node]: Drive to row 1: target_y=3.00, y=-1.17, dy=4.17, yaw_err=-0.068
[INFO] [1778714489.704864635] [final_warehouse_scan_node]: Drive to row 1: target_y=3.00, y=-1.17, dy=4.17, yaw_err=-0.068
[INFO] [1778714489.759783333] [final_warehouse_scan_node]: Drive to row 1: target_y=3.00, y=-1.17, dy=4.17, yaw_err=-0.068
[INFO] [1778714489.803025826] [final_warehouse_scan_node]: Drive to row 1: target_y=3.00, y=-1.18, dy=4.18, yaw_err=-0.068
[INFO] [1778714489.850512871] [final_warehouse_scan_node]: Drive to row 1: target_y=3.00, y=-1.18, dy=4.18, yaw_err=-0.068
[INFO] [1778714489.900789092] [final_warehouse_scan_node]: Drive to row 1: target_y=3.00, y=-1.18, dy=4.18, yaw_err=-0.068
[INFO] [1778714489.951543154] [final_warehouse_scan_node]: Drive to row 1: target_y=3.00, y=-1.19, dy=4.19, yaw_err=-0.068
[INFO] [1778714489.999795807] [final_warehouse_scan_node]: Drive to row 1: target_y=3.00, y=-1.19, dy=4.19, yaw_err=-0.068
[INFO] [1778714490.052268927] [final_warehouse_scan_node]: Drive to row 1: target_y=3.00, y=-1.20, dy=4.20, yaw_err=-0.068
[INFO] [1778714490.106020893] [final_warehouse_scan_node]: Drive to row 1: target_y=3.00, y=-1.20, dy=4.20, yaw_err=-0.068
[INFO] [1778714490.149472948] [final_warehouse_scan_node]: Drive to row 1: target_y=3.00, y=-1.20, dy=4.20, yaw_err=-0.068
[INFO] [1778714490.201912965] [final_warehouse_scan_node]: Drive to row 1: target_y=3.00, y=-1.21, dy=4.21, yaw_err=-0.068
[INFO] [1778714490.256776516] [final_warehouse_scan_node]: Drive to row 1: target_y=3.00, y=-1.21, dy=4.21, yaw_err=-0.068
[INFO] [1778714490.300408595] [final_warehouse_scan_node]: Drive to row 1: target_y=3.00, y=-1.22, dy=4.22, yaw_err=-0.068
[INFO] [1778714490.355255604] [final_warehouse_scan_node]: Drive to row 1: target_y=3.00, y=-1.22, dy=4.22, yaw_err=-0.068
[INFO] [1778714490.400162067] [final_warehouse_scan_node]: Drive to row 1: target_y=3.00, y=-1.22, dy=4.22, yaw_err=-0.068
[INFO] [1778714490.455234684] [final_warehouse_scan_node]: Drive to row 1: target_y=3.00, y=-1.23, dy=4.23, yaw_err=-0.068
[INFO] [1778714490.499885532] [final_warehouse_scan_node]: Drive to row 1: target_y=3.00, y=-1.23, dy=4.23, yaw_err=-0.068
[INFO] [1778714490.550064872] [final_warehouse_scan_node]: Drive to row 1: target_y=3.00, y=-1.24, dy=4.24, yaw_err=-0.068
[INFO] [1778714490.606536833] [final_warehouse_scan_node]: Drive to row 1: target_y=3.00, y=-1.24, dy=4.24, yaw_err=-0.068
[INFO] [1778714490.652392593] [final_warehouse_scan_node]: Drive to row 1: target_y=3.00, y=-1.24, dy=4.24, yaw_err=-0.068
[INFO] [1778714490.705316127] [final_warehouse_scan_node]: Drive to row 1: target_y=3.00, y=-1.25, dy=4.25, yaw_err=-0.068
[INFO] [1778714490.750833991] [final_warehouse_scan_node]: Drive to row 1: target_y=3.00, y=-1.25, dy=4.25, yaw_err=-0.068
[INFO] [1778714490.802783949] [final_warehouse_scan_node]: Drive to row 1: target_y=3.00, y=-1.25, dy=4.25, yaw_err=-0.068
[INFO] [1778714490.852515563] [final_warehouse_scan_node]: Drive to row 1: target_y=3.00, y=-1.26, dy=4.26, yaw_err=-0.068
[INFO] [1778714490.898042658] [final_warehouse_scan_node]: Drive to row 1: target_y=3.00, y=-1.26, dy=4.26, yaw_err=-0.068
[INFO] [1778714490.953537063] [final_warehouse_scan_node]: Drive to row 1: target_y=3.00, y=-1.27, dy=4.27, yaw_err=-0.068
[INFO] [1778714491.017665006] [final_warehouse_scan_node]: Drive to row 1: target_y=3.00, y=-1.27, dy=4.27, yaw_err=-0.068
[INFO] [1778714491.049683131] [final_warehouse_scan_node]: Drive to row 1: target_y=3.00, y=-1.27, dy=4.27, yaw_err=-0.068
[INFO] [1778714491.100881676] [final_warehouse_scan_node]: Drive to row 1: target_y=3.00, y=-1.28, dy=4.28, yaw_err=-0.068
[INFO] [1778714491.150941397] [final_warehouse_scan_node]: Drive to row 1: target_y=3.00, y=-1.28, dy=4.28, yaw_err=-0.068
[INFO] [1778714491.214050164] [final_warehouse_scan_node]: Drive to row 1: target_y=3.00, y=-1.29, dy=4.29, yaw_err=-0.068
[INFO] [1778714491.252396628] [final_warehouse_scan_node]: Drive to row 1: target_y=3.00, y=-1.29, dy=4.29, yaw_err=-0.068
[INFO] [1778714491.306712977] [final_warehouse_scan_node]: Drive to row 1: target_y=3.00, y=-1.30, dy=4.30, yaw_err=-0.068
[INFO] [1778714491.348582867] [final_warehouse_scan_node]: Drive to row 1: target_y=3.00, y=-1.30, dy=4.30, yaw_err=-0.068
[INFO] [1778714491.400744124] [final_warehouse_scan_node]: Drive to row 1: target_y=3.00, y=-1.30, dy=4.30, yaw_err=-0.068
[INFO] [1778714491.459179572] [final_warehouse_scan_node]: Drive to row 1: target_y=3.00, y=-1.31, dy=4.31, yaw_err=-0.068
[INFO] [1778714491.499342064] [final_warehouse_scan_node]: Drive to row 1: target_y=3.00, y=-1.31, dy=4.31, yaw_err=-0.068
[INFO] [1778714491.551885180] [final_warehouse_scan_node]: Drive to row 1: target_y=3.00, y=-1.32, dy=4.32, yaw_err=-0.068
[INFO] [1778714491.606378265] [final_warehouse_scan_node]: Drive to row 1: target_y=3.00, y=-1.32, dy=4.32, yaw_err=-0.068
[INFO] [1778714491.649462246] [final_warehouse_scan_node]: Drive to row 1: target_y=3.00, y=-1.32, dy=4.32, yaw_err=-0.068
[INFO] [1778714491.701251481] [final_warehouse_scan_node]: Drive to row 1: target_y=3.00, y=-1.33, dy=4.33, yaw_err=-0.068
[INFO] [1778714491.753541302] [final_warehouse_scan_node]: Drive to row 1: target_y=3.00, y=-1.33, dy=4.33, yaw_err=-0.068
[INFO] [1778714491.804265918] [final_warehouse_scan_node]: Drive to row 1: target_y=3.00, y=-1.34, dy=4.34, yaw_err=-0.068
[INFO] [1778714491.854322966] [final_warehouse_scan_node]: Drive to row 1: target_y=3.00, y=-1.34, dy=4.34, yaw_err=-0.068
[INFO] [1778714491.902977416] [final_warehouse_scan_node]: Drive to row 1: target_y=3.00, y=-1.34, dy=4.34, yaw_err=-0.068
[INFO] [1778714491.951067210] [final_warehouse_scan_node]: Drive to row 1: target_y=3.00, y=-1.35, dy=4.35, yaw_err=-0.068
[INFO] [1778714492.002037566] [final_warehouse_scan_node]: Drive to row 1: target_y=3.00, y=-1.35, dy=4.35, yaw_err=-0.068
[INFO] [1778714492.052634016] [final_warehouse_scan_node]: Drive to row 1: target_y=3.00, y=-1.36, dy=4.36, yaw_err=-0.068
[INFO] [1778714492.111532434] [final_warehouse_scan_node]: Drive to row 1: target_y=3.00, y=-1.36, dy=4.36, yaw_err=-0.068
[INFO] [1778714492.157611160] [final_warehouse_scan_node]: Drive to row 1: target_y=3.00, y=-1.36, dy=4.36, yaw_err=-0.068
[INFO] [1778714492.207848361] [final_warehouse_scan_node]: Drive to row 1: target_y=3.00, y=-1.37, dy=4.37, yaw_err=-0.068
[INFO] [1778714492.250369327] [final_warehouse_scan_node]: Drive to row 1: target_y=3.00, y=-1.37, dy=4.37, yaw_err=-0.068
[INFO] [1778714492.299554628] [final_warehouse_scan_node]: Drive to row 1: target_y=3.00, y=-1.37, dy=4.37, yaw_err=-0.068
[INFO] [1778714492.355134403] [final_warehouse_scan_node]: Drive to row 1: target_y=3.00, y=-1.38, dy=4.38, yaw_err=-0.068
[INFO] [1778714492.443615470] [final_warehouse_scan_node]: Drive to row 1: target_y=3.00, y=-1.38, dy=4.38, yaw_err=-0.068
[INFO] [1778714492.495256900] [final_warehouse_scan_node]: Drive to row 1: target_y=3.00, y=-1.38, dy=4.38, yaw_err=-0.068
[INFO] [1778714492.515986706] [final_warehouse_scan_node]: Drive to row 1: target_y=3.00, y=-1.38, dy=4.38, yaw_err=-0.068
[INFO] [1778714492.551194056] [final_warehouse_scan_node]: Drive to row 1: target_y=3.00, y=-1.39, dy=4.39, yaw_err=-0.068
[INFO] [1778714492.617870975] [final_warehouse_scan_node]: Drive to row 1: target_y=3.00, y=-1.39, dy=4.39, yaw_err=-0.068
[INFO] [1778714492.653918448] [final_warehouse_scan_node]: Drive to row 1: target_y=3.00, y=-1.39, dy=4.39, yaw_err=-0.068
[INFO] [1778714492.727359904] [final_warehouse_scan_node]: Drive to row 1: target_y=3.00, y=-1.39, dy=4.39, yaw_err=-0.068
[INFO] [1778714492.752325912] [final_warehouse_scan_node]: Drive to row 1: target_y=3.00, y=-1.40, dy=4.40, yaw_err=-0.068
[INFO] [1778714492.811899546] [final_warehouse_scan_node]: Drive to row 1: target_y=3.00, y=-1.40, dy=4.40, yaw_err=-0.068
[INFO] [1778714492.851791503] [final_warehouse_scan_node]: Drive to row 1: target_y=3.00, y=-1.40, dy=4.40, yaw_err=-0.068
[INFO] [1778714492.907947278] [final_warehouse_scan_node]: Drive to row 1: target_y=3.00, y=-1.40, dy=4.40, yaw_err=-0.068
[INFO] [1778714492.951451400] [final_warehouse_scan_node]: Drive to row 1: target_y=3.00, y=-1.41, dy=4.41, yaw_err=-0.068
[INFO] [1778714493.006832095] [final_warehouse_scan_node]: Drive to row 1: target_y=3.00, y=-1.41, dy=4.41, yaw_err=-0.068
[INFO] [1778714493.054127406] [final_warehouse_scan_node]: Drive to row 1: target_y=3.00, y=-1.41, dy=4.41, yaw_err=-0.068
[INFO] [1778714493.112918676] [final_warehouse_scan_node]: Drive to row 1: target_y=3.00, y=-1.41, dy=4.41, yaw_err=-0.068
[INFO] [1778714493.149872239] [final_warehouse_scan_node]: Drive to row 1: target_y=3.00, y=-1.42, dy=4.42, yaw_err=-0.068
[INFO] [1778714493.207408636] [final_warehouse_scan_node]: Drive to row 1: target_y=3.00, y=-1.42, dy=4.42, yaw_err=-0.068
[INFO] [1778714493.258014367] [final_warehouse_scan_node]: Drive to row 1: target_y=3.00, y=-1.42, dy=4.42, yaw_err=-0.068
[INFO] [1778714493.312364932] [final_warehouse_scan_node]: Drive to row 1: target_y=3.00, y=-1.43, dy=4.43, yaw_err=-0.068
[INFO] [1778714493.354655220] [final_warehouse_scan_node]: Drive to row 1: target_y=3.00, y=-1.43, dy=4.43, yaw_err=-0.068
[INFO] [1778714493.402998181] [final_warehouse_scan_node]: Drive to row 1: target_y=3.00, y=-1.43, dy=4.43, yaw_err=-0.068
[INFO] [1778714493.467793036] [final_warehouse_scan_node]: Drive to row 1: target_y=3.00, y=-1.43, dy=4.43, yaw_err=-0.068
[INFO] [1778714493.520149161] [final_warehouse_scan_node]: Drive to row 1: target_y=3.00, y=-1.44, dy=4.44, yaw_err=-0.068
[INFO] [1778714493.563816594] [final_warehouse_scan_node]: Drive to row 1: target_y=3.00, y=-1.44, dy=4.44, yaw_err=-0.068
[INFO] [1778714493.602973021] [final_warehouse_scan_node]: Drive to row 1: target_y=3.00, y=-1.44, dy=4.44, yaw_err=-0.068
[INFO] [1778714493.657175157] [final_warehouse_scan_node]: Drive to row 1: target_y=3.00, y=-1.44, dy=4.44, yaw_err=-0.068
[INFO] [1778714493.702694400] [final_warehouse_scan_node]: Drive to row 1: target_y=3.00, y=-1.45, dy=4.45, yaw_err=-0.068
[INFO] [1778714493.751483245] [final_warehouse_scan_node]: Drive to row 1: target_y=3.00, y=-1.45, dy=4.45, yaw_err=-0.068
[INFO] [1778714493.805229081] [final_warehouse_scan_node]: Drive to row 1: target_y=3.00, y=-1.45, dy=4.45, yaw_err=-0.068
[INFO] [1778714493.853234609] [final_warehouse_scan_node]: Drive to row 1: target_y=3.00, y=-1.45, dy=4.45, yaw_err=-0.068
[INFO] [1778714493.917958475] [final_warehouse_scan_node]: Drive to row 1: target_y=3.00, y=-1.46, dy=4.46, yaw_err=-0.068
[INFO] [1778714493.950342435] [final_warehouse_scan_node]: Drive to row 1: target_y=3.00, y=-1.46, dy=4.46, yaw_err=-0.068
[INFO] [1778714494.004532589] [final_warehouse_scan_node]: Drive to row 1: target_y=3.00, y=-1.47, dy=4.47, yaw_err=-0.068
[INFO] [1778714494.059403569] [final_warehouse_scan_node]: Drive to row 1: target_y=3.00, y=-1.47, dy=4.47, yaw_err=-0.068
[INFO] [1778714494.116756212] [final_warehouse_scan_node]: Drive to row 1: target_y=3.00, y=-1.47, dy=4.47, yaw_err=-0.068
[INFO] [1778714494.156769626] [final_warehouse_scan_node]: Drive to row 1: target_y=3.00, y=-1.47, dy=4.47, yaw_err=-0.068
[INFO] [1778714494.223850950] [final_warehouse_scan_node]: Drive to row 1: target_y=3.00, y=-1.47, dy=4.47, yaw_err=-0.068
[INFO] [1778714494.253176823] [final_warehouse_scan_node]: Drive to row 1: target_y=3.00, y=-1.48, dy=4.48, yaw_err=-0.068
[INFO] [1778714494.309899776] [final_warehouse_scan_node]: Drive to row 1: target_y=3.00, y=-1.48, dy=4.48, yaw_err=-0.068
[INFO] [1778714494.365779009] [final_warehouse_scan_node]: Drive to row 1: target_y=3.00, y=-1.48, dy=4.48, yaw_err=-0.068
[INFO] [1778714494.402167608] [final_warehouse_scan_node]: Drive to row 1: target_y=3.00, y=-1.48, dy=4.48, yaw_err=-0.068
[INFO] [1778714494.469544353] [final_warehouse_scan_node]: Drive to row 1: target_y=3.00, y=-1.48, dy=4.48, yaw_err=-0.068
[INFO] [1778714494.505940167] [final_warehouse_scan_node]: Drive to row 1: target_y=3.00, y=-1.49, dy=4.49, yaw_err=-0.068
[INFO] [1778714494.559566461] [final_warehouse_scan_node]: Drive to row 1: target_y=3.00, y=-1.49, dy=4.49, yaw_err=-0.068
[INFO] [1778714494.611515742] [final_warehouse_scan_node]: Drive to row 1: target_y=3.00, y=-1.49, dy=4.49, yaw_err=-0.068
[INFO] [1778714494.655023385] [final_warehouse_scan_node]: Drive to row 1: target_y=3.00, y=-1.49, dy=4.49, yaw_err=-0.068
[INFO] [1778714494.714179832] [final_warehouse_scan_node]: Drive to row 1: target_y=3.00, y=-1.50, dy=4.50, yaw_err=-0.068
[INFO] [1778714494.753355144] [final_warehouse_scan_node]: Drive to row 1: target_y=3.00, y=-1.50, dy=4.50, yaw_err=-0.068
[INFO] [1778714494.805670348] [final_warehouse_scan_node]: Drive to row 1: target_y=3.00, y=-1.50, dy=4.50, yaw_err=-0.068
[INFO] [1778714494.857725525] [final_warehouse_scan_node]: Drive to row 1: target_y=3.00, y=-1.50, dy=4.50, yaw_err=-0.068
[INFO] [1778714494.904435168] [final_warehouse_scan_node]: Drive to row 1: target_y=3.00, y=-1.50, dy=4.50, yaw_err=-0.068
[INFO] [1778714494.957718557] [final_warehouse_scan_node]: Drive to row 1: target_y=3.00, y=-1.50, dy=4.50, yaw_err=-0.068
[INFO] [1778714495.009835529] [final_warehouse_scan_node]: Drive to row 1: target_y=3.00, y=-1.51, dy=4.51, yaw_err=-0.068
[INFO] [1778714495.062455588] [final_warehouse_scan_node]: Drive to row 1: target_y=3.00, y=-1.51, dy=4.51, yaw_err=-0.068
[INFO] [1778714495.105496759] [final_warehouse_scan_node]: Drive to row 1: target_y=3.00, y=-1.51, dy=4.51, yaw_err=-0.068
[INFO] [1778714495.160472392] [final_warehouse_scan_node]: Drive to row 1: target_y=3.00, y=-1.52, dy=4.52, yaw_err=-0.068
[INFO] [1778714495.201854885] [final_warehouse_scan_node]: Drive to row 1: target_y=3.00, y=-1.52, dy=4.52, yaw_err=-0.068
[INFO] [1778714495.258979634] [final_warehouse_scan_node]: Drive to row 1: target_y=3.00, y=-1.52, dy=4.52, yaw_err=-0.068
[INFO] [1778714495.303323984] [final_warehouse_scan_node]: Drive to row 1: target_y=3.00, y=-1.53, dy=4.53, yaw_err=-0.068
[INFO] [1778714495.358057807] [final_warehouse_scan_node]: Drive to row 1: target_y=3.00, y=-1.53, dy=4.53, yaw_err=-0.068
[INFO] [1778714495.400986553] [final_warehouse_scan_node]: Drive to row 1: target_y=3.00, y=-1.53, dy=4.53, yaw_err=-0.068
[INFO] [1778714495.455251757] [final_warehouse_scan_node]: Drive to row 1: target_y=3.00, y=-1.54, dy=4.54, yaw_err=-0.068
[INFO] [1778714495.515763252] [final_warehouse_scan_node]: Drive to row 1: target_y=3.00, y=-1.54, dy=4.54, yaw_err=-0.068
[INFO] [1778714495.554057887] [final_warehouse_scan_node]: Drive to row 1: target_y=3.00, y=-1.54, dy=4.54, yaw_err=-0.068
[INFO] [1778714495.601461127] [final_warehouse_scan_node]: Drive to row 1: target_y=3.00, y=-1.55, dy=4.55, yaw_err=-0.068
[INFO] [1778714495.654257803] [final_warehouse_scan_node]: Drive to row 1: target_y=3.00, y=-1.55, dy=4.55, yaw_err=-0.068
[INFO] [1778714495.700193043] [final_warehouse_scan_node]: Drive to row 1: target_y=3.00, y=-1.55, dy=4.55, yaw_err=-0.068
[INFO] [1778714495.756796971] [final_warehouse_scan_node]: Drive to row 1: target_y=3.00, y=-1.56, dy=4.56, yaw_err=-0.068
[INFO] [1778714495.802824624] [final_warehouse_scan_node]: Drive to row 1: target_y=3.00, y=-1.56, dy=4.56, yaw_err=-0.068
[INFO] [1778714495.853744030] [final_warehouse_scan_node]: Drive to row 1: target_y=3.00, y=-1.56, dy=4.56, yaw_err=-0.068
[INFO] [1778714495.905825413] [final_warehouse_scan_node]: Drive to row 1: target_y=3.00, y=-1.57, dy=4.57, yaw_err=-0.068
[INFO] [1778714495.950757437] [final_warehouse_scan_node]: Drive to row 1: target_y=3.00, y=-1.57, dy=4.57, yaw_err=-0.068
[INFO] [1778714496.001875512] [final_warehouse_scan_node]: Drive to row 1: target_y=3.00, y=-1.58, dy=4.58, yaw_err=-0.068
[INFO] [1778714496.058678081] [final_warehouse_scan_node]: Drive to row 1: target_y=3.00, y=-1.58, dy=4.58, yaw_err=-0.068
[INFO] [1778714496.109903878] [final_warehouse_scan_node]: Drive to row 1: target_y=3.00, y=-1.58, dy=4.58, yaw_err=-0.068
[INFO] [1778714496.159711247] [final_warehouse_scan_node]: Drive to row 1: target_y=3.00, y=-1.59, dy=4.59, yaw_err=-0.068
[INFO] [1778714496.205289979] [final_warehouse_scan_node]: Drive to row 1: target_y=3.00, y=-1.59, dy=4.59, yaw_err=-0.068
[INFO] [1778714496.251987702] [final_warehouse_scan_node]: Drive to row 1: target_y=3.00, y=-1.59, dy=4.59, yaw_err=-0.068
[INFO] [1778714496.307669272] [final_warehouse_scan_node]: Drive to row 1: target_y=3.00, y=-1.60, dy=4.60, yaw_err=-0.068
[INFO] [1778714496.352991071] [final_warehouse_scan_node]: Drive to row 1: target_y=3.00, y=-1.60, dy=4.60, yaw_err=-0.068
[INFO] [1778714496.406168694] [final_warehouse_scan_node]: Drive to row 1: target_y=3.00, y=-1.60, dy=4.60, yaw_err=-0.068
[INFO] [1778714496.453665850] [final_warehouse_scan_node]: Drive to row 1: target_y=3.00, y=-1.60, dy=4.60, yaw_err=-0.068
[INFO] [1778714496.505863876] [final_warehouse_scan_node]: Drive to row 1: target_y=3.00, y=-1.61, dy=4.61, yaw_err=-0.068
[INFO] [1778714496.551640138] [final_warehouse_scan_node]: Drive to row 1: target_y=3.00, y=-1.61, dy=4.61, yaw_err=-0.068
[INFO] [1778714496.606137232] [final_warehouse_scan_node]: Drive to row 1: target_y=3.00, y=-1.61, dy=4.61, yaw_err=-0.068
[INFO] [1778714496.659102971] [final_warehouse_scan_node]: Drive to row 1: target_y=3.00, y=-1.62, dy=4.62, yaw_err=-0.068
[INFO] [1778714496.702699195] [final_warehouse_scan_node]: Drive to row 1: target_y=3.00, y=-1.62, dy=4.62, yaw_err=-0.068
[INFO] [1778714496.754946040] [final_warehouse_scan_node]: Drive to row 1: target_y=3.00, y=-1.62, dy=4.62, yaw_err=-0.068
[INFO] [1778714496.806733208] [final_warehouse_scan_node]: Drive to row 1: target_y=3.00, y=-1.63, dy=4.63, yaw_err=-0.068
[INFO] [1778714496.866886203] [final_warehouse_scan_node]: Drive to row 1: target_y=3.00, y=-1.63, dy=4.63, yaw_err=-0.068
[INFO] [1778714496.903048946] [final_warehouse_scan_node]: Drive to row 1: target_y=3.00, y=-1.63, dy=4.63, yaw_err=-0.068
[INFO] [1778714496.951984650] [final_warehouse_scan_node]: Drive to row 1: target_y=3.00, y=-1.64, dy=4.64, yaw_err=-0.068
[INFO] [1778714497.004706671] [final_warehouse_scan_node]: Drive to row 1: target_y=3.00, y=-1.64, dy=4.64, yaw_err=-0.068
[INFO] [1778714497.052569092] [final_warehouse_scan_node]: Drive to row 1: target_y=3.00, y=-1.65, dy=4.65, yaw_err=-0.068
[INFO] [1778714497.101035903] [final_warehouse_scan_node]: Drive to row 1: target_y=3.00, y=-1.65, dy=4.65, yaw_err=-0.068
[INFO] [1778714497.162184506] [final_warehouse_scan_node]: Drive to row 1: target_y=3.00, y=-1.65, dy=4.65, yaw_err=-0.068
[INFO] [1778714497.199930635] [final_warehouse_scan_node]: Drive to row 1: target_y=3.00, y=-1.66, dy=4.66, yaw_err=-0.068
[INFO] [1778714497.254877198] [final_warehouse_scan_node]: Drive to row 1: target_y=3.00, y=-1.66, dy=4.66, yaw_err=-0.068
[INFO] [1778714497.302482835] [final_warehouse_scan_node]: Drive to row 1: target_y=3.00, y=-1.66, dy=4.66, yaw_err=-0.068
[INFO] [1778714497.348856445] [final_warehouse_scan_node]: Drive to row 1: target_y=3.00, y=-1.67, dy=4.67, yaw_err=-0.068
[INFO] [1778714497.403491985] [final_warehouse_scan_node]: Drive to row 1: target_y=3.00, y=-1.67, dy=4.67, yaw_err=-0.068
[INFO] [1778714497.452128118] [final_warehouse_scan_node]: Drive to row 1: target_y=3.00, y=-1.67, dy=4.67, yaw_err=-0.068
[INFO] [1778714497.501525584] [final_warehouse_scan_node]: Drive to row 1: target_y=3.00, y=-1.68, dy=4.68, yaw_err=-0.068
[INFO] [1778714497.555687180] [final_warehouse_scan_node]: Drive to row 1: target_y=3.00, y=-1.68, dy=4.68, yaw_err=-0.068
[INFO] [1778714497.610768573] [final_warehouse_scan_node]: Drive to row 1: target_y=3.00, y=-1.69, dy=4.69, yaw_err=-0.068
[INFO] [1778714497.653667880] [final_warehouse_scan_node]: Drive to row 1: target_y=3.00, y=-1.69, dy=4.69, yaw_err=-0.068
[INFO] [1778714497.707903339] [final_warehouse_scan_node]: Drive to row 1: target_y=3.00, y=-1.69, dy=4.69, yaw_err=-0.068
[INFO] [1778714497.768586275] [final_warehouse_scan_node]: Drive to row 1: target_y=3.00, y=-1.70, dy=4.70, yaw_err=-0.068
[INFO] [1778714497.802414224] [final_warehouse_scan_node]: Drive to row 1: target_y=3.00, y=-1.70, dy=4.70, yaw_err=-0.068
[INFO] [1778714497.855009927] [final_warehouse_scan_node]: Drive to row 1: target_y=3.00, y=-1.70, dy=4.70, yaw_err=-0.068
[INFO] [1778714497.902445034] [final_warehouse_scan_node]: Drive to row 1: target_y=3.00, y=-1.71, dy=4.71, yaw_err=-0.068
[INFO] [1778714497.952122626] [final_warehouse_scan_node]: Drive to row 1: target_y=3.00, y=-1.71, dy=4.71, yaw_err=-0.068
[INFO] [1778714498.002142321] [final_warehouse_scan_node]: Drive to row 1: target_y=3.00, y=-1.72, dy=4.72, yaw_err=-0.068
[INFO] [1778714498.062648470] [final_warehouse_scan_node]: Drive to row 1: target_y=3.00, y=-1.72, dy=4.72, yaw_err=-0.068
[INFO] [1778714498.104378629] [final_warehouse_scan_node]: Drive to row 1: target_y=3.00, y=-1.72, dy=4.72, yaw_err=-0.068
[INFO] [1778714498.157329115] [final_warehouse_scan_node]: Drive to row 1: target_y=3.00, y=-1.73, dy=4.73, yaw_err=-0.068
[INFO] [1778714498.210361275] [final_warehouse_scan_node]: Drive to row 1: target_y=3.00, y=-1.73, dy=4.73, yaw_err=-0.068
[INFO] [1778714498.255136002] [final_warehouse_scan_node]: Drive to row 1: target_y=3.00, y=-1.73, dy=4.73, yaw_err=-0.068
[INFO] [1778714498.301417504] [final_warehouse_scan_node]: Drive to row 1: target_y=3.00, y=-1.74, dy=4.74, yaw_err=-0.068
[INFO] [1778714498.354498849] [final_warehouse_scan_node]: Drive to row 1: target_y=3.00, y=-1.74, dy=4.74, yaw_err=-0.068
[INFO] [1778714498.408959089] [final_warehouse_scan_node]: Drive to row 1: target_y=3.00, y=-1.74, dy=4.74, yaw_err=-0.068
[INFO] [1778714498.453373646] [final_warehouse_scan_node]: Drive to row 1: target_y=3.00, y=-1.75, dy=4.75, yaw_err=-0.068
[INFO] [1778714498.516104243] [final_warehouse_scan_node]: Drive to row 1: target_y=3.00, y=-1.75, dy=4.75, yaw_err=-0.068
[INFO] [1778714498.551002953] [final_warehouse_scan_node]: Drive to row 1: target_y=3.00, y=-1.75, dy=4.75, yaw_err=-0.068
[INFO] [1778714498.606590993] [final_warehouse_scan_node]: Drive to row 1: target_y=3.00, y=-1.76, dy=4.76, yaw_err=-0.068
[INFO] [1778714498.652398163] [final_warehouse_scan_node]: Drive to row 1: target_y=3.00, y=-1.76, dy=4.76, yaw_err=-0.068
[INFO] [1778714498.707919092] [final_warehouse_scan_node]: Drive to row 1: target_y=3.00, y=-1.76, dy=4.76, yaw_err=-0.068
[INFO] [1778714498.752222782] [final_warehouse_scan_node]: Drive to row 1: target_y=3.00, y=-1.76, dy=4.76, yaw_err=-0.068
[INFO] [1778714498.806021582] [final_warehouse_scan_node]: Drive to row 1: target_y=3.00, y=-1.77, dy=4.77, yaw_err=-0.068
[INFO] [1778714498.865240915] [final_warehouse_scan_node]: Drive to row 1: target_y=3.00, y=-1.77, dy=4.77, yaw_err=-0.068
[INFO] [1778714498.903643666] [final_warehouse_scan_node]: Drive to row 1: target_y=3.00, y=-1.77, dy=4.77, yaw_err=-0.068
[INFO] [1778714498.953032410] [final_warehouse_scan_node]: Drive to row 1: target_y=3.00, y=-1.78, dy=4.78, yaw_err=-0.068
[INFO] [1778714499.001432948] [final_warehouse_scan_node]: Drive to row 1: target_y=3.00, y=-1.78, dy=4.78, yaw_err=-0.068
[INFO] [1778714499.055546453] [final_warehouse_scan_node]: Drive to row 1: target_y=3.00, y=-1.78, dy=4.78, yaw_err=-0.068
[INFO] [1778714499.102805441] [final_warehouse_scan_node]: Drive to row 1: target_y=3.00, y=-1.79, dy=4.79, yaw_err=-0.068
[INFO] [1778714499.150341122] [final_warehouse_scan_node]: Drive to row 1: target_y=3.00, y=-1.79, dy=4.79, yaw_err=-0.068
[INFO] [1778714499.204385786] [final_warehouse_scan_node]: Drive to row 1: target_y=3.00, y=-1.79, dy=4.79, yaw_err=-0.068
[INFO] [1778714499.255868316] [final_warehouse_scan_node]: Drive to row 1: target_y=3.00, y=-1.80, dy=4.80, yaw_err=-0.068
[INFO] [1778714499.301058821] [final_warehouse_scan_node]: Drive to row 1: target_y=3.00, y=-1.80, dy=4.80, yaw_err=-0.068
[INFO] [1778714499.353422202] [final_warehouse_scan_node]: Drive to row 1: target_y=3.00, y=-1.80, dy=4.80, yaw_err=-0.068
[INFO] [1778714499.401849224] [final_warehouse_scan_node]: Drive to row 1: target_y=3.00, y=-1.81, dy=4.81, yaw_err=-0.068
[INFO] [1778714499.453021789] [final_warehouse_scan_node]: Drive to row 1: target_y=3.00, y=-1.81, dy=4.81, yaw_err=-0.068
[INFO] [1778714499.505221911] [final_warehouse_scan_node]: Drive to row 1: target_y=3.00, y=-1.82, dy=4.82, yaw_err=-0.068
[INFO] [1778714499.554367915] [final_warehouse_scan_node]: Drive to row 1: target_y=3.00, y=-1.82, dy=4.82, yaw_err=-0.068
[INFO] [1778714499.600862790] [final_warehouse_scan_node]: Drive to row 1: target_y=3.00, y=-1.82, dy=4.82, yaw_err=-0.068
[INFO] [1778714499.653981142] [final_warehouse_scan_node]: Drive to row 1: target_y=3.00, y=-1.83, dy=4.83, yaw_err=-0.068
[INFO] [1778714499.701936438] [final_warehouse_scan_node]: Drive to row 1: target_y=3.00, y=-1.83, dy=4.83, yaw_err=-0.068
[INFO] [1778714499.750392553] [final_warehouse_scan_node]: Drive to row 1: target_y=3.00, y=-1.83, dy=4.83, yaw_err=-0.068
[INFO] [1778714499.805066514] [final_warehouse_scan_node]: Drive to row 1: target_y=3.00, y=-1.84, dy=4.84, yaw_err=-0.068
[INFO] [1778714499.851561091] [final_warehouse_scan_node]: Drive to row 1: target_y=3.00, y=-1.84, dy=4.84, yaw_err=-0.068
[INFO] [1778714499.903210451] [final_warehouse_scan_node]: Drive to row 1: target_y=3.00, y=-1.84, dy=4.84, yaw_err=-0.068
[INFO] [1778714499.956522754] [final_warehouse_scan_node]: Drive to row 1: target_y=3.00, y=-1.85, dy=4.85, yaw_err=-0.068
[INFO] [1778714500.001561405] [final_warehouse_scan_node]: Drive to row 1: target_y=3.00, y=-1.85, dy=4.85, yaw_err=-0.068
[INFO] [1778714500.054064761] [final_warehouse_scan_node]: Drive to row 1: target_y=3.00, y=-1.86, dy=4.86, yaw_err=-0.068
[INFO] [1778714500.107860616] [final_warehouse_scan_node]: Drive to row 1: target_y=3.00, y=-1.86, dy=4.86, yaw_err=-0.068
[INFO] [1778714500.151340834] [final_warehouse_scan_node]: Drive to row 1: target_y=3.00, y=-1.86, dy=4.86, yaw_err=-0.068
[INFO] [1778714500.207487056] [final_warehouse_scan_node]: Drive to row 1: target_y=3.00, y=-1.87, dy=4.87, yaw_err=-0.068
[INFO] [1778714500.254464110] [final_warehouse_scan_node]: Drive to row 1: target_y=3.00, y=-1.87, dy=4.87, yaw_err=-0.068
[INFO] [1778714500.305604088] [final_warehouse_scan_node]: Drive to row 1: target_y=3.00, y=-1.87, dy=4.87, yaw_err=-0.068
[INFO] [1778714500.354669716] [final_warehouse_scan_node]: Drive to row 1: target_y=3.00, y=-1.87, dy=4.87, yaw_err=-0.068
[INFO] [1778714500.406435991] [final_warehouse_scan_node]: Drive to row 1: target_y=3.00, y=-1.88, dy=4.88, yaw_err=-0.068
[INFO] [1778714500.457074503] [final_warehouse_scan_node]: Drive to row 1: target_y=3.00, y=-1.88, dy=4.88, yaw_err=-0.068
[INFO] [1778714500.503163287] [final_warehouse_scan_node]: Drive to row 1: target_y=3.00, y=-1.88, dy=4.88, yaw_err=-0.068
[INFO] [1778714500.556774498] [final_warehouse_scan_node]: Drive to row 1: target_y=3.00, y=-1.89, dy=4.89, yaw_err=-0.068
[INFO] [1778714500.601754968] [final_warehouse_scan_node]: Drive to row 1: target_y=3.00, y=-1.89, dy=4.89, yaw_err=-0.068
[INFO] [1778714500.660561823] [final_warehouse_scan_node]: Drive to row 1: target_y=3.00, y=-1.89, dy=4.89, yaw_err=-0.068
[INFO] [1778714500.706532382] [final_warehouse_scan_node]: Drive to row 1: target_y=3.00, y=-1.90, dy=4.90, yaw_err=-0.068
[INFO] [1778714500.756207106] [final_warehouse_scan_node]: Drive to row 1: target_y=3.00, y=-1.90, dy=4.90, yaw_err=-0.068
[INFO] [1778714500.811706736] [final_warehouse_scan_node]: Drive to row 1: target_y=3.00, y=-1.90, dy=4.90, yaw_err=-0.068
[INFO] [1778714500.853413491] [final_warehouse_scan_node]: Drive to row 1: target_y=3.00, y=-1.91, dy=4.91, yaw_err=-0.068
[INFO] [1778714500.908221605] [final_warehouse_scan_node]: Drive to row 1: target_y=3.00, y=-1.91, dy=4.91, yaw_err=-0.068
[INFO] [1778714500.951444635] [final_warehouse_scan_node]: Drive to row 1: target_y=3.00, y=-1.91, dy=4.91, yaw_err=-0.068
[INFO] [1778714501.004286480] [final_warehouse_scan_node]: Drive to row 1: target_y=3.00, y=-1.92, dy=4.92, yaw_err=-0.068
[INFO] [1778714501.051547150] [final_warehouse_scan_node]: Drive to row 1: target_y=3.00, y=-1.92, dy=4.92, yaw_err=-0.068
[INFO] [1778714501.101740617] [final_warehouse_scan_node]: Drive to row 1: target_y=3.00, y=-1.92, dy=4.92, yaw_err=-0.068
[INFO] [1778714501.154579466] [final_warehouse_scan_node]: Drive to row 1: target_y=3.00, y=-1.93, dy=4.93, yaw_err=-0.068
[INFO] [1778714501.206402632] [final_warehouse_scan_node]: Drive to row 1: target_y=3.00, y=-1.93, dy=4.93, yaw_err=-0.068
[INFO] [1778714501.250705907] [final_warehouse_scan_node]: Drive to row 1: target_y=3.00, y=-1.93, dy=4.93, yaw_err=-0.068
[INFO] [1778714501.302672320] [final_warehouse_scan_node]: Drive to row 1: target_y=3.00, y=-1.93, dy=4.93, yaw_err=-0.068
[INFO] [1778714501.357676413] [final_warehouse_scan_node]: Drive to row 1: target_y=3.00, y=-1.94, dy=4.94, yaw_err=-0.068
[INFO] [1778714501.401727037] [final_warehouse_scan_node]: Drive to row 1: target_y=3.00, y=-1.94, dy=4.94, yaw_err=-0.068
[INFO] [1778714501.458518629] [final_warehouse_scan_node]: Drive to row 1: target_y=3.00, y=-1.95, dy=4.95, yaw_err=-0.068
[INFO] [1778714501.505394485] [final_warehouse_scan_node]: Drive to row 1: target_y=3.00, y=-1.95, dy=4.95, yaw_err=-0.068
[INFO] [1778714501.554420757] [final_warehouse_scan_node]: Drive to row 1: target_y=3.00, y=-1.95, dy=4.95, yaw_err=-0.068
[INFO] [1778714501.609043714] [final_warehouse_scan_node]: Drive to row 1: target_y=3.00, y=-1.95, dy=4.95, yaw_err=-0.068
[INFO] [1778714501.653645186] [final_warehouse_scan_node]: Drive to row 1: target_y=3.00, y=-1.96, dy=4.96, yaw_err=-0.068
[INFO] [1778714501.707228294] [final_warehouse_scan_node]: Drive to row 1: target_y=3.00, y=-1.96, dy=4.96, yaw_err=-0.068
[INFO] [1778714501.750720080] [final_warehouse_scan_node]: Drive to row 1: target_y=3.00, y=-1.97, dy=4.97, yaw_err=-0.068
[INFO] [1778714501.801836119] [final_warehouse_scan_node]: Drive to row 1: target_y=3.00, y=-1.97, dy=4.97, yaw_err=-0.068
[INFO] [1778714501.855418191] [final_warehouse_scan_node]: Drive to row 1: target_y=3.00, y=-1.97, dy=4.97, yaw_err=-0.068
[INFO] [1778714501.907048704] [final_warehouse_scan_node]: Drive to row 1: target_y=3.00, y=-1.98, dy=4.98, yaw_err=-0.068
[INFO] [1778714501.952816418] [final_warehouse_scan_node]: Drive to row 1: target_y=3.00, y=-1.98, dy=4.98, yaw_err=-0.068
[INFO] [1778714502.007013229] [final_warehouse_scan_node]: Drive to row 1: target_y=3.00, y=-1.98, dy=4.98, yaw_err=-0.068
[INFO] [1778714502.055829816] [final_warehouse_scan_node]: Drive to row 1: target_y=3.00, y=-1.99, dy=4.99, yaw_err=-0.068
[INFO] [1778714502.116386368] [final_warehouse_scan_node]: Drive to row 1: target_y=3.00, y=-1.99, dy=4.99, yaw_err=-0.068
[INFO] [1778714502.153018041] [final_warehouse_scan_node]: Drive to row 1: target_y=3.00, y=-1.99, dy=4.99, yaw_err=-0.068
[INFO] [1778714502.205930323] [final_warehouse_scan_node]: Drive to row 1: target_y=3.00, y=-2.00, dy=5.00, yaw_err=-0.068
[INFO] [1778714502.256600694] [final_warehouse_scan_node]: Drive to row 1: target_y=3.00, y=-2.00, dy=5.00, yaw_err=-0.068
[INFO] [1778714502.304567011] [final_warehouse_scan_node]: Drive to row 1: target_y=3.00, y=-2.00, dy=5.00, yaw_err=-0.068
[INFO] [1778714502.355130705] [final_warehouse_scan_node]: Drive to row 1: target_y=3.00, y=-2.01, dy=5.01, yaw_err=-0.068
[INFO] [1778714502.410186182] [final_warehouse_scan_node]: Drive to row 1: target_y=3.00, y=-2.01, dy=5.01, yaw_err=-0.068
[INFO] [1778714502.453711799] [final_warehouse_scan_node]: Drive to row 1: target_y=3.00, y=-2.01, dy=5.01, yaw_err=-0.068
[INFO] [1778714502.504482184] [final_warehouse_scan_node]: Drive to row 1: target_y=3.00, y=-2.02, dy=5.02, yaw_err=-0.068
[INFO] [1778714502.562258642] [final_warehouse_scan_node]: Drive to row 1: target_y=3.00, y=-2.02, dy=5.02, yaw_err=-0.068
[INFO] [1778714502.604027290] [final_warehouse_scan_node]: Drive to row 1: target_y=3.00, y=-2.02, dy=5.02, yaw_err=-0.068
[INFO] [1778714502.664535111] [final_warehouse_scan_node]: Drive to row 1: target_y=3.00, y=-2.03, dy=5.03, yaw_err=-0.068
[INFO] [1778714502.722363485] [final_warehouse_scan_node]: Drive to row 1: target_y=3.00, y=-2.03, dy=5.03, yaw_err=-0.068
[INFO] [1778714502.759124668] [final_warehouse_scan_node]: Drive to row 1: target_y=3.00, y=-2.03, dy=5.03, yaw_err=-0.068
[INFO] [1778714502.816003658] [final_warehouse_scan_node]: Drive to row 1: target_y=3.00, y=-2.03, dy=5.03, yaw_err=-0.068
[INFO] [1778714502.861703277] [final_warehouse_scan_node]: Drive to row 1: target_y=3.00, y=-2.04, dy=5.04, yaw_err=-0.068
[INFO] [1778714502.905721851] [final_warehouse_scan_node]: Drive to row 1: target_y=3.00, y=-2.04, dy=5.04, yaw_err=-0.068
[INFO] [1778714502.958945783] [final_warehouse_scan_node]: Drive to row 1: target_y=3.00, y=-2.04, dy=5.04, yaw_err=-0.068
[INFO] [1778714503.002195187] [final_warehouse_scan_node]: Drive to row 1: target_y=3.00, y=-2.05, dy=5.05, yaw_err=-0.068
[INFO] [1778714503.059451177] [final_warehouse_scan_node]: Drive to row 1: target_y=3.00, y=-2.05, dy=5.05, yaw_err=-0.068
[INFO] [1778714503.104393210] [final_warehouse_scan_node]: Drive to row 1: target_y=3.00, y=-2.05, dy=5.05, yaw_err=-0.068
[INFO] [1778714503.155685704] [final_warehouse_scan_node]: Drive to row 1: target_y=3.00, y=-2.05, dy=5.05, yaw_err=-0.068
[INFO] [1778714503.203496477] [final_warehouse_scan_node]: Drive to row 1: target_y=3.00, y=-2.05, dy=5.05, yaw_err=-0.068
[INFO] [1778714503.258503147] [final_warehouse_scan_node]: Drive to row 1: target_y=3.00, y=-2.06, dy=5.06, yaw_err=-0.068
[INFO] [1778714503.301375297] [final_warehouse_scan_node]: Drive to row 1: target_y=3.00, y=-2.06, dy=5.06, yaw_err=-0.068
[INFO] [1778714503.361842178] [final_warehouse_scan_node]: Drive to row 1: target_y=3.00, y=-2.06, dy=5.06, yaw_err=-0.068
[INFO] [1778714503.410589516] [final_warehouse_scan_node]: Drive to row 1: target_y=3.00, y=-2.07, dy=5.07, yaw_err=-0.068
[INFO] [1778714503.462236900] [final_warehouse_scan_node]: Drive to row 1: target_y=3.00, y=-2.07, dy=5.07, yaw_err=-0.068
[INFO] [1778714503.501568983] [final_warehouse_scan_node]: Drive to row 1: target_y=3.00, y=-2.07, dy=5.07, yaw_err=-0.068
[INFO] [1778714503.560358635] [final_warehouse_scan_node]: Drive to row 1: target_y=3.00, y=-2.07, dy=5.07, yaw_err=-0.068
[INFO] [1778714503.622693542] [final_warehouse_scan_node]: Drive to row 1: target_y=3.00, y=-2.08, dy=5.08, yaw_err=-0.068
[INFO] [1778714503.661892578] [final_warehouse_scan_node]: Drive to row 1: target_y=3.00, y=-2.08, dy=5.08, yaw_err=-0.068
[INFO] [1778714503.713199238] [final_warehouse_scan_node]: Drive to row 1: target_y=3.00, y=-2.08, dy=5.08, yaw_err=-0.068
[INFO] [1778714503.757777948] [final_warehouse_scan_node]: Drive to row 1: target_y=3.00, y=-2.08, dy=5.08, yaw_err=-0.068
[INFO] [1778714503.807961485] [final_warehouse_scan_node]: Drive to row 1: target_y=3.00, y=-2.09, dy=5.09, yaw_err=-0.068
[INFO] [1778714503.861332981] [final_warehouse_scan_node]: Drive to row 1: target_y=3.00, y=-2.09, dy=5.09, yaw_err=-0.068
[INFO] [1778714503.906796938] [final_warehouse_scan_node]: Drive to row 1: target_y=3.00, y=-2.09, dy=5.09, yaw_err=-0.068
[INFO] [1778714503.960087396] [final_warehouse_scan_node]: Drive to row 1: target_y=3.00, y=-2.09, dy=5.09, yaw_err=-0.068
[INFO] [1778714504.009777537] [final_warehouse_scan_node]: Drive to row 1: target_y=3.00, y=-2.10, dy=5.10, yaw_err=-0.068
[INFO] [1778714504.051195997] [final_warehouse_scan_node]: Drive to row 1: target_y=3.00, y=-2.10, dy=5.10, yaw_err=-0.068
[INFO] [1778714504.107457729] [final_warehouse_scan_node]: Drive to row 1: target_y=3.00, y=-2.10, dy=5.10, yaw_err=-0.068
[INFO] [1778714504.159510050] [final_warehouse_scan_node]: Drive to row 1: target_y=3.00, y=-2.10, dy=5.10, yaw_err=-0.068
[INFO] [1778714504.210990007] [final_warehouse_scan_node]: Drive to row 1: target_y=3.00, y=-2.11, dy=5.11, yaw_err=-0.068
[INFO] [1778714504.261479956] [final_warehouse_scan_node]: Drive to row 1: target_y=3.00, y=-2.11, dy=5.11, yaw_err=-0.068
[INFO] [1778714504.308285819] [final_warehouse_scan_node]: Drive to row 1: target_y=3.00, y=-2.11, dy=5.11, yaw_err=-0.068
[INFO] [1778714504.354203860] [final_warehouse_scan_node]: Drive to row 1: target_y=3.00, y=-2.11, dy=5.11, yaw_err=-0.068
[INFO] [1778714504.403218426] [final_warehouse_scan_node]: Drive to row 1: target_y=3.00, y=-2.12, dy=5.12, yaw_err=-0.068
[INFO] [1778714504.460337523] [final_warehouse_scan_node]: Drive to row 1: target_y=3.00, y=-2.12, dy=5.12, yaw_err=-0.068
[INFO] [1778714504.501285551] [final_warehouse_scan_node]: Drive to row 1: target_y=3.00, y=-2.12, dy=5.12, yaw_err=-0.068
[INFO] [1778714504.553016350] [final_warehouse_scan_node]: Drive to row 1: target_y=3.00, y=-2.12, dy=5.12, yaw_err=-0.068
[INFO] [1778714504.604189654] [final_warehouse_scan_node]: Drive to row 1: target_y=3.00, y=-2.13, dy=5.13, yaw_err=-0.068
[INFO] [1778714504.657809098] [final_warehouse_scan_node]: Drive to row 1: target_y=3.00, y=-2.13, dy=5.13, yaw_err=-0.068
[INFO] [1778714504.706329783] [final_warehouse_scan_node]: Drive to row 1: target_y=3.00, y=-2.13, dy=5.13, yaw_err=-0.068
[INFO] [1778714504.762825086] [final_warehouse_scan_node]: Drive to row 1: target_y=3.00, y=-2.13, dy=5.13, yaw_err=-0.068
[INFO] [1778714504.806975913] [final_warehouse_scan_node]: Drive to row 1: target_y=3.00, y=-2.14, dy=5.14, yaw_err=-0.068
[INFO] [1778714504.868878152] [final_warehouse_scan_node]: Drive to row 1: target_y=3.00, y=-2.14, dy=5.14, yaw_err=-0.068
[INFO] [1778714504.913017236] [final_warehouse_scan_node]: Drive to row 1: target_y=3.00, y=-2.14, dy=5.14, yaw_err=-0.068
[INFO] [1778714504.975419538] [final_warehouse_scan_node]: Drive to row 1: target_y=3.00, y=-2.14, dy=5.14, yaw_err=-0.068
[INFO] [1778714505.013959114] [final_warehouse_scan_node]: Drive to row 1: target_y=3.00, y=-2.14, dy=5.14, yaw_err=-0.068
[INFO] [1778714505.056877653] [final_warehouse_scan_node]: Drive to row 1: target_y=3.00, y=-2.15, dy=5.15, yaw_err=-0.068
[INFO] [1778714505.116367338] [final_warehouse_scan_node]: Drive to row 1: target_y=3.00, y=-2.15, dy=5.15, yaw_err=-0.068
[INFO] [1778714505.168762433] [final_warehouse_scan_node]: Drive to row 1: target_y=3.00, y=-2.15, dy=5.15, yaw_err=-0.068
[INFO] [1778714505.220625039] [final_warehouse_scan_node]: Drive to row 1: target_y=3.00, y=-2.15, dy=5.15, yaw_err=-0.068
[INFO] [1778714505.256782436] [final_warehouse_scan_node]: Drive to row 1: target_y=3.00, y=-2.15, dy=5.15, yaw_err=-0.068
[INFO] [1778714505.316158714] [final_warehouse_scan_node]: Drive to row 1: target_y=3.00, y=-2.15, dy=5.15, yaw_err=-0.068
[INFO] [1778714505.365007805] [final_warehouse_scan_node]: Drive to row 1: target_y=3.00, y=-2.16, dy=5.16, yaw_err=-0.068
[INFO] [1778714505.422345887] [final_warehouse_scan_node]: Drive to row 1: target_y=3.00, y=-2.16, dy=5.16, yaw_err=-0.068
[INFO] [1778714505.457857693] [final_warehouse_scan_node]: Drive to row 1: target_y=3.00, y=-2.16, dy=5.16, yaw_err=-0.068
[INFO] [1778714505.513416861] [final_warehouse_scan_node]: Drive to row 1: target_y=3.00, y=-2.16, dy=5.16, yaw_err=-0.068
[INFO] [1778714505.572881376] [final_warehouse_scan_node]: Drive to row 1: target_y=3.00, y=-2.16, dy=5.16, yaw_err=-0.068
[INFO] [1778714505.604844598] [final_warehouse_scan_node]: Drive to row 1: target_y=3.00, y=-2.16, dy=5.16, yaw_err=-0.068
[INFO] [1778714505.657556361] [final_warehouse_scan_node]: Drive to row 1: target_y=3.00, y=-2.17, dy=5.17, yaw_err=-0.068
[INFO] [1778714505.738941512] [final_warehouse_scan_node]: Drive to row 1: target_y=3.00, y=-2.17, dy=5.17, yaw_err=-0.068
[INFO] [1778714505.755081950] [final_warehouse_scan_node]: Drive to row 1: target_y=3.00, y=-2.17, dy=5.17, yaw_err=-0.068
[INFO] [1778714505.805936352] [final_warehouse_scan_node]: Drive to row 1: target_y=3.00, y=-2.17, dy=5.17, yaw_err=-0.068
[INFO] [1778714505.864217303] [final_warehouse_scan_node]: Drive to row 1: target_y=3.00, y=-2.18, dy=5.18, yaw_err=-0.068
[INFO] [1778714505.907931679] [final_warehouse_scan_node]: Drive to row 1: target_y=3.00, y=-2.18, dy=5.18, yaw_err=-0.068
[INFO] [1778714505.961163891] [final_warehouse_scan_node]: Drive to row 1: target_y=3.00, y=-2.18, dy=5.18, yaw_err=-0.068
[INFO] [1778714506.015066619] [final_warehouse_scan_node]: Drive to row 1: target_y=3.00, y=-2.18, dy=5.18, yaw_err=-0.068
[INFO] [1778714506.065301980] [final_warehouse_scan_node]: Drive to row 1: target_y=3.00, y=-2.18, dy=5.18, yaw_err=-0.068
[INFO] [1778714506.115779339] [final_warehouse_scan_node]: Drive to row 1: target_y=3.00, y=-2.18, dy=5.18, yaw_err=-0.068
[INFO] [1778714506.158557415] [final_warehouse_scan_node]: Drive to row 1: target_y=3.00, y=-2.19, dy=5.19, yaw_err=-0.068
[INFO] [1778714506.215684871] [final_warehouse_scan_node]: Drive to row 1: target_y=3.00, y=-2.19, dy=5.19, yaw_err=-0.068
[INFO] [1778714506.261409338] [final_warehouse_scan_node]: Drive to row 1: target_y=3.00, y=-2.19, dy=5.19, yaw_err=-0.068
[INFO] [1778714506.313784056] [final_warehouse_scan_node]: Drive to row 1: target_y=3.00, y=-2.19, dy=5.19, yaw_err=-0.068
[INFO] [1778714506.362002740] [final_warehouse_scan_node]: Drive to row 1: target_y=3.00, y=-2.20, dy=5.20, yaw_err=-0.068
[INFO] [1778714506.416679764] [final_warehouse_scan_node]: Drive to row 1: target_y=3.00, y=-2.20, dy=5.20, yaw_err=-0.068
[INFO] [1778714506.464125441] [final_warehouse_scan_node]: Drive to row 1: target_y=3.00, y=-2.20, dy=5.20, yaw_err=-0.068
[INFO] [1778714506.519476715] [final_warehouse_scan_node]: Drive to row 1: target_y=3.00, y=-2.20, dy=5.20, yaw_err=-0.068
[INFO] [1778714506.569375055] [final_warehouse_scan_node]: Drive to row 1: target_y=3.00, y=-2.20, dy=5.20, yaw_err=-0.068
[INFO] [1778714506.609561219] [final_warehouse_scan_node]: Drive to row 1: target_y=3.00, y=-2.20, dy=5.20, yaw_err=-0.068
[INFO] [1778714506.664100402] [final_warehouse_scan_node]: Drive to row 1: target_y=3.00, y=-2.21, dy=5.21, yaw_err=-0.068
[INFO] [1778714506.739990456] [final_warehouse_scan_node]: Drive to row 1: target_y=3.00, y=-2.21, dy=5.21, yaw_err=-0.068
[INFO] [1778714506.758215852] [final_warehouse_scan_node]: Drive to row 1: target_y=3.00, y=-2.21, dy=5.21, yaw_err=-0.068
[INFO] [1778714506.817371532] [final_warehouse_scan_node]: Drive to row 1: target_y=3.00, y=-2.21, dy=5.21, yaw_err=-0.068
[INFO] [1778714506.864369057] [final_warehouse_scan_node]: Drive to row 1: target_y=3.00, y=-2.21, dy=5.21, yaw_err=-0.068
[INFO] [1778714506.910750076] [final_warehouse_scan_node]: Drive to row 1: target_y=3.00, y=-2.22, dy=5.22, yaw_err=-0.068
[INFO] [1778714506.949482342] [final_warehouse_scan_node]: Drive to row 1: target_y=3.00, y=-2.22, dy=5.22, yaw_err=-0.068
[INFO] [1778714507.003348364] [final_warehouse_scan_node]: Drive to row 1: target_y=3.00, y=-2.22, dy=5.22, yaw_err=-0.068
[INFO] [1778714507.057968360] [final_warehouse_scan_node]: Drive to row 1: target_y=3.00, y=-2.22, dy=5.22, yaw_err=-0.068
[INFO] [1778714507.115879054] [final_warehouse_scan_node]: Drive to row 1: target_y=3.00, y=-2.23, dy=5.23, yaw_err=-0.068
[INFO] [1778714507.155047218] [final_warehouse_scan_node]: Drive to row 1: target_y=3.00, y=-2.23, dy=5.23, yaw_err=-0.068
[INFO] [1778714507.208684078] [final_warehouse_scan_node]: Drive to row 1: target_y=3.00, y=-2.23, dy=5.23, yaw_err=-0.068
[INFO] [1778714507.258965724] [final_warehouse_scan_node]: Drive to row 1: target_y=3.00, y=-2.23, dy=5.23, yaw_err=-0.068
[INFO] [1778714507.312653396] [final_warehouse_scan_node]: Drive to row 1: target_y=3.00, y=-2.24, dy=5.24, yaw_err=-0.068
[INFO] [1778714507.364098991] [final_warehouse_scan_node]: Drive to row 1: target_y=3.00, y=-2.24, dy=5.24, yaw_err=-0.068
[INFO] [1778714507.416753836] [final_warehouse_scan_node]: Drive to row 1: target_y=3.00, y=-2.24, dy=5.24, yaw_err=-0.068
[INFO] [1778714507.459018491] [final_warehouse_scan_node]: Drive to row 1: target_y=3.00, y=-2.24, dy=5.24, yaw_err=-0.068
[INFO] [1778714507.505645294] [final_warehouse_scan_node]: Drive to row 1: target_y=3.00, y=-2.24, dy=5.24, yaw_err=-0.068
[INFO] [1778714507.555810618] [final_warehouse_scan_node]: Drive to row 1: target_y=3.00, y=-2.25, dy=5.25, yaw_err=-0.068
[INFO] [1778714507.609330050] [final_warehouse_scan_node]: Drive to row 1: target_y=3.00, y=-2.25, dy=5.25, yaw_err=-0.068
[INFO] [1778714507.669607046] [final_warehouse_scan_node]: Drive to row 1: target_y=3.00, y=-2.25, dy=5.25, yaw_err=-0.068
[INFO] [1778714507.704733798] [final_warehouse_scan_node]: Drive to row 1: target_y=3.00, y=-2.25, dy=5.25, yaw_err=-0.068
[INFO] [1778714507.763760860] [final_warehouse_scan_node]: Drive to row 1: target_y=3.00, y=-2.25, dy=5.25, yaw_err=-0.068
[INFO] [1778714507.808904352] [final_warehouse_scan_node]: Drive to row 1: target_y=3.00, y=-2.26, dy=5.26, yaw_err=-0.068
[INFO] [1778714507.859390818] [final_warehouse_scan_node]: Drive to row 1: target_y=3.00, y=-2.26, dy=5.26, yaw_err=-0.068
[INFO] [1778714507.909734206] [final_warehouse_scan_node]: Drive to row 1: target_y=3.00, y=-2.26, dy=5.26, yaw_err=-0.068
[INFO] [1778714507.964594775] [final_warehouse_scan_node]: Drive to row 1: target_y=3.00, y=-2.26, dy=5.26, yaw_err=-0.068
[INFO] [1778714508.010937269] [final_warehouse_scan_node]: Drive to row 1: target_y=3.00, y=-2.27, dy=5.27, yaw_err=-0.068
[INFO] [1778714508.060767344] [final_warehouse_scan_node]: Drive to row 1: target_y=3.00, y=-2.27, dy=5.27, yaw_err=-0.068
[INFO] [1778714508.112611344] [final_warehouse_scan_node]: Drive to row 1: target_y=3.00, y=-2.27, dy=5.27, yaw_err=-0.068
[INFO] [1778714508.159176215] [final_warehouse_scan_node]: Drive to row 1: target_y=3.00, y=-2.27, dy=5.27, yaw_err=-0.068
[INFO] [1778714508.200879188] [final_warehouse_scan_node]: Drive to row 1: target_y=3.00, y=-2.28, dy=5.28, yaw_err=-0.068
[INFO] [1778714508.252845078] [final_warehouse_scan_node]: Drive to row 1: target_y=3.00, y=-2.28, dy=5.28, yaw_err=-0.068
[INFO] [1778714508.302475866] [final_warehouse_scan_node]: Drive to row 1: target_y=3.00, y=-2.28, dy=5.28, yaw_err=-0.068
[INFO] [1778714508.355760354] [final_warehouse_scan_node]: Drive to row 1: target_y=3.00, y=-2.29, dy=5.29, yaw_err=-0.068
[INFO] [1778714508.401533621] [final_warehouse_scan_node]: Drive to row 1: target_y=3.00, y=-2.29, dy=5.29, yaw_err=-0.068
[INFO] [1778714508.461827541] [final_warehouse_scan_node]: Drive to row 1: target_y=3.00, y=-2.29, dy=5.29, yaw_err=-0.068
[INFO] [1778714508.505869995] [final_warehouse_scan_node]: Drive to row 1: target_y=3.00, y=-2.30, dy=5.30, yaw_err=-0.068
[INFO] [1778714508.558228157] [final_warehouse_scan_node]: Drive to row 1: target_y=3.00, y=-2.30, dy=5.30, yaw_err=-0.068
[INFO] [1778714508.607253997] [final_warehouse_scan_node]: Drive to row 1: target_y=3.00, y=-2.30, dy=5.30, yaw_err=-0.068
[INFO] [1778714508.656104934] [final_warehouse_scan_node]: Drive to row 1: target_y=3.00, y=-2.31, dy=5.31, yaw_err=-0.068
[INFO] [1778714508.707492292] [final_warehouse_scan_node]: Drive to row 1: target_y=3.00, y=-2.31, dy=5.31, yaw_err=-0.068
[INFO] [1778714508.759743750] [final_warehouse_scan_node]: Drive to row 1: target_y=3.00, y=-2.31, dy=5.31, yaw_err=-0.068
[INFO] [1778714508.804446277] [final_warehouse_scan_node]: Drive to row 1: target_y=3.00, y=-2.31, dy=5.31, yaw_err=-0.068
[INFO] [1778714508.858216895] [final_warehouse_scan_node]: Drive to row 1: target_y=3.00, y=-2.32, dy=5.32, yaw_err=-0.068
[INFO] [1778714508.911522360] [final_warehouse_scan_node]: Drive to row 1: target_y=3.00, y=-2.32, dy=5.32, yaw_err=-0.068
[INFO] [1778714508.956522065] [final_warehouse_scan_node]: Drive to row 1: target_y=3.00, y=-2.32, dy=5.32, yaw_err=-0.068
[INFO] [1778714509.000969747] [final_warehouse_scan_node]: Drive to row 1: target_y=3.00, y=-2.33, dy=5.33, yaw_err=-0.068
[INFO] [1778714509.049283902] [final_warehouse_scan_node]: Drive to row 1: target_y=3.00, y=-2.33, dy=5.33, yaw_err=-0.068
[INFO] [1778714509.100793443] [final_warehouse_scan_node]: Drive to row 1: target_y=3.00, y=-2.33, dy=5.33, yaw_err=-0.068
[INFO] [1778714509.157951306] [final_warehouse_scan_node]: Drive to row 1: target_y=3.00, y=-2.34, dy=5.34, yaw_err=-0.068
[INFO] [1778714509.202565436] [final_warehouse_scan_node]: Drive to row 1: target_y=3.00, y=-2.34, dy=5.34, yaw_err=-0.068
[INFO] [1778714509.258185724] [final_warehouse_scan_node]: Drive to row 1: target_y=3.00, y=-2.34, dy=5.34, yaw_err=-0.068
[INFO] [1778714509.303101109] [final_warehouse_scan_node]: Drive to row 1: target_y=3.00, y=-2.34, dy=5.34, yaw_err=-0.068
[INFO] [1778714509.364518263] [final_warehouse_scan_node]: Drive to row 1: target_y=3.00, y=-2.35, dy=5.35, yaw_err=-0.068
[INFO] [1778714509.408249394] [final_warehouse_scan_node]: Drive to row 1: target_y=3.00, y=-2.35, dy=5.35, yaw_err=-0.068
[INFO] [1778714509.461235134] [final_warehouse_scan_node]: Drive to row 1: target_y=3.00, y=-2.35, dy=5.35, yaw_err=-0.068
[INFO] [1778714509.507598513] [final_warehouse_scan_node]: Drive to row 1: target_y=3.00, y=-2.35, dy=5.35, yaw_err=-0.068
[INFO] [1778714509.563924873] [final_warehouse_scan_node]: Drive to row 1: target_y=3.00, y=-2.36, dy=5.36, yaw_err=-0.068
[INFO] [1778714509.609097634] [final_warehouse_scan_node]: Drive to row 1: target_y=3.00, y=-2.36, dy=5.36, yaw_err=-0.068
[INFO] [1778714509.654606006] [final_warehouse_scan_node]: Drive to row 1: target_y=3.00, y=-2.36, dy=5.36, yaw_err=-0.068
[INFO] [1778714509.709880014] [final_warehouse_scan_node]: Drive to row 1: target_y=3.00, y=-2.36, dy=5.36, yaw_err=-0.068
[INFO] [1778714509.751438998] [final_warehouse_scan_node]: Drive to row 1: target_y=3.00, y=-2.37, dy=5.37, yaw_err=-0.068
[INFO] [1778714509.798393536] [final_warehouse_scan_node]: Drive to row 1: target_y=3.00, y=-2.37, dy=5.37, yaw_err=-0.068
[INFO] [1778714509.860139170] [final_warehouse_scan_node]: Drive to row 1: target_y=3.00, y=-2.37, dy=5.37, yaw_err=-0.068
[INFO] [1778714509.910455547] [final_warehouse_scan_node]: Drive to row 1: target_y=3.00, y=-2.37, dy=5.37, yaw_err=-0.068
[INFO] [1778714509.960329413] [final_warehouse_scan_node]: Drive to row 1: target_y=3.00, y=-2.38, dy=5.38, yaw_err=-0.068
[INFO] [1778714510.013625707] [final_warehouse_scan_node]: Drive to row 1: target_y=3.00, y=-2.38, dy=5.38, yaw_err=-0.068
[INFO] [1778714510.061259916] [final_warehouse_scan_node]: Drive to row 1: target_y=3.00, y=-2.38, dy=5.38, yaw_err=-0.068
[INFO] [1778714510.111978285] [final_warehouse_scan_node]: Drive to row 1: target_y=3.00, y=-2.39, dy=5.39, yaw_err=-0.068
[INFO] [1778714510.160940489] [final_warehouse_scan_node]: Drive to row 1: target_y=3.00, y=-2.39, dy=5.39, yaw_err=-0.068
[INFO] [1778714510.203565047] [final_warehouse_scan_node]: Drive to row 1: target_y=3.00, y=-2.39, dy=5.39, yaw_err=-0.068
[INFO] [1778714510.268252212] [final_warehouse_scan_node]: Drive to row 1: target_y=3.00, y=-2.39, dy=5.39, yaw_err=-0.068
[INFO] [1778714510.328160774] [final_warehouse_scan_node]: Drive to row 1: target_y=3.00, y=-2.39, dy=5.39, yaw_err=-0.068
[INFO] [1778714510.354065367] [final_warehouse_scan_node]: Drive to row 1: target_y=3.00, y=-2.40, dy=5.40, yaw_err=-0.068
[INFO] [1778714510.403881985] [final_warehouse_scan_node]: Drive to row 1: target_y=3.00, y=-2.40, dy=5.40, yaw_err=-0.068
[INFO] [1778714510.461457976] [final_warehouse_scan_node]: Drive to row 1: target_y=3.00, y=-2.40, dy=5.40, yaw_err=-0.068
[INFO] [1778714510.520526801] [final_warehouse_scan_node]: Drive to row 1: target_y=3.00, y=-2.40, dy=5.40, yaw_err=-0.068
[INFO] [1778714510.570665717] [final_warehouse_scan_node]: Drive to row 1: target_y=3.00, y=-2.40, dy=5.40, yaw_err=-0.068
[INFO] [1778714510.620808247] [final_warehouse_scan_node]: Drive to row 1: target_y=3.00, y=-2.41, dy=5.41, yaw_err=-0.068
[INFO] [1778714510.664051367] [final_warehouse_scan_node]: Drive to row 1: target_y=3.00, y=-2.41, dy=5.41, yaw_err=-0.068
[INFO] [1778714510.702020257] [final_warehouse_scan_node]: Drive to row 1: target_y=3.00, y=-2.41, dy=5.41, yaw_err=-0.068
[INFO] [1778714510.758771365] [final_warehouse_scan_node]: Drive to row 1: target_y=3.00, y=-2.42, dy=5.42, yaw_err=-0.068
[INFO] [1778714510.802246429] [final_warehouse_scan_node]: Drive to row 1: target_y=3.00, y=-2.42, dy=5.42, yaw_err=-0.068
[INFO] [1778714510.860939726] [final_warehouse_scan_node]: Drive to row 1: target_y=3.00, y=-2.42, dy=5.42, yaw_err=-0.068
[INFO] [1778714510.903680454] [final_warehouse_scan_node]: Drive to row 1: target_y=3.00, y=-2.42, dy=5.42, yaw_err=-0.068
[INFO] [1778714510.952821207] [final_warehouse_scan_node]: Drive to row 1: target_y=3.00, y=-2.43, dy=5.43, yaw_err=-0.068
[INFO] [1778714510.998967331] [final_warehouse_scan_node]: Drive to row 1: target_y=3.00, y=-2.43, dy=5.43, yaw_err=-0.068
[INFO] [1778714511.052380897] [final_warehouse_scan_node]: Drive to row 1: target_y=3.00, y=-2.44, dy=5.44, yaw_err=-0.068
[INFO] [1778714511.100585910] [final_warehouse_scan_node]: Drive to row 1: target_y=3.00, y=-2.44, dy=5.44, yaw_err=-0.068
[INFO] [1778714511.151020401] [final_warehouse_scan_node]: Drive to row 1: target_y=3.00, y=-2.44, dy=5.44, yaw_err=-0.068
[INFO] [1778714511.200188085] [final_warehouse_scan_node]: Drive to row 1: target_y=3.00, y=-2.45, dy=5.45, yaw_err=-0.068
[INFO] [1778714511.249141805] [final_warehouse_scan_node]: Drive to row 1: target_y=3.00, y=-2.45, dy=5.45, yaw_err=-0.068
[INFO] [1778714511.301909922] [final_warehouse_scan_node]: Drive to row 1: target_y=3.00, y=-2.45, dy=5.45, yaw_err=-0.068
[INFO] [1778714511.355810702] [final_warehouse_scan_node]: Drive to row 1: target_y=3.00, y=-2.46, dy=5.46, yaw_err=-0.068
[INFO] [1778714511.404737101] [final_warehouse_scan_node]: Drive to row 1: target_y=3.00, y=-2.46, dy=5.46, yaw_err=-0.068
[INFO] [1778714511.449662464] [final_warehouse_scan_node]: Drive to row 1: target_y=3.00, y=-2.46, dy=5.46, yaw_err=-0.068
[INFO] [1778714511.506663000] [final_warehouse_scan_node]: Drive to row 1: target_y=3.00, y=-2.47, dy=5.47, yaw_err=-0.068
[INFO] [1778714511.557447906] [final_warehouse_scan_node]: Drive to row 1: target_y=3.00, y=-2.47, dy=5.47, yaw_err=-0.068
[INFO] [1778714511.615071740] [final_warehouse_scan_node]: Drive to row 1: target_y=3.00, y=-2.47, dy=5.47, yaw_err=-0.068
[INFO] [1778714511.652272451] [final_warehouse_scan_node]: Drive to row 1: target_y=3.00, y=-2.48, dy=5.48, yaw_err=-0.068
[INFO] [1778714511.702677252] [final_warehouse_scan_node]: Drive to row 1: target_y=3.00, y=-2.48, dy=5.48, yaw_err=-0.068
[INFO] [1778714511.749209182] [final_warehouse_scan_node]: Drive to row 1: target_y=3.00, y=-2.49, dy=5.49, yaw_err=-0.068
[INFO] [1778714511.807618587] [final_warehouse_scan_node]: Drive to row 1: target_y=3.00, y=-2.49, dy=5.49, yaw_err=-0.068
[INFO] [1778714511.850060345] [final_warehouse_scan_node]: Drive to row 1: target_y=3.00, y=-2.49, dy=5.49, yaw_err=-0.068
[INFO] [1778714511.900171698] [final_warehouse_scan_node]: Drive to row 1: target_y=3.00, y=-2.50, dy=5.50, yaw_err=-0.068
[INFO] [1778714511.958326397] [final_warehouse_scan_node]: Drive to row 1: target_y=3.00, y=-2.50, dy=5.50, yaw_err=-0.068
[INFO] [1778714512.002515224] [final_warehouse_scan_node]: Drive to row 1: target_y=3.00, y=-2.50, dy=5.50, yaw_err=-0.068
[INFO] [1778714512.060965116] [final_warehouse_scan_node]: Drive to row 1: target_y=3.00, y=-2.51, dy=5.51, yaw_err=-0.068
[INFO] [1778714512.103466507] [final_warehouse_scan_node]: Drive to row 1: target_y=3.00, y=-2.51, dy=5.51, yaw_err=-0.068
[INFO] [1778714512.161819770] [final_warehouse_scan_node]: Drive to row 1: target_y=3.00, y=-2.51, dy=5.51, yaw_err=-0.068
[INFO] [1778714512.202518636] [final_warehouse_scan_node]: Drive to row 1: target_y=3.00, y=-2.52, dy=5.52, yaw_err=-0.068
[INFO] [1778714512.258309791] [final_warehouse_scan_node]: Drive to row 1: target_y=3.00, y=-2.52, dy=5.52, yaw_err=-0.068
[INFO] [1778714512.308330694] [final_warehouse_scan_node]: Drive to row 1: target_y=3.00, y=-2.52, dy=5.52, yaw_err=-0.068
[INFO] [1778714512.355710567] [final_warehouse_scan_node]: Drive to row 1: target_y=3.00, y=-2.52, dy=5.52, yaw_err=-0.068
[INFO] [1778714512.412292388] [final_warehouse_scan_node]: Drive to row 1: target_y=3.00, y=-2.53, dy=5.53, yaw_err=-0.068
[INFO] [1778714512.455613688] [final_warehouse_scan_node]: Drive to row 1: target_y=3.00, y=-2.53, dy=5.53, yaw_err=-0.068
[INFO] [1778714512.513519526] [final_warehouse_scan_node]: Drive to row 1: target_y=3.00, y=-2.53, dy=5.53, yaw_err=-0.068
[INFO] [1778714512.550115812] [final_warehouse_scan_node]: Drive to row 1: target_y=3.00, y=-2.53, dy=5.53, yaw_err=-0.068
[INFO] [1778714512.600087605] [final_warehouse_scan_node]: Drive to row 1: target_y=3.00, y=-2.54, dy=5.54, yaw_err=-0.068
[INFO] [1778714512.652517225] [final_warehouse_scan_node]: Drive to row 1: target_y=3.00, y=-2.54, dy=5.54, yaw_err=-0.068
[INFO] [1778714512.708412777] [final_warehouse_scan_node]: Drive to row 1: target_y=3.00, y=-2.55, dy=5.55, yaw_err=-0.068
[INFO] [1778714512.763036001] [final_warehouse_scan_node]: Drive to row 1: target_y=3.00, y=-2.55, dy=5.55, yaw_err=-0.068
[INFO] [1778714512.807046140] [final_warehouse_scan_node]: Drive to row 1: target_y=3.00, y=-2.55, dy=5.55, yaw_err=-0.068
[INFO] [1778714512.864094440] [final_warehouse_scan_node]: Drive to row 1: target_y=3.00, y=-2.55, dy=5.55, yaw_err=-0.068
[INFO] [1778714512.906561116] [final_warehouse_scan_node]: Drive to row 1: target_y=3.00, y=-2.56, dy=5.56, yaw_err=-0.068
[INFO] [1778714512.964219280] [final_warehouse_scan_node]: Drive to row 1: target_y=3.00, y=-2.56, dy=5.56, yaw_err=-0.068
[INFO] [1778714513.002244715] [final_warehouse_scan_node]: Drive to row 1: target_y=3.00, y=-2.56, dy=5.56, yaw_err=-0.068
[INFO] [1778714513.061130637] [final_warehouse_scan_node]: Drive to row 1: target_y=3.00, y=-2.56, dy=5.56, yaw_err=-0.068
[INFO] [1778714513.101077098] [final_warehouse_scan_node]: Drive to row 1: target_y=3.00, y=-2.57, dy=5.57, yaw_err=-0.068
[INFO] [1778714513.163909675] [final_warehouse_scan_node]: Drive to row 1: target_y=3.00, y=-2.57, dy=5.57, yaw_err=-0.068
[INFO] [1778714513.219027835] [final_warehouse_scan_node]: Drive to row 1: target_y=3.00, y=-2.57, dy=5.57, yaw_err=-0.068
[INFO] [1778714513.251852322] [final_warehouse_scan_node]: Drive to row 1: target_y=3.00, y=-2.57, dy=5.57, yaw_err=-0.068
[INFO] [1778714513.305887162] [final_warehouse_scan_node]: Drive to row 1: target_y=3.00, y=-2.58, dy=5.58, yaw_err=-0.068
[INFO] [1778714513.351566152] [final_warehouse_scan_node]: Drive to row 1: target_y=3.00, y=-2.58, dy=5.58, yaw_err=-0.068
[INFO] [1778714513.409110806] [final_warehouse_scan_node]: Drive to row 1: target_y=3.00, y=-2.58, dy=5.58, yaw_err=-0.068
[INFO] [1778714513.457981226] [final_warehouse_scan_node]: Drive to row 1: target_y=3.00, y=-2.58, dy=5.58, yaw_err=-0.068
[INFO] [1778714513.502697955] [final_warehouse_scan_node]: Drive to row 1: target_y=3.00, y=-2.59, dy=5.59, yaw_err=-0.068
[INFO] [1778714513.563545618] [final_warehouse_scan_node]: Drive to row 1: target_y=3.00, y=-2.59, dy=5.59, yaw_err=-0.068
[INFO] [1778714513.604495293] [final_warehouse_scan_node]: Drive to row 1: target_y=3.00, y=-2.59, dy=5.59, yaw_err=-0.068
[INFO] [1778714513.659454240] [final_warehouse_scan_node]: Drive to row 1: target_y=3.00, y=-2.59, dy=5.59, yaw_err=-0.068
[INFO] [1778714513.713819845] [final_warehouse_scan_node]: Drive to row 1: target_y=3.00, y=-2.60, dy=5.60, yaw_err=-0.068
[INFO] [1778714513.755659894] [final_warehouse_scan_node]: Drive to row 1: target_y=3.00, y=-2.60, dy=5.60, yaw_err=-0.068
[INFO] [1778714513.804451118] [final_warehouse_scan_node]: Drive to row 1: target_y=3.00, y=-2.60, dy=5.60, yaw_err=-0.068
[INFO] [1778714513.862209635] [final_warehouse_scan_node]: Drive to row 1: target_y=3.00, y=-2.60, dy=5.60, yaw_err=-0.068
[INFO] [1778714513.911018123] [final_warehouse_scan_node]: Drive to row 1: target_y=3.00, y=-2.61, dy=5.61, yaw_err=-0.068
[INFO] [1778714513.965055617] [final_warehouse_scan_node]: Drive to row 1: target_y=3.00, y=-2.61, dy=5.61, yaw_err=-0.068
[INFO] [1778714514.004463693] [final_warehouse_scan_node]: Drive to row 1: target_y=3.00, y=-2.61, dy=5.61, yaw_err=-0.068
[INFO] [1778714514.053901712] [final_warehouse_scan_node]: Drive to row 1: target_y=3.00, y=-2.61, dy=5.61, yaw_err=-0.068
[INFO] [1778714514.107548024] [final_warehouse_scan_node]: Drive to row 1: target_y=3.00, y=-2.62, dy=5.62, yaw_err=-0.068
[INFO] [1778714514.174142356] [final_warehouse_scan_node]: Drive to row 1: target_y=3.00, y=-2.62, dy=5.62, yaw_err=-0.068
[INFO] [1778714514.200811454] [final_warehouse_scan_node]: Drive to row 1: target_y=3.00, y=-2.62, dy=5.62, yaw_err=-0.068
[INFO] [1778714514.260527006] [final_warehouse_scan_node]: Drive to row 1: target_y=3.00, y=-2.62, dy=5.62, yaw_err=-0.068
[INFO] [1778714514.311285327] [final_warehouse_scan_node]: Drive to row 1: target_y=3.00, y=-2.62, dy=5.62, yaw_err=-0.068
[INFO] [1778714514.360414669] [final_warehouse_scan_node]: Drive to row 1: target_y=3.00, y=-2.62, dy=5.62, yaw_err=-0.068
[INFO] [1778714514.411976830] [final_warehouse_scan_node]: Drive to row 1: target_y=3.00, y=-2.63, dy=5.63, yaw_err=-0.068
[INFO] [1778714514.455696393] [final_warehouse_scan_node]: Drive to row 1: target_y=3.00, y=-2.63, dy=5.63, yaw_err=-0.068
[INFO] [1778714514.504030740] [final_warehouse_scan_node]: Drive to row 1: target_y=3.00, y=-2.63, dy=5.63, yaw_err=-0.068
[INFO] [1778714514.552446422] [final_warehouse_scan_node]: Drive to row 1: target_y=3.00, y=-2.64, dy=5.64, yaw_err=-0.068
[INFO] [1778714514.608932751] [final_warehouse_scan_node]: Drive to row 1: target_y=3.00, y=-2.64, dy=5.64, yaw_err=-0.068
[INFO] [1778714514.649572569] [final_warehouse_scan_node]: Drive to row 1: target_y=3.00, y=-2.64, dy=5.64, yaw_err=-0.068
[INFO] [1778714514.706121533] [final_warehouse_scan_node]: Drive to row 1: target_y=3.00, y=-2.65, dy=5.65, yaw_err=-0.068
[INFO] [1778714514.753207148] [final_warehouse_scan_node]: Drive to row 1: target_y=3.00, y=-2.65, dy=5.65, yaw_err=-0.068
[INFO] [1778714514.810794455] [final_warehouse_scan_node]: Drive to row 1: target_y=3.00, y=-2.65, dy=5.65, yaw_err=-0.068
[INFO] [1778714514.853467122] [final_warehouse_scan_node]: Drive to row 1: target_y=3.00, y=-2.65, dy=5.65, yaw_err=-0.068
[INFO] [1778714514.915817363] [final_warehouse_scan_node]: Drive to row 1: target_y=3.00, y=-2.66, dy=5.66, yaw_err=-0.068
[INFO] [1778714514.953956321] [final_warehouse_scan_node]: Drive to row 1: target_y=3.00, y=-2.66, dy=5.66, yaw_err=-0.068
[INFO] [1778714515.005823507] [final_warehouse_scan_node]: Drive to row 1: target_y=3.00, y=-2.67, dy=5.67, yaw_err=-0.068
[INFO] [1778714515.053518261] [final_warehouse_scan_node]: Drive to row 1: target_y=3.00, y=-2.67, dy=5.67, yaw_err=-0.068
[INFO] [1778714515.110069981] [final_warehouse_scan_node]: Drive to row 1: target_y=3.00, y=-2.67, dy=5.67, yaw_err=-0.068
[INFO] [1778714515.152361605] [final_warehouse_scan_node]: Drive to row 1: target_y=3.00, y=-2.68, dy=5.68, yaw_err=-0.068
[INFO] [1778714515.217679506] [final_warehouse_scan_node]: Drive to row 1: target_y=3.00, y=-2.68, dy=5.68, yaw_err=-0.068
[INFO] [1778714515.283004773] [final_warehouse_scan_node]: Drive to row 1: target_y=3.00, y=-2.68, dy=5.68, yaw_err=-0.068
[INFO] [1778714515.317312286] [final_warehouse_scan_node]: Drive to row 1: target_y=3.00, y=-2.68, dy=5.68, yaw_err=-0.068
[INFO] [1778714515.367065902] [final_warehouse_scan_node]: Drive to row 1: target_y=3.00, y=-2.68, dy=5.68, yaw_err=-0.068
[INFO] [1778714515.406302974] [final_warehouse_scan_node]: Drive to row 1: target_y=3.00, y=-2.69, dy=5.69, yaw_err=-0.068
[INFO] [1778714515.451056282] [final_warehouse_scan_node]: Drive to row 1: target_y=3.00, y=-2.69, dy=5.69, yaw_err=-0.068
[INFO] [1778714515.515116833] [final_warehouse_scan_node]: Drive to row 1: target_y=3.00, y=-2.69, dy=5.69, yaw_err=-0.068
[INFO] [1778714515.555419541] [final_warehouse_scan_node]: Drive to row 1: target_y=3.00, y=-2.70, dy=5.70, yaw_err=-0.068
[INFO] [1778714515.612730735] [final_warehouse_scan_node]: Drive to row 1: target_y=3.00, y=-2.70, dy=5.70, yaw_err=-0.068
[INFO] [1778714515.652688683] [final_warehouse_scan_node]: Drive to row 1: target_y=3.00, y=-2.70, dy=5.70, yaw_err=-0.068
[INFO] [1778714515.707315744] [final_warehouse_scan_node]: Drive to row 1: target_y=3.00, y=-2.71, dy=5.71, yaw_err=-0.068
[INFO] [1778714515.750340692] [final_warehouse_scan_node]: Drive to row 1: target_y=3.00, y=-2.71, dy=5.71, yaw_err=-0.068
[INFO] [1778714515.806642463] [final_warehouse_scan_node]: Drive to row 1: target_y=3.00, y=-2.71, dy=5.71, yaw_err=-0.068
[INFO] [1778714515.852417272] [final_warehouse_scan_node]: Drive to row 1: target_y=3.00, y=-2.72, dy=5.72, yaw_err=-0.068
[INFO] [1778714515.903185031] [final_warehouse_scan_node]: Drive to row 1: target_y=3.00, y=-2.72, dy=5.72, yaw_err=-0.068
[INFO] [1778714515.956308097] [final_warehouse_scan_node]: Drive to row 1: target_y=3.00, y=-2.73, dy=5.73, yaw_err=-0.068
[INFO] [1778714516.002582356] [final_warehouse_scan_node]: Drive to row 1: target_y=3.00, y=-2.73, dy=5.73, yaw_err=-0.068
[INFO] [1778714516.052133245] [final_warehouse_scan_node]: Drive to row 1: target_y=3.00, y=-2.73, dy=5.73, yaw_err=-0.068
[INFO] [1778714516.099587029] [final_warehouse_scan_node]: Drive to row 1: target_y=3.00, y=-2.74, dy=5.74, yaw_err=-0.068
[INFO] [1778714516.158366593] [final_warehouse_scan_node]: Drive to row 1: target_y=3.00, y=-2.74, dy=5.74, yaw_err=-0.068
[INFO] [1778714516.200267057] [final_warehouse_scan_node]: Drive to row 1: target_y=3.00, y=-2.74, dy=5.74, yaw_err=-0.068
[INFO] [1778714516.254426090] [final_warehouse_scan_node]: Drive to row 1: target_y=3.00, y=-2.75, dy=5.75, yaw_err=-0.068
[INFO] [1778714516.298967577] [final_warehouse_scan_node]: Drive to row 1: target_y=3.00, y=-2.75, dy=5.75, yaw_err=-0.068
[INFO] [1778714516.351640076] [final_warehouse_scan_node]: Drive to row 1: target_y=3.00, y=-2.75, dy=5.75, yaw_err=-0.068
[INFO] [1778714516.400569047] [final_warehouse_scan_node]: Drive to row 1: target_y=3.00, y=-2.76, dy=5.76, yaw_err=-0.068
[INFO] [1778714516.454950021] [final_warehouse_scan_node]: Drive to row 1: target_y=3.00, y=-2.76, dy=5.76, yaw_err=-0.068
[INFO] [1778714516.500554998] [final_warehouse_scan_node]: Drive to row 1: target_y=3.00, y=-2.77, dy=5.77, yaw_err=-0.068
[INFO] [1778714516.548548187] [final_warehouse_scan_node]: Drive to row 1: target_y=3.00, y=-2.77, dy=5.77, yaw_err=-0.068
[INFO] [1778714516.601539128] [final_warehouse_scan_node]: Drive to row 1: target_y=3.00, y=-2.77, dy=5.77, yaw_err=-0.068
[INFO] [1778714516.654562065] [final_warehouse_scan_node]: Drive to row 1: target_y=3.00, y=-2.78, dy=5.78, yaw_err=-0.068
[INFO] [1778714516.704195603] [final_warehouse_scan_node]: Drive to row 1: target_y=3.00, y=-2.78, dy=5.78, yaw_err=-0.068
[INFO] [1778714516.751608309] [final_warehouse_scan_node]: Drive to row 1: target_y=3.00, y=-2.79, dy=5.79, yaw_err=-0.068
[INFO] [1778714516.803638784] [final_warehouse_scan_node]: Drive to row 1: target_y=3.00, y=-2.79, dy=5.79, yaw_err=-0.068
[INFO] [1778714516.854922738] [final_warehouse_scan_node]: Drive to row 1: target_y=3.00, y=-2.79, dy=5.79, yaw_err=-0.068
[INFO] [1778714516.901657850] [final_warehouse_scan_node]: Drive to row 1: target_y=3.00, y=-2.80, dy=5.80, yaw_err=-0.068
[INFO] [1778714516.950677814] [final_warehouse_scan_node]: Drive to row 1: target_y=3.00, y=-2.80, dy=5.80, yaw_err=-0.068
[INFO] [1778714517.003045926] [final_warehouse_scan_node]: Drive to row 1: target_y=3.00, y=-2.80, dy=5.80, yaw_err=-0.068
[INFO] [1778714517.048156368] [final_warehouse_scan_node]: Drive to row 1: target_y=3.00, y=-2.81, dy=5.81, yaw_err=-0.068
[INFO] [1778714517.101222717] [final_warehouse_scan_node]: Drive to row 1: target_y=3.00, y=-2.81, dy=5.81, yaw_err=-0.068
[INFO] [1778714517.151426746] [final_warehouse_scan_node]: Drive to row 1: target_y=3.00, y=-2.81, dy=5.81, yaw_err=-0.068
[INFO] [1778714517.198681487] [final_warehouse_scan_node]: Drive to row 1: target_y=3.00, y=-2.82, dy=5.82, yaw_err=-0.068
[INFO] [1778714517.252126560] [final_warehouse_scan_node]: Drive to row 1: target_y=3.00, y=-2.82, dy=5.82, yaw_err=-0.068
[INFO] [1778714517.297652706] [final_warehouse_scan_node]: Drive to row 1: target_y=3.00, y=-2.83, dy=5.83, yaw_err=-0.068
[INFO] [1778714517.347915000] [final_warehouse_scan_node]: Drive to row 1: target_y=3.00, y=-2.83, dy=5.83, yaw_err=-0.068
[INFO] [1778714517.402529742] [final_warehouse_scan_node]: Drive to row 1: target_y=3.00, y=-2.83, dy=5.83, yaw_err=-0.068
[INFO] [1778714517.449081121] [final_warehouse_scan_node]: Drive to row 1: target_y=3.00, y=-2.84, dy=5.84, yaw_err=-0.068
[INFO] [1778714517.498198206] [final_warehouse_scan_node]: Drive to row 1: target_y=3.00, y=-2.84, dy=5.84, yaw_err=-0.068
[INFO] [1778714517.549972762] [final_warehouse_scan_node]: Drive to row 1: target_y=3.00, y=-2.85, dy=5.85, yaw_err=-0.068
[INFO] [1778714517.598585571] [final_warehouse_scan_node]: Drive to row 1: target_y=3.00, y=-2.85, dy=5.85, yaw_err=-0.068
[INFO] [1778714517.648952342] [final_warehouse_scan_node]: Drive to row 1: target_y=3.00, y=-2.86, dy=5.86, yaw_err=-0.068
[INFO] [1778714517.701878431] [final_warehouse_scan_node]: Drive to row 1: target_y=3.00, y=-2.86, dy=5.86, yaw_err=-0.068
[INFO] [1778714517.749905163] [final_warehouse_scan_node]: Drive to row 1: target_y=3.00, y=-2.86, dy=5.86, yaw_err=-0.068
[INFO] [1778714517.799170672] [final_warehouse_scan_node]: Drive to row 1: target_y=3.00, y=-2.87, dy=5.87, yaw_err=-0.068
[INFO] [1778714517.849791439] [final_warehouse_scan_node]: Drive to row 1: target_y=3.00, y=-2.87, dy=5.87, yaw_err=-0.068
[INFO] [1778714517.900936747] [final_warehouse_scan_node]: Drive to row 1: target_y=3.00, y=-2.88, dy=5.88, yaw_err=-0.068
[INFO] [1778714517.949988462] [final_warehouse_scan_node]: Drive to row 1: target_y=3.00, y=-2.88, dy=5.88, yaw_err=-0.068
[INFO] [1778714518.002669214] [final_warehouse_scan_node]: Drive to row 1: target_y=3.00, y=-2.89, dy=5.89, yaw_err=-0.068
[INFO] [1778714518.048111776] [final_warehouse_scan_node]: Drive to row 1: target_y=3.00, y=-2.89, dy=5.89, yaw_err=-0.068
[INFO] [1778714518.099693277] [final_warehouse_scan_node]: Drive to row 1: target_y=3.00, y=-2.89, dy=5.89, yaw_err=-0.068
[INFO] [1778714518.153003250] [final_warehouse_scan_node]: Drive to row 1: target_y=3.00, y=-2.90, dy=5.90, yaw_err=-0.068
[INFO] [1778714518.200542689] [final_warehouse_scan_node]: Drive to row 1: target_y=3.00, y=-2.90, dy=5.90, yaw_err=-0.068
[INFO] [1778714518.255617298] [final_warehouse_scan_node]: Drive to row 1: target_y=3.00, y=-2.91, dy=5.91, yaw_err=-0.068
[INFO] [1778714518.302410105] [final_warehouse_scan_node]: Drive to row 1: target_y=3.00, y=-2.91, dy=5.91, yaw_err=-0.068
[INFO] [1778714518.352367103] [final_warehouse_scan_node]: Drive to row 1: target_y=3.00, y=-2.92, dy=5.92, yaw_err=-0.068
[INFO] [1778714518.407484351] [final_warehouse_scan_node]: Drive to row 1: target_y=3.00, y=-2.92, dy=5.92, yaw_err=-0.068
[INFO] [1778714518.449743634] [final_warehouse_scan_node]: Drive to row 1: target_y=3.00, y=-2.92, dy=5.92, yaw_err=-0.068
[INFO] [1778714518.504808941] [final_warehouse_scan_node]: Drive to row 1: target_y=3.00, y=-2.93, dy=5.93, yaw_err=-0.068
[INFO] [1778714518.551389233] [final_warehouse_scan_node]: Drive to row 1: target_y=3.00, y=-2.93, dy=5.93, yaw_err=-0.068
[INFO] [1778714518.606096143] [final_warehouse_scan_node]: Drive to row 1: target_y=3.00, y=-2.93, dy=5.93, yaw_err=-0.068
[INFO] [1778714518.649644688] [final_warehouse_scan_node]: Drive to row 1: target_y=3.00, y=-2.94, dy=5.94, yaw_err=-0.068
[INFO] [1778714518.704285398] [final_warehouse_scan_node]: Drive to row 1: target_y=3.00, y=-2.94, dy=5.94, yaw_err=-0.068
[INFO] [1778714518.760141548] [final_warehouse_scan_node]: Drive to row 1: target_y=3.00, y=-2.95, dy=5.95, yaw_err=-0.068
[INFO] [1778714518.779835552] [final_warehouse_scan_node]: WARNING: x drift 0.20m from centerline. Stopping before rack entry.
[INFO] [1778714518.803251643] [final_warehouse_scan_node]: Drive to row 1: target_y=3.00, y=-2.95, dy=5.95, yaw_err=-0.068
[INFO] [1778714518.815167497] [final_warehouse_scan_node]: WARNING: x drift 0.20m from centerline. Stopping before rack entry.
[INFO] [1778714518.851706364] [final_warehouse_scan_node]: Drive to row 1: target_y=3.00, y=-2.95, dy=5.95, yaw_err=-0.068
[INFO] [1778714518.867935588] [final_warehouse_scan_node]: WARNING: x drift 0.20m from centerline. Stopping before rack entry.
[INFO] [1778714518.903907949] [final_warehouse_scan_node]: Drive to row 1: target_y=3.00, y=-2.95, dy=5.95, yaw_err=-0.068
[INFO] [1778714518.910790598] [final_warehouse_scan_node]: WARNING: x drift 0.20m from centerline. Stopping before rack entry.
[INFO] [1778714518.961091076] [final_warehouse_scan_node]: Drive to row 1: target_y=3.00, y=-2.95, dy=5.95, yaw_err=-0.068
[INFO] [1778714518.974058385] [final_warehouse_scan_node]: WARNING: x drift 0.20m from centerline. Stopping before rack entry.
[INFO] [1778714519.002509019] [final_warehouse_scan_node]: Drive to row 1: target_y=3.00, y=-2.95, dy=5.95, yaw_err=-0.068
[INFO] [1778714519.016075221] [final_warehouse_scan_node]: WARNING: x drift 0.20m from centerline. Stopping before rack entry.
[INFO] [1778714519.049883884] [final_warehouse_scan_node]: Drive to row 1: target_y=3.00, y=-2.95, dy=5.95, yaw_err=-0.068
[INFO] [1778714519.071228558] [final_warehouse_scan_node]: WARNING: x drift 0.20m from centerline. Stopping before rack entry.
[INFO] [1778714519.101866243] [final_warehouse_scan_node]: Drive to row 1: target_y=3.00, y=-2.95, dy=5.95, yaw_err=-0.068
[INFO] [1778714519.108580217] [final_warehouse_scan_node]: WARNING: x drift 0.20m from centerline. Stopping before rack entry.
[INFO] [1778714519.150694340] [final_warehouse_scan_node]: Drive to row 1: target_y=3.00, y=-2.95, dy=5.95, yaw_err=-0.068
[INFO] [1778714519.156049343] [final_warehouse_scan_node]: WARNING: x drift 0.20m from centerline. Stopping before rack entry.
[INFO] [1778714519.201890020] [final_warehouse_scan_node]: Drive to row 1: target_y=3.00, y=-2.95, dy=5.95, yaw_err=-0.068
[INFO] [1778714519.207448613] [final_warehouse_scan_node]: WARNING: x drift 0.20m from centerline. Stopping before rack entry.
[INFO] [1778714519.254468048] [final_warehouse_scan_node]: Drive to row 1: target_y=3.00, y=-2.95, dy=5.95, yaw_err=-0.068
[INFO] [1778714519.263123322] [final_warehouse_scan_node]: WARNING: x drift 0.20m from centerline. Stopping before rack entry.
[INFO] [1778714519.298365060] [final_warehouse_scan_node]: Drive to row 1: target_y=3.00, y=-2.95, dy=5.95, yaw_err=-0.068
[INFO] [1778714519.305399169] [final_warehouse_scan_node]: WARNING: x drift 0.20m from centerline. Stopping before rack entry.
[INFO] [1778714519.351949962] [final_warehouse_scan_node]: Drive to row 1: target_y=3.00, y=-2.95, dy=5.95, yaw_err=-0.068
[INFO] [1778714519.358675815] [final_warehouse_scan_node]: WARNING: x drift 0.20m from centerline. Stopping before rack entry.
[INFO] [1778714519.399568280] [final_warehouse_scan_node]: Drive to row 1: target_y=3.00, y=-2.95, dy=5.95, yaw_err=-0.068
[INFO] [1778714519.412164336] [final_warehouse_scan_node]: WARNING: x drift 0.20m from centerline. Stopping before rack entry.
[INFO] [1778714519.451232693] [final_warehouse_scan_node]: Drive to row 1: target_y=3.00, y=-2.95, dy=5.95, yaw_err=-0.068
[INFO] [1778714519.465408596] [final_warehouse_scan_node]: WARNING: x drift 0.20m from centerline. Stopping before rack entry.
[INFO] [1778714519.504265925] [final_warehouse_scan_node]: Drive to row 1: target_y=3.00, y=-2.95, dy=5.95, yaw_err=-0.068
[INFO] [1778714519.511176365] [final_warehouse_scan_node]: WARNING: x drift 0.20m from centerline. Stopping before rack entry.
[INFO] [1778714519.555059504] [final_warehouse_scan_node]: Drive to row 1: target_y=3.00, y=-2.95, dy=5.95, yaw_err=-0.068
[INFO] [1778714519.568734450] [final_warehouse_scan_node]: WARNING: x drift 0.20m from centerline. Stopping before rack entry.
[INFO] [1778714519.602404879] [final_warehouse_scan_node]: Drive to row 1: target_y=3.00, y=-2.95, dy=5.95, yaw_err=-0.068
[INFO] [1778714519.617046773] [final_warehouse_scan_node]: WARNING: x drift 0.20m from centerline. Stopping before rack entry.
[INFO] [1778714519.650716576] [final_warehouse_scan_node]: Drive to row 1: target_y=3.00, y=-2.95, dy=5.95, yaw_err=-0.068
[INFO] [1778714519.656794165] [final_warehouse_scan_node]: WARNING: x drift 0.20m from centerline. Stopping before rack entry.
[INFO] [1778714519.706440286] [final_warehouse_scan_node]: Drive to row 1: target_y=3.00, y=-2.95, dy=5.95, yaw_err=-0.068
[INFO] [1778714519.715260463] [final_warehouse_scan_node]: WARNING: x drift 0.20m from centerline. Stopping before rack entry.
[INFO] [1778714519.748727593] [final_warehouse_scan_node]: Drive to row 1: target_y=3.00, y=-2.95, dy=5.95, yaw_err=-0.068
[INFO] [1778714519.753899524] [final_warehouse_scan_node]: WARNING: x drift 0.20m from centerline. Stopping before rack entry.
[INFO] [1778714519.805673642] [final_warehouse_scan_node]: Drive to row 1: target_y=3.00, y=-2.95, dy=5.95, yaw_err=-0.068
[INFO] [1778714519.812380958] [final_warehouse_scan_node]: WARNING: x drift 0.20m from centerline. Stopping before rack entry.
[INFO] [1778714519.849134668] [final_warehouse_scan_node]: Drive to row 1: target_y=3.00, y=-2.95, dy=5.95, yaw_err=-0.068
[INFO] [1778714519.866126186] [final_warehouse_scan_node]: WARNING: x drift 0.20m from centerline. Stopping before rack entry.
[INFO] [1778714519.904333301] [final_warehouse_scan_node]: Drive to row 1: target_y=3.00, y=-2.95, dy=5.95, yaw_err=-0.068
[INFO] [1778714519.911976152] [final_warehouse_scan_node]: WARNING: x drift 0.20m from centerline. Stopping before rack entry.
[INFO] [1778714519.949386178] [final_warehouse_scan_node]: Drive to row 1: target_y=3.00, y=-2.95, dy=5.95, yaw_err=-0.068
[INFO] [1778714519.954463100] [final_warehouse_scan_node]: WARNING: x drift 0.20m from centerline. Stopping before rack entry.
[INFO] [1778714520.016837471] [final_warehouse_scan_node]: Drive to row 1: target_y=3.00, y=-2.95, dy=5.95, yaw_err=-0.068
[INFO] [1778714520.024009237] [final_warehouse_scan_node]: WARNING: x drift 0.20m from centerline. Stopping before rack entry.
[INFO] [1778714520.051246772] [final_warehouse_scan_node]: Drive to row 1: target_y=3.00, y=-2.95, dy=5.95, yaw_err=-0.068
[INFO] [1778714520.056254308] [final_warehouse_scan_node]: WARNING: x drift 0.20m from centerline. Stopping before rack entry.
[INFO] [1778714520.100016032] [final_warehouse_scan_node]: Drive to row 1: target_y=3.00, y=-2.95, dy=5.95, yaw_err=-0.068
[INFO] [1778714520.105871454] [final_warehouse_scan_node]: WARNING: x drift 0.20m from centerline. Stopping before rack entry.
[INFO] [1778714520.150609428] [final_warehouse_scan_node]: Drive to row 1: target_y=3.00, y=-2.95, dy=5.95, yaw_err=-0.068
[INFO] [1778714520.166081028] [final_warehouse_scan_node]: WARNING: x drift 0.20m from centerline. Stopping before rack entry.
[INFO] [1778714520.205718374] [final_warehouse_scan_node]: Drive to row 1: target_y=3.00, y=-2.95, dy=5.95, yaw_err=-0.068
[INFO] [1778714520.215570127] [final_warehouse_scan_node]: WARNING: x drift 0.20m from centerline. Stopping before rack entry.
[INFO] [1778714520.256001161] [final_warehouse_scan_node]: Drive to row 1: target_y=3.00, y=-2.95, dy=5.95, yaw_err=-0.068
[INFO] [1778714520.271371105] [final_warehouse_scan_node]: WARNING: x drift 0.20m from centerline. Stopping before rack entry.
[INFO] [1778714520.304766969] [final_warehouse_scan_node]: Drive to row 1: target_y=3.00, y=-2.95, dy=5.95, yaw_err=-0.068
[INFO] [1778714520.315419590] [final_warehouse_scan_node]: WARNING: x drift 0.20m from centerline. Stopping before rack entry.
[INFO] [1778714520.354626889] [final_warehouse_scan_node]: Drive to row 1: target_y=3.00, y=-2.95, dy=5.95, yaw_err=-0.068
[INFO] [1778714520.370923103] [final_warehouse_scan_node]: WARNING: x drift 0.20m from centerline. Stopping before rack entry.
[INFO] [1778714520.400486673] [final_warehouse_scan_node]: Drive to row 1: target_y=3.00, y=-2.95, dy=5.95, yaw_err=-0.068
[INFO] [1778714520.412210368] [final_warehouse_scan_node]: WARNING: x drift 0.20m from centerline. Stopping before rack entry.
[INFO] [1778714520.451897146] [final_warehouse_scan_node]: Drive to row 1: target_y=3.00, y=-2.95, dy=5.95, yaw_err=-0.068
[INFO] [1778714520.459831318] [final_warehouse_scan_node]: WARNING: x drift 0.20m from centerline. Stopping before rack entry.
[INFO] [1778714520.500137120] [final_warehouse_scan_node]: Drive to row 1: target_y=3.00, y=-2.95, dy=5.95, yaw_err=-0.068
[INFO] [1778714520.517387097] [final_warehouse_scan_node]: WARNING: x drift 0.20m from centerline. Stopping before rack entry.
[INFO] [1778714520.563663878] [final_warehouse_scan_node]: Drive to row 1: target_y=3.00, y=-2.95, dy=5.95, yaw_err=-0.068
[INFO] [1778714520.576622243] [final_warehouse_scan_node]: WARNING: x drift 0.20m from centerline. Stopping before rack entry.
[INFO] [1778714520.605088931] [final_warehouse_scan_node]: Drive to row 1: target_y=3.00, y=-2.95, dy=5.95, yaw_err=-0.068
[INFO] [1778714520.618961659] [final_warehouse_scan_node]: WARNING: x drift 0.20m from centerline. Stopping before rack entry.
[INFO] [1778714520.659982345] [final_warehouse_scan_node]: Drive to row 1: target_y=3.00, y=-2.95, dy=5.95, yaw_err=-0.068
[INFO] [1778714520.673582768] [final_warehouse_scan_node]: WARNING: x drift 0.20m from centerline. Stopping before rack entry.
[INFO] [1778714520.706081861] [final_warehouse_scan_node]: Drive to row 1: target_y=3.00, y=-2.95, dy=5.95, yaw_err=-0.068
[INFO] [1778714520.716823120] [final_warehouse_scan_node]: WARNING: x drift 0.20m from centerline. Stopping before rack entry.
[INFO] [1778714520.758059756] [final_warehouse_scan_node]: Drive to row 1: target_y=3.00, y=-2.95, dy=5.95, yaw_err=-0.068
[INFO] [1778714520.767504095] [final_warehouse_scan_node]: WARNING: x drift 0.20m from centerline. Stopping before rack entry.
[INFO] [1778714520.800537586] [final_warehouse_scan_node]: Drive to row 1: target_y=3.00, y=-2.95, dy=5.95, yaw_err=-0.068
[INFO] [1778714520.806961939] [final_warehouse_scan_node]: WARNING: x drift 0.20m from centerline. Stopping before rack entry.
[INFO] [1778714520.860783647] [final_warehouse_scan_node]: Drive to row 1: target_y=3.00, y=-2.95, dy=5.95, yaw_err=-0.068
[INFO] [1778714520.872237819] [final_warehouse_scan_node]: WARNING: x drift 0.20m from centerline. Stopping before rack entry.
[INFO] [1778714520.901420248] [final_warehouse_scan_node]: Drive to row 1: target_y=3.00, y=-2.95, dy=5.95, yaw_err=-0.068
[INFO] [1778714520.907933715] [final_warehouse_scan_node]: WARNING: x drift 0.20m from centerline. Stopping before rack entry.
[INFO] [1778714520.952658085] [final_warehouse_scan_node]: Drive to row 1: target_y=3.00, y=-2.95, dy=5.95, yaw_err=-0.068
[INFO] [1778714520.961189046] [final_warehouse_scan_node]: WARNING: x drift 0.20m from centerline. Stopping before rack entry.
[INFO] [1778714521.000837944] [final_warehouse_scan_node]: Drive to row 1: target_y=3.00, y=-2.95, dy=5.95, yaw_err=-0.068
[INFO] [1778714521.015743433] [final_warehouse_scan_node]: WARNING: x drift 0.20m from centerline. Stopping before rack entry.
[INFO] [1778714521.050502165] [final_warehouse_scan_node]: Drive to row 1: target_y=3.00, y=-2.95, dy=5.95, yaw_err=-0.068
[INFO] [1778714521.063061075] [final_warehouse_scan_node]: WARNING: x drift 0.20m from centerline. Stopping before rack entry.
[INFO] [1778714521.101591252] [final_warehouse_scan_node]: Drive to row 1: target_y=3.00, y=-2.95, dy=5.95, yaw_err=-0.068
[INFO] [1778714521.107173991] [final_warehouse_scan_node]: WARNING: x drift 0.20m from centerline. Stopping before rack entry.
[INFO] [1778714521.153822955] [final_warehouse_scan_node]: Drive to row 1: target_y=3.00, y=-2.95, dy=5.95, yaw_err=-0.068
[INFO] [1778714521.162336106] [final_warehouse_scan_node]: WARNING: x drift 0.20m from centerline. Stopping before rack entry.
[INFO] [1778714521.204372751] [final_warehouse_scan_node]: Drive to row 1: target_y=3.00, y=-2.95, dy=5.95, yaw_err=-0.068
[INFO] [1778714521.211858990] [final_warehouse_scan_node]: WARNING: x drift 0.20m from centerline. Stopping before rack entry.
[INFO] [1778714521.255143530] [final_warehouse_scan_node]: Drive to row 1: target_y=3.00, y=-2.95, dy=5.95, yaw_err=-0.068
[INFO] [1778714521.262018309] [final_warehouse_scan_node]: WARNING: x drift 0.20m from centerline. Stopping before rack entry.
[INFO] [1778714521.301110377] [final_warehouse_scan_node]: Drive to row 1: target_y=3.00, y=-2.95, dy=5.95, yaw_err=-0.068
[INFO] [1778714521.310907837] [final_warehouse_scan_node]: WARNING: x drift 0.20m from centerline. Stopping before rack entry.
[INFO] [1778714521.349079863] [final_warehouse_scan_node]: Drive to row 1: target_y=3.00, y=-2.95, dy=5.95, yaw_err=-0.068
[INFO] [1778714521.357429536] [final_warehouse_scan_node]: WARNING: x drift 0.20m from centerline. Stopping before rack entry.
[INFO] [1778714521.405142294] [final_warehouse_scan_node]: Drive to row 1: target_y=3.00, y=-2.95, dy=5.95, yaw_err=-0.068
[INFO] [1778714521.416212243] [final_warehouse_scan_node]: WARNING: x drift 0.20m from centerline. Stopping before rack entry.
[INFO] [1778714521.453968002] [final_warehouse_scan_node]: Drive to row 1: target_y=3.00, y=-2.95, dy=5.95, yaw_err=-0.068
[INFO] [1778714521.458909455] [final_warehouse_scan_node]: WARNING: x drift 0.20m from centerline. Stopping before rack entry.
[INFO] [1778714521.504578168] [final_warehouse_scan_node]: Drive to row 1: target_y=3.00, y=-2.95, dy=5.95, yaw_err=-0.068
[INFO] [1778714521.510968154] [final_warehouse_scan_node]: WARNING: x drift 0.20m from centerline. Stopping before rack entry.
[INFO] [1778714521.558038686] [final_warehouse_scan_node]: Drive to row 1: target_y=3.00, y=-2.95, dy=5.95, yaw_err=-0.068
[INFO] [1778714521.569562559] [final_warehouse_scan_node]: WARNING: x drift 0.20m from centerline. Stopping before rack entry.
[INFO] [1778714521.605378447] [final_warehouse_scan_node]: Drive to row 1: target_y=3.00, y=-2.95, dy=5.95, yaw_err=-0.068
[INFO] [1778714521.612924351] [final_warehouse_scan_node]: WARNING: x drift 0.20m from centerline. Stopping before rack entry.
[INFO] [1778714521.651836247] [final_warehouse_scan_node]: Drive to row 1: target_y=3.00, y=-2.95, dy=5.95, yaw_err=-0.068
[INFO] [1778714521.659223248] [final_warehouse_scan_node]: WARNING: x drift 0.20m from centerline. Stopping before rack entry.
[INFO] [1778714521.707596557] [final_warehouse_scan_node]: Drive to row 1: target_y=3.00, y=-2.95, dy=5.95, yaw_err=-0.068
[INFO] [1778714521.720773608] [final_warehouse_scan_node]: WARNING: x drift 0.20m from centerline. Stopping before rack entry.
[INFO] [1778714521.752466148] [final_warehouse_scan_node]: Drive to row 1: target_y=3.00, y=-2.95, dy=5.95, yaw_err=-0.068
[INFO] [1778714521.767898017] [final_warehouse_scan_node]: WARNING: x drift 0.20m from centerline. Stopping before rack entry.
[INFO] [1778714521.802282545] [final_warehouse_scan_node]: Drive to row 1: target_y=3.00, y=-2.95, dy=5.95, yaw_err=-0.068
[INFO] [1778714521.808457545] [final_warehouse_scan_node]: WARNING: x drift 0.20m from centerline. Stopping before rack entry.
[INFO] [1778714521.854936944] [final_warehouse_scan_node]: Drive to row 1: target_y=3.00, y=-2.95, dy=5.95, yaw_err=-0.068
[INFO] [1778714521.863483104] [final_warehouse_scan_node]: WARNING: x drift 0.20m from centerline. Stopping before rack entry.
[INFO] [1778714521.901663268] [final_warehouse_scan_node]: Drive to row 1: target_y=3.00, y=-2.95, dy=5.95, yaw_err=-0.068
[INFO] [1778714521.906928925] [final_warehouse_scan_node]: WARNING: x drift 0.20m from centerline. Stopping before rack entry.
[INFO] [1778714521.951108503] [final_warehouse_scan_node]: Drive to row 1: target_y=3.00, y=-2.95, dy=5.95, yaw_err=-0.068
[INFO] [1778714521.956468058] [final_warehouse_scan_node]: WARNING: x drift 0.20m from centerline. Stopping before rack entry.
[INFO] [1778714522.002031791] [final_warehouse_scan_node]: Drive to row 1: target_y=3.00, y=-2.95, dy=5.95, yaw_err=-0.068
[INFO] [1778714522.008432740] [final_warehouse_scan_node]: WARNING: x drift 0.20m from centerline. Stopping before rack entry.
[INFO] [1778714522.058563709] [final_warehouse_scan_node]: Drive to row 1: target_y=3.00, y=-2.95, dy=5.95, yaw_err=-0.068
[INFO] [1778714522.067520318] [final_warehouse_scan_node]: WARNING: x drift 0.20m from centerline. Stopping before rack entry.
[INFO] [1778714522.099407476] [final_warehouse_scan_node]: Drive to row 1: target_y=3.00, y=-2.95, dy=5.95, yaw_err=-0.068
[INFO] [1778714522.105343934] [final_warehouse_scan_node]: WARNING: x drift 0.20m from centerline. Stopping before rack entry.
[INFO] [1778714522.151237166] [final_warehouse_scan_node]: Drive to row 1: target_y=3.00, y=-2.95, dy=5.95, yaw_err=-0.068
[INFO] [1778714522.158010984] [final_warehouse_scan_node]: WARNING: x drift 0.20m from centerline. Stopping before rack entry.
[INFO] [1778714522.202659529] [final_warehouse_scan_node]: Drive to row 1: target_y=3.00, y=-2.95, dy=5.95, yaw_err=-0.068
[INFO] [1778714522.222546232] [final_warehouse_scan_node]: WARNING: x drift 0.20m from centerline. Stopping before rack entry.
[INFO] [1778714522.253778009] [final_warehouse_scan_node]: Drive to row 1: target_y=3.00, y=-2.95, dy=5.95, yaw_err=-0.068
[INFO] [1778714522.269282511] [final_warehouse_scan_node]: WARNING: x drift 0.20m from centerline. Stopping before rack entry.
[INFO] [1778714522.305698415] [final_warehouse_scan_node]: Drive to row 1: target_y=3.00, y=-2.95, dy=5.95, yaw_err=-0.068
[INFO] [1778714522.312172160] [final_warehouse_scan_node]: WARNING: x drift 0.20m from centerline. Stopping before rack entry.
[INFO] [1778714522.356758427] [final_warehouse_scan_node]: Drive to row 1: target_y=3.00, y=-2.95, dy=5.95, yaw_err=-0.068
[INFO] [1778714522.368512894] [final_warehouse_scan_node]: WARNING: x drift 0.20m from centerline. Stopping before rack entry.
[INFO] [1778714522.403458170] [final_warehouse_scan_node]: Drive to row 1: target_y=3.00, y=-2.95, dy=5.95, yaw_err=-0.068
[INFO] [1778714522.422132300] [final_warehouse_scan_node]: WARNING: x drift 0.20m from centerline. Stopping before rack entry.
[INFO] [1778714522.454005882] [final_warehouse_scan_node]: Drive to row 1: target_y=3.00, y=-2.95, dy=5.95, yaw_err=-0.068
[INFO] [1778714522.460559172] [final_warehouse_scan_node]: WARNING: x drift 0.20m from centerline. Stopping before rack entry.
[INFO] [1778714522.504459377] [final_warehouse_scan_node]: Drive to row 1: target_y=3.00, y=-2.95, dy=5.95, yaw_err=-0.068
[INFO] [1778714522.521725185] [final_warehouse_scan_node]: WARNING: x drift 0.20m from centerline. Stopping before rack entry.
[INFO] [1778714522.555608376] [final_warehouse_scan_node]: Drive to row 1: target_y=3.00, y=-2.95, dy=5.95, yaw_err=-0.068
[INFO] [1778714522.560930656] [final_warehouse_scan_node]: WARNING: x drift 0.20m from centerline. Stopping before rack entry.
[INFO] [1778714522.607941594] [final_warehouse_scan_node]: Drive to row 1: target_y=3.00, y=-2.95, dy=5.95, yaw_err=-0.068
[INFO] [1778714522.621964137] [final_warehouse_scan_node]: WARNING: x drift 0.20m from centerline. Stopping before rack entry.
[INFO] [1778714522.650067680] [final_warehouse_scan_node]: Drive to row 1: target_y=3.00, y=-2.95, dy=5.95, yaw_err=-0.068
[INFO] [1778714522.658311473] [final_warehouse_scan_node]: WARNING: x drift 0.20m from centerline. Stopping before rack entry.
[INFO] [1778714522.715475892] [final_warehouse_scan_node]: Drive to row 1: target_y=3.00, y=-2.95, dy=5.95, yaw_err=-0.068
[INFO] [1778714522.726399731] [final_warehouse_scan_node]: WARNING: x drift 0.20m from centerline. Stopping before rack entry.
[INFO] [1778714522.750496571] [final_warehouse_scan_node]: Drive to row 1: target_y=3.00, y=-2.95, dy=5.95, yaw_err=-0.068
[INFO] [1778714522.767907084] [final_warehouse_scan_node]: WARNING: x drift 0.20m from centerline. Stopping before rack entry.
[INFO] [1778714522.802590683] [final_warehouse_scan_node]: Drive to row 1: target_y=3.00, y=-2.95, dy=5.95, yaw_err=-0.068
[INFO] [1778714522.811931487] [final_warehouse_scan_node]: WARNING: x drift 0.20m from centerline. Stopping before rack entry.
[INFO] [1778714522.855016411] [final_warehouse_scan_node]: Drive to row 1: target_y=3.00, y=-2.95, dy=5.95, yaw_err=-0.068
[INFO] [1778714522.867479454] [final_warehouse_scan_node]: WARNING: x drift 0.20m from centerline. Stopping before rack entry.
[INFO] [1778714522.905931440] [final_warehouse_scan_node]: Drive to row 1: target_y=3.00, y=-2.95, dy=5.95, yaw_err=-0.068
[INFO] [1778714522.912135548] [final_warehouse_scan_node]: WARNING: x drift 0.20m from centerline. Stopping before rack entry.
[INFO] [1778714522.950866065] [final_warehouse_scan_node]: Drive to row 1: target_y=3.00, y=-2.95, dy=5.95, yaw_err=-0.068
[INFO] [1778714522.960104215] [final_warehouse_scan_node]: WARNING: x drift 0.20m from centerline. Stopping before rack entry.
[INFO] [1778714522.999232677] [final_warehouse_scan_node]: Drive to row 1: target_y=3.00, y=-2.95, dy=5.95, yaw_err=-0.068
[INFO] [1778714523.006788880] [final_warehouse_scan_node]: WARNING: x drift 0.20m from centerline. Stopping before rack entry.
[INFO] [1778714523.053678617] [final_warehouse_scan_node]: Drive to row 1: target_y=3.00, y=-2.95, dy=5.95, yaw_err=-0.068
[INFO] [1778714523.068363010] [final_warehouse_scan_node]: WARNING: x drift 0.20m from centerline. Stopping before rack entry.
[INFO] [1778714523.099518146] [final_warehouse_scan_node]: Drive to row 1: target_y=3.00, y=-2.95, dy=5.95, yaw_err=-0.068
[INFO] [1778714523.109212789] [final_warehouse_scan_node]: WARNING: x drift 0.20m from centerline. Stopping before rack entry.
[INFO] [1778714523.155454499] [final_warehouse_scan_node]: Drive to row 1: target_y=3.00, y=-2.95, dy=5.95, yaw_err=-0.068
[INFO] [1778714523.162458158] [final_warehouse_scan_node]: WARNING: x drift 0.20m from centerline. Stopping before rack entry.
[INFO] [1778714523.202907574] [final_warehouse_scan_node]: Drive to row 1: target_y=3.00, y=-2.95, dy=5.95, yaw_err=-0.068
[INFO] [1778714523.217310268] [final_warehouse_scan_node]: WARNING: x drift 0.20m from centerline. Stopping before rack entry.
[INFO] [1778714523.248807707] [final_warehouse_scan_node]: Drive to row 1: target_y=3.00, y=-2.95, dy=5.95, yaw_err=-0.068
[INFO] [1778714523.258955131] [final_warehouse_scan_node]: WARNING: x drift 0.20m from centerline. Stopping before rack entry.
[INFO] [1778714523.299477443] [final_warehouse_scan_node]: Drive to row 1: target_y=3.00, y=-2.95, dy=5.95, yaw_err=-0.068
[INFO] [1778714523.308997742] [final_warehouse_scan_node]: WARNING: x drift 0.20m from centerline. Stopping before rack entry.
[INFO] [1778714523.361021346] [final_warehouse_scan_node]: Drive to row 1: target_y=3.00, y=-2.95, dy=5.95, yaw_err=-0.068
[INFO] [1778714523.372742538] [final_warehouse_scan_node]: WARNING: x drift 0.20m from centerline. Stopping before rack entry.
[INFO] [1778714523.403536694] [final_warehouse_scan_node]: Drive to row 1: target_y=3.00, y=-2.95, dy=5.95, yaw_err=-0.068
[INFO] [1778714523.419806397] [final_warehouse_scan_node]: WARNING: x drift 0.20m from centerline. Stopping before rack entry.
[INFO] [1778714523.452358245] [final_warehouse_scan_node]: Drive to row 1: target_y=3.00, y=-2.95, dy=5.95, yaw_err=-0.068
[INFO] [1778714523.471979404] [final_warehouse_scan_node]: WARNING: x drift 0.20m from centerline. Stopping before rack entry.
[INFO] [1778714523.498740561] [final_warehouse_scan_node]: Drive to row 1: target_y=3.00, y=-2.95, dy=5.95, yaw_err=-0.068
[INFO] [1778714523.507657501] [final_warehouse_scan_node]: WARNING: x drift 0.20m from centerline. Stopping before rack entry.
[INFO] [1778714523.549294209] [final_warehouse_scan_node]: Drive to row 1: target_y=3.00, y=-2.95, dy=5.95, yaw_err=-0.068
[INFO] [1778714523.557020958] [final_warehouse_scan_node]: WARNING: x drift 0.20m from centerline. Stopping before rack entry.
[INFO] [1778714523.604261063] [final_warehouse_scan_node]: Drive to row 1: target_y=3.00, y=-2.95, dy=5.95, yaw_err=-0.068
[INFO] [1778714523.613028359] [final_warehouse_scan_node]: WARNING: x drift 0.20m from centerline. Stopping before rack entry.
[INFO] [1778714523.654512822] [final_warehouse_scan_node]: Drive to row 1: target_y=3.00, y=-2.95, dy=5.95, yaw_err=-0.068
[INFO] [1778714523.664971864] [final_warehouse_scan_node]: WARNING: x drift 0.20m from centerline. Stopping before rack entry.
[INFO] [1778714523.698162028] [final_warehouse_scan_node]: Drive to row 1: target_y=3.00, y=-2.95, dy=5.95, yaw_err=-0.068
[INFO] [1778714523.704136353] [final_warehouse_scan_node]: WARNING: x drift 0.20m from centerline. Stopping before rack entry.
[INFO] [1778714523.750421216] [final_warehouse_scan_node]: Drive to row 1: target_y=3.00, y=-2.95, dy=5.95, yaw_err=-0.068
[INFO] [1778714523.759187640] [final_warehouse_scan_node]: WARNING: x drift 0.20m from centerline. Stopping before rack entry.
[INFO] [1778714523.805035337] [final_warehouse_scan_node]: Drive to row 1: target_y=3.00, y=-2.95, dy=5.95, yaw_err=-0.068
[INFO] [1778714523.817651095] [final_warehouse_scan_node]: WARNING: x drift 0.20m from centerline. Stopping before rack entry.
[INFO] [1778714523.856511045] [final_warehouse_scan_node]: Drive to row 1: target_y=3.00, y=-2.95, dy=5.95, yaw_err=-0.068
[INFO] [1778714523.865008401] [final_warehouse_scan_node]: WARNING: x drift 0.20m from centerline. Stopping before rack entry.
[INFO] [1778714523.907611273] [final_warehouse_scan_node]: Drive to row 1: target_y=3.00, y=-2.95, dy=5.95, yaw_err=-0.068
[INFO] [1778714523.921963649] [final_warehouse_scan_node]: WARNING: x drift 0.20m from centerline. Stopping before rack entry.
[INFO] [1778714523.950782002] [final_warehouse_scan_node]: Drive to row 1: target_y=3.00, y=-2.95, dy=5.95, yaw_err=-0.068
[INFO] [1778714523.958200018] [final_warehouse_scan_node]: WARNING: x drift 0.20m from centerline. Stopping before rack entry.
[INFO] [1778714523.999965122] [final_warehouse_scan_node]: Drive to row 1: target_y=3.00, y=-2.95, dy=5.95, yaw_err=-0.068
[INFO] [1778714524.007527276] [final_warehouse_scan_node]: WARNING: x drift 0.20m from centerline. Stopping before rack entry.
[INFO] [1778714524.051262873] [final_warehouse_scan_node]: Drive to row 1: target_y=3.00, y=-2.95, dy=5.95, yaw_err=-0.068
[INFO] [1778714524.057780786] [final_warehouse_scan_node]: WARNING: x drift 0.20m from centerline. Stopping before rack entry.
[INFO] [1778714524.104866490] [final_warehouse_scan_node]: Drive to row 1: target_y=3.00, y=-2.95, dy=5.95, yaw_err=-0.068
[INFO] [1778714524.111309211] [final_warehouse_scan_node]: WARNING: x drift 0.20m from centerline. Stopping before rack entry.
[INFO] [1778714524.154421812] [final_warehouse_scan_node]: Drive to row 1: target_y=3.00, y=-2.95, dy=5.95, yaw_err=-0.068
[INFO] [1778714524.164739196] [final_warehouse_scan_node]: WARNING: x drift 0.20m from centerline. Stopping before rack entry.
[INFO] [1778714524.208610587] [final_warehouse_scan_node]: Drive to row 1: target_y=3.00, y=-2.95, dy=5.95, yaw_err=-0.068
[INFO] [1778714524.224361301] [final_warehouse_scan_node]: WARNING: x drift 0.20m from centerline. Stopping before rack entry.
[INFO] [1778714524.252216456] [final_warehouse_scan_node]: Drive to row 1: target_y=3.00, y=-2.95, dy=5.95, yaw_err=-0.068
[INFO] [1778714524.261460762] [final_warehouse_scan_node]: WARNING: x drift 0.20m from centerline. Stopping before rack entry.
[INFO] [1778714524.312492061] [final_warehouse_scan_node]: Drive to row 1: target_y=3.00, y=-2.95, dy=5.95, yaw_err=-0.068
[INFO] [1778714524.321916516] [final_warehouse_scan_node]: WARNING: x drift 0.20m from centerline. Stopping before rack entry.
[INFO] [1778714524.349999960] [final_warehouse_scan_node]: Drive to row 1: target_y=3.00, y=-2.95, dy=5.95, yaw_err=-0.068
[INFO] [1778714524.365888780] [final_warehouse_scan_node]: WARNING: x drift 0.20m from centerline. Stopping before rack entry.
[INFO] [1778714524.399729073] [final_warehouse_scan_node]: Drive to row 1: target_y=3.00, y=-2.95, dy=5.95, yaw_err=-0.068
[INFO] [1778714524.412790291] [final_warehouse_scan_node]: WARNING: x drift 0.20m from centerline. Stopping before rack entry.
[INFO] [1778714524.457466819] [final_warehouse_scan_node]: Drive to row 1: target_y=3.00, y=-2.95, dy=5.95, yaw_err=-0.068
[INFO] [1778714524.474769688] [final_warehouse_scan_node]: WARNING: x drift 0.20m from centerline. Stopping before rack entry.
[INFO] [1778714524.500392931] [final_warehouse_scan_node]: Drive to row 1: target_y=3.00, y=-2.95, dy=5.95, yaw_err=-0.068
[INFO] [1778714524.507595350] [final_warehouse_scan_node]: WARNING: x drift 0.20m from centerline. Stopping before rack entry.
[INFO] [1778714524.551364644] [final_warehouse_scan_node]: Drive to row 1: target_y=3.00, y=-2.95, dy=5.95, yaw_err=-0.068
[INFO] [1778714524.560878028] [final_warehouse_scan_node]: WARNING: x drift 0.20m from centerline. Stopping before rack entry.
[INFO] [1778714524.603043062] [final_warehouse_scan_node]: Drive to row 1: target_y=3.00, y=-2.95, dy=5.95, yaw_err=-0.068
[INFO] [1778714524.616130977] [final_warehouse_scan_node]: WARNING: x drift 0.20m from centerline. Stopping before rack entry.
[INFO] [1778714524.647307168] [final_warehouse_scan_node]: Drive to row 1: target_y=3.00, y=-2.95, dy=5.95, yaw_err=-0.068
[INFO] [1778714524.653289246] [final_warehouse_scan_node]: WARNING: x drift 0.20m from centerline. Stopping before rack entry.
[INFO] [1778714524.698994961] [final_warehouse_scan_node]: Drive to row 1: target_y=3.00, y=-2.95, dy=5.95, yaw_err=-0.068
[INFO] [1778714524.709444896] [final_warehouse_scan_node]: WARNING: x drift 0.20m from centerline. Stopping before rack entry.
[INFO] [1778714524.754066905] [final_warehouse_scan_node]: Drive to row 1: target_y=3.00, y=-2.95, dy=5.95, yaw_err=-0.068
[INFO] [1778714524.760770935] [final_warehouse_scan_node]: WARNING: x drift 0.20m from centerline. Stopping before rack entry.
[INFO] [1778714524.806816575] [final_warehouse_scan_node]: Drive to row 1: target_y=3.00, y=-2.95, dy=5.95, yaw_err=-0.068
[INFO] [1778714524.818830355] [final_warehouse_scan_node]: WARNING: x drift 0.20m from centerline. Stopping before rack entry.
[INFO] [1778714524.850828427] [final_warehouse_scan_node]: Drive to row 1: target_y=3.00, y=-2.95, dy=5.95, yaw_err=-0.068
[INFO] [1778714524.865865188] [final_warehouse_scan_node]: WARNING: x drift 0.20m from centerline. Stopping before rack entry.
[INFO] [1778714524.900875429] [final_warehouse_scan_node]: Drive to row 1: target_y=3.00, y=-2.95, dy=5.95, yaw_err=-0.068
[INFO] [1778714524.908474192] [final_warehouse_scan_node]: WARNING: x drift 0.20m from centerline. Stopping before rack entry.
[INFO] [1778714524.959852291] [final_warehouse_scan_node]: Drive to row 1: target_y=3.00, y=-2.95, dy=5.95, yaw_err=-0.068
[INFO] [1778714524.966737124] [final_warehouse_scan_node]: WARNING: x drift 0.20m from centerline. Stopping before rack entry.
[INFO] [1778714524.998157692] [final_warehouse_scan_node]: Drive to row 1: target_y=3.00, y=-2.95, dy=5.95, yaw_err=-0.068
[INFO] [1778714525.018348728] [final_warehouse_scan_node]: WARNING: x drift 0.20m from centerline. Stopping before rack entry.
[INFO] [1778714525.047075100] [final_warehouse_scan_node]: Drive to row 1: target_y=3.00, y=-2.95, dy=5.95, yaw_err=-0.068
[INFO] [1778714525.053617058] [final_warehouse_scan_node]: WARNING: x drift 0.20m from centerline. Stopping before rack entry.
[INFO] [1778714525.098610052] [final_warehouse_scan_node]: Drive to row 1: target_y=3.00, y=-2.95, dy=5.95, yaw_err=-0.068
[INFO] [1778714525.105082258] [final_warehouse_scan_node]: WARNING: x drift 0.20m from centerline. Stopping before rack entry.
[INFO] [1778714525.151357342] [final_warehouse_scan_node]: Drive to row 1: target_y=3.00, y=-2.95, dy=5.95, yaw_err=-0.068
[INFO] [1778714525.157438875] [final_warehouse_scan_node]: WARNING: x drift 0.20m from centerline. Stopping before rack entry.
[INFO] [1778714525.204483369] [final_warehouse_scan_node]: Drive to row 1: target_y=3.00, y=-2.95, dy=5.95, yaw_err=-0.068
[INFO] [1778714525.210015254] [final_warehouse_scan_node]: WARNING: x drift 0.20m from centerline. Stopping before rack entry.
[INFO] [1778714525.259173753] [final_warehouse_scan_node]: Drive to row 1: target_y=3.00, y=-2.95, dy=5.95, yaw_err=-0.068
[INFO] [1778714525.268098429] [final_warehouse_scan_node]: WARNING: x drift 0.20m from centerline. Stopping before rack entry.
[INFO] [1778714525.307949836] [final_warehouse_scan_node]: Drive to row 1: target_y=3.00, y=-2.95, dy=5.95, yaw_err=-0.068
[INFO] [1778714525.321418917] [final_warehouse_scan_node]: WARNING: x drift 0.20m from centerline. Stopping before rack entry.
[INFO] [1778714525.348875089] [final_warehouse_scan_node]: Drive to row 1: target_y=3.00, y=-2.95, dy=5.95, yaw_err=-0.068
[INFO] [1778714525.368985116] [final_warehouse_scan_node]: WARNING: x drift 0.20m from centerline. Stopping before rack entry.
[INFO] [1778714525.398545697] [final_warehouse_scan_node]: Drive to row 1: target_y=3.00, y=-2.95, dy=5.95, yaw_err=-0.068
[INFO] [1778714525.406702455] [final_warehouse_scan_node]: WARNING: x drift 0.20m from centerline. Stopping before rack entry.
[INFO] [1778714525.452437366] [final_warehouse_scan_node]: Drive to row 1: target_y=3.00, y=-2.95, dy=5.95, yaw_err=-0.068
[INFO] [1778714525.456245417] [final_warehouse_scan_node]: WARNING: x drift 0.20m from centerline. Stopping before rack entry.
[INFO] [1778714525.498060476] [final_warehouse_scan_node]: Drive to row 1: target_y=3.00, y=-2.95, dy=5.95, yaw_err=-0.068
[INFO] [1778714525.505913715] [final_warehouse_scan_node]: WARNING: x drift 0.20m from centerline. Stopping before rack entry.
[INFO] [1778714525.551535831] [final_warehouse_scan_node]: Drive to row 1: target_y=3.00, y=-2.95, dy=5.95, yaw_err=-0.068
[INFO] [1778714525.556653261] [final_warehouse_scan_node]: WARNING: x drift 0.20m from centerline. Stopping before rack entry.
[INFO] [1778714525.607448771] [final_warehouse_scan_node]: Drive to row 1: target_y=3.00, y=-2.95, dy=5.95, yaw_err=-0.068
[INFO] [1778714525.616336964] [final_warehouse_scan_node]: WARNING: x drift 0.20m from centerline. Stopping before rack entry.
[INFO] [1778714525.656207074] [final_warehouse_scan_node]: Drive to row 1: target_y=3.00, y=-2.95, dy=5.95, yaw_err=-0.068
[INFO] [1778714525.663579523] [final_warehouse_scan_node]: WARNING: x drift 0.20m from centerline. Stopping before rack entry.
[INFO] [1778714525.711169529] [final_warehouse_scan_node]: Drive to row 1: target_y=3.00, y=-2.95, dy=5.95, yaw_err=-0.068
[INFO] [1778714525.722566529] [final_warehouse_scan_node]: WARNING: x drift 0.20m from centerline. Stopping before rack entry.
[INFO] [1778714525.758711353] [final_warehouse_scan_node]: Drive to row 1: target_y=3.00, y=-2.95, dy=5.95, yaw_err=-0.068
[INFO] [1778714525.765154852] [final_warehouse_scan_node]: WARNING: x drift 0.20m from centerline. Stopping before rack entry.
[INFO] [1778714525.800039924] [final_warehouse_scan_node]: Drive to row 1: target_y=3.00, y=-2.95, dy=5.95, yaw_err=-0.068
[INFO] [1778714525.804372349] [final_warehouse_scan_node]: WARNING: x drift 0.20m from centerline. Stopping before rack entry.
[INFO] [1778714525.851824755] [final_warehouse_scan_node]: Drive to row 1: target_y=3.00, y=-2.95, dy=5.95, yaw_err=-0.068
[INFO] [1778714525.856793324] [final_warehouse_scan_node]: WARNING: x drift 0.20m from centerline. Stopping before rack entry.
[INFO] [1778714525.902820595] [final_warehouse_scan_node]: Drive to row 1: target_y=3.00, y=-2.95, dy=5.95, yaw_err=-0.068
[INFO] [1778714525.907873318] [final_warehouse_scan_node]: WARNING: x drift 0.20m from centerline. Stopping before rack entry.
[INFO] [1778714525.951202896] [final_warehouse_scan_node]: Drive to row 1: target_y=3.00, y=-2.95, dy=5.95, yaw_err=-0.068
[INFO] [1778714525.958937982] [final_warehouse_scan_node]: WARNING: x drift 0.20m from centerline. Stopping before rack entry.
[INFO] [1778714526.003839180] [final_warehouse_scan_node]: Drive to row 1: target_y=3.00, y=-2.95, dy=5.95, yaw_err=-0.068
[INFO] [1778714526.011617729] [final_warehouse_scan_node]: WARNING: x drift 0.20m from centerline. Stopping before rack entry.
[INFO] [1778714526.050857269] [final_warehouse_scan_node]: Drive to row 1: target_y=3.00, y=-2.95, dy=5.95, yaw_err=-0.068
[INFO] [1778714526.059105529] [final_warehouse_scan_node]: WARNING: x drift 0.20m from centerline. Stopping before rack entry.
[INFO] [1778714526.106468134] [final_warehouse_scan_node]: Drive to row 1: target_y=3.00, y=-2.95, dy=5.95, yaw_err=-0.068
[INFO] [1778714526.121371859] [final_warehouse_scan_node]: WARNING: x drift 0.20m from centerline. Stopping before rack entry.
[INFO] [1778714526.152838917] [final_warehouse_scan_node]: Drive to row 1: target_y=3.00, y=-2.95, dy=5.95, yaw_err=-0.068
[INFO] [1778714526.158843964] [final_warehouse_scan_node]: WARNING: x drift 0.20m from centerline. Stopping before rack entry.
[INFO] [1778714526.201387594] [final_warehouse_scan_node]: Drive to row 1: target_y=3.00, y=-2.95, dy=5.95, yaw_err=-0.068
[INFO] [1778714526.208901219] [final_warehouse_scan_node]: WARNING: x drift 0.20m from centerline. Stopping before rack entry.
[INFO] [1778714526.259447446] [final_warehouse_scan_node]: Drive to row 1: target_y=3.00, y=-2.95, dy=5.95, yaw_err=-0.068
[INFO] [1778714526.268405609] [final_warehouse_scan_node]: WARNING: x drift 0.20m from centerline. Stopping before rack entry.
[INFO] [1778714526.300763908] [final_warehouse_scan_node]: Drive to row 1: target_y=3.00, y=-2.95, dy=5.95, yaw_err=-0.068
[INFO] [1778714526.310825009] [final_warehouse_scan_node]: WARNING: x drift 0.20m from centerline. Stopping before rack entry.
[INFO] [1778714526.356488334] [final_warehouse_scan_node]: Drive to row 1: target_y=3.00, y=-2.95, dy=5.95, yaw_err=-0.068
[INFO] [1778714526.371109974] [final_warehouse_scan_node]: WARNING: x drift 0.20m from centerline. Stopping before rack entry.
[INFO] [1778714526.411240695] [final_warehouse_scan_node]: Drive to row 1: target_y=3.00, y=-2.95, dy=5.95, yaw_err=-0.068
[INFO] [1778714526.436222302] [final_warehouse_scan_node]: WARNING: x drift 0.20m from centerline. Stopping before rack entry.
[INFO] [1778714526.451710378] [final_warehouse_scan_node]: Drive to row 1: target_y=3.00, y=-2.95, dy=5.95, yaw_err=-0.068
[INFO] [1778714526.458740782] [final_warehouse_scan_node]: WARNING: x drift 0.20m from centerline. Stopping before rack entry.
[INFO] [1778714526.513033885] [final_warehouse_scan_node]: Drive to row 1: target_y=3.00, y=-2.95, dy=5.95, yaw_err=-0.068
[INFO] [1778714526.524128790] [final_warehouse_scan_node]: WARNING: x drift 0.20m from centerline. Stopping before rack entry.
[INFO] [1778714526.552838209] [final_warehouse_scan_node]: Drive to row 1: target_y=3.00, y=-2.95, dy=5.95, yaw_err=-0.068
[INFO] [1778714526.567784989] [final_warehouse_scan_node]: WARNING: x drift 0.20m from centerline. Stopping before rack entry.
[INFO] [1778714526.603774958] [final_warehouse_scan_node]: Drive to row 1: target_y=3.00, y=-2.95, dy=5.95, yaw_err=-0.068
[INFO] [1778714526.609855606] [final_warehouse_scan_node]: WARNING: x drift 0.20m from centerline. Stopping before rack entry.
[INFO] [1778714526.653754635] [final_warehouse_scan_node]: Drive to row 1: target_y=3.00, y=-2.95, dy=5.95, yaw_err=-0.068
[INFO] [1778714526.670228203] [final_warehouse_scan_node]: WARNING: x drift 0.20m from centerline. Stopping before rack entry.
[INFO] [1778714526.704317168] [final_warehouse_scan_node]: Drive to row 1: target_y=3.00, y=-2.95, dy=5.95, yaw_err=-0.068
[INFO] [1778714526.716632461] [final_warehouse_scan_node]: WARNING: x drift 0.20m from centerline. Stopping before rack entry.
[INFO] [1778714526.753388939] [final_warehouse_scan_node]: Drive to row 1: target_y=3.00, y=-2.95, dy=5.95, yaw_err=-0.068
[INFO] [1778714526.759851531] [final_warehouse_scan_node]: WARNING: x drift 0.20m from centerline. Stopping before rack entry.
[INFO] [1778714526.802998077] [final_warehouse_scan_node]: Drive to row 1: target_y=3.00, y=-2.95, dy=5.95, yaw_err=-0.068
[INFO] [1778714526.814307203] [final_warehouse_scan_node]: WARNING: x drift 0.20m from centerline. Stopping before rack entry.
[INFO] [1778714526.853132726] [final_warehouse_scan_node]: Drive to row 1: target_y=3.00, y=-2.95, dy=5.95, yaw_err=-0.068
[INFO] [1778714526.869248711] [final_warehouse_scan_node]: WARNING: x drift 0.20m from centerline. Stopping before rack entry.
[INFO] [1778714526.900028199] [final_warehouse_scan_node]: Drive to row 1: target_y=3.00, y=-2.95, dy=5.95, yaw_err=-0.068
[INFO] [1778714526.907348426] [final_warehouse_scan_node]: WARNING: x drift 0.20m from centerline. Stopping before rack entry.
[INFO] [1778714526.956028988] [final_warehouse_scan_node]: Drive to row 1: target_y=3.00, y=-2.95, dy=5.95, yaw_err=-0.068
[INFO] [1778714526.962576755] [final_warehouse_scan_node]: WARNING: x drift 0.20m from centerline. Stopping before rack entry.
[INFO] [1778714527.001889273] [final_warehouse_scan_node]: Drive to row 1: target_y=3.00, y=-2.95, dy=5.95, yaw_err=-0.068
[INFO] [1778714527.017088628] [final_warehouse_scan_node]: WARNING: x drift 0.20m from centerline. Stopping before rack entry.
[INFO] [1778714527.060085795] [final_warehouse_scan_node]: Drive to row 1: target_y=3.00, y=-2.95, dy=5.95, yaw_err=-0.068
[INFO] [1778714527.075485102] [final_warehouse_scan_node]: WARNING: x drift 0.20m from centerline. Stopping before rack entry.
[INFO] [1778714527.101074127] [final_warehouse_scan_node]: Drive to row 1: target_y=3.00, y=-2.95, dy=5.95, yaw_err=-0.068
[INFO] [1778714527.111672338] [final_warehouse_scan_node]: WARNING: x drift 0.20m from centerline. Stopping before rack entry.
[INFO] [1778714527.150922659] [final_warehouse_scan_node]: Drive to row 1: target_y=3.00, y=-2.95, dy=5.95, yaw_err=-0.068
[INFO] [1778714527.155581588] [final_warehouse_scan_node]: WARNING: x drift 0.20m from centerline. Stopping before rack entry.
[INFO] [1778714527.201197139] [final_warehouse_scan_node]: Drive to row 1: target_y=3.00, y=-2.95, dy=5.95, yaw_err=-0.068
[INFO] [1778714527.206323149] [final_warehouse_scan_node]: WARNING: x drift 0.20m from centerline. Stopping before rack entry.
[INFO] [1778714527.255337808] [final_warehouse_scan_node]: Drive to row 1: target_y=3.00, y=-2.95, dy=5.95, yaw_err=-0.068
[INFO] [1778714527.261177554] [final_warehouse_scan_node]: WARNING: x drift 0.20m from centerline. Stopping before rack entry.
[INFO] [1778714527.308074971] [final_warehouse_scan_node]: Drive to row 1: target_y=3.00, y=-2.95, dy=5.95, yaw_err=-0.068
[INFO] [1778714527.316375377] [final_warehouse_scan_node]: WARNING: x drift 0.20m from centerline. Stopping before rack entry.
[INFO] [1778714527.355395635] [final_warehouse_scan_node]: Drive to row 1: target_y=3.00, y=-2.95, dy=5.95, yaw_err=-0.068
[INFO] [1778714527.366369716] [final_warehouse_scan_node]: WARNING: x drift 0.20m from centerline. Stopping before rack entry.
[INFO] [1778714527.411936657] [final_warehouse_scan_node]: Drive to row 1: target_y=3.00, y=-2.95, dy=5.95, yaw_err=-0.068
[INFO] [1778714527.419728127] [final_warehouse_scan_node]: WARNING: x drift 0.20m from centerline. Stopping before rack entry.
[INFO] [1778714527.451468403] [final_warehouse_scan_node]: Drive to row 1: target_y=3.00, y=-2.95, dy=5.95, yaw_err=-0.068
[INFO] [1778714527.458640239] [final_warehouse_scan_node]: WARNING: x drift 0.20m from centerline. Stopping before rack entry.
[INFO] [1778714527.503757090] [final_warehouse_scan_node]: Drive to row 1: target_y=3.00, y=-2.95, dy=5.95, yaw_err=-0.068
[INFO] [1778714527.514575227] [final_warehouse_scan_node]: WARNING: x drift 0.20m from centerline. Stopping before rack entry.
[INFO] [1778714527.551432601] [final_warehouse_scan_node]: Drive to row 1: target_y=3.00, y=-2.95, dy=5.95, yaw_err=-0.068
[INFO] [1778714527.564152466] [final_warehouse_scan_node]: WARNING: x drift 0.20m from centerline. Stopping before rack entry.
[INFO] [1778714527.600599174] [final_warehouse_scan_node]: Drive to row 1: target_y=3.00, y=-2.95, dy=5.95, yaw_err=-0.068
[INFO] [1778714527.608128220] [final_warehouse_scan_node]: WARNING: x drift 0.20m from centerline. Stopping before rack entry.
[INFO] [1778714527.650595311] [final_warehouse_scan_node]: Drive to row 1: target_y=3.00, y=-2.95, dy=5.95, yaw_err=-0.068
[INFO] [1778714527.655096967] [final_warehouse_scan_node]: WARNING: x drift 0.20m from centerline. Stopping before rack entry.
[INFO] [1778714527.700751766] [final_warehouse_scan_node]: Drive to row 1: target_y=3.00, y=-2.95, dy=5.95, yaw_err=-0.068
[INFO] [1778714527.707532523] [final_warehouse_scan_node]: WARNING: x drift 0.20m from centerline. Stopping before rack entry.
[INFO] [1778714527.752674203] [final_warehouse_scan_node]: Drive to row 1: target_y=3.00, y=-2.95, dy=5.95, yaw_err=-0.068
[INFO] [1778714527.760381973] [final_warehouse_scan_node]: WARNING: x drift 0.20m from centerline. Stopping before rack entry.
[INFO] [1778714527.808175251] [final_warehouse_scan_node]: Drive to row 1: target_y=3.00, y=-2.95, dy=5.95, yaw_err=-0.068
[INFO] [1778714527.817460322] [final_warehouse_scan_node]: WARNING: x drift 0.20m from centerline. Stopping before rack entry.
[INFO] [1778714527.853238551] [final_warehouse_scan_node]: Drive to row 1: target_y=3.00, y=-2.95, dy=5.95, yaw_err=-0.068
[INFO] [1778714527.865480225] [final_warehouse_scan_node]: WARNING: x drift 0.20m from centerline. Stopping before rack entry.
[INFO] [1778714527.902618344] [final_warehouse_scan_node]: Drive to row 1: target_y=3.00, y=-2.95, dy=5.95, yaw_err=-0.068
[INFO] [1778714527.911728252] [final_warehouse_scan_node]: WARNING: x drift 0.20m from centerline. Stopping before rack entry.
[INFO] [1778714527.959693504] [final_warehouse_scan_node]: Drive to row 1: target_y=3.00, y=-2.95, dy=5.95, yaw_err=-0.068
[INFO] [1778714527.971191402] [final_warehouse_scan_node]: WARNING: x drift 0.20m from centerline. Stopping before rack entry.
[INFO] [1778714528.000138109] [final_warehouse_scan_node]: Drive to row 1: target_y=3.00, y=-2.95, dy=5.95, yaw_err=-0.068
[INFO] [1778714528.005713092] [final_warehouse_scan_node]: WARNING: x drift 0.20m from centerline. Stopping before rack entry.
[INFO] [1778714528.050753201] [final_warehouse_scan_node]: Drive to row 1: target_y=3.00, y=-2.95, dy=5.95, yaw_err=-0.068
[INFO] [1778714528.056627543] [final_warehouse_scan_node]: WARNING: x drift 0.20m from centerline. Stopping before rack entry.
[INFO] [1778714528.102977667] [final_warehouse_scan_node]: Drive to row 1: target_y=3.00, y=-2.95, dy=5.95, yaw_err=-0.068
[INFO] [1778714528.107900333] [final_warehouse_scan_node]: WARNING: x drift 0.20m from centerline. Stopping before rack entry.
[INFO] [1778714528.153466279] [final_warehouse_scan_node]: Drive to row 1: target_y=3.00, y=-2.95, dy=5.95, yaw_err=-0.068
[INFO] [1778714528.170769445] [final_warehouse_scan_node]: WARNING: x drift 0.20m from centerline. Stopping before rack entry.
[INFO] [1778714528.199572996] [final_warehouse_scan_node]: Drive to row 1: target_y=3.00, y=-2.95, dy=5.95, yaw_err=-0.068
[INFO] [1778714528.214695106] [final_warehouse_scan_node]: WARNING: x drift 0.20m from centerline. Stopping before rack entry.
[INFO] [1778714528.248860158] [final_warehouse_scan_node]: Drive to row 1: target_y=3.00, y=-2.95, dy=5.95, yaw_err=-0.068
[INFO] [1778714528.255598023] [final_warehouse_scan_node]: WARNING: x drift 0.20m from centerline. Stopping before rack entry.
[INFO] [1778714528.315775550] [final_warehouse_scan_node]: Drive to row 1: target_y=3.00, y=-2.95, dy=5.95, yaw_err=-0.068
[INFO] [1778714528.322296070] [final_warehouse_scan_node]: WARNING: x drift 0.20m from centerline. Stopping before rack entry.
[INFO] [1778714528.358527926] [final_warehouse_scan_node]: Drive to row 1: target_y=3.00, y=-2.95, dy=5.95, yaw_err=-0.068
[INFO] [1778714528.367617133] [final_warehouse_scan_node]: WARNING: x drift 0.20m from centerline. Stopping before rack entry.
[INFO] [1778714528.403183618] [final_warehouse_scan_node]: Drive to row 1: target_y=3.00, y=-2.95, dy=5.95, yaw_err=-0.068
[INFO] [1778714528.414224896] [final_warehouse_scan_node]: WARNING: x drift 0.20m from centerline. Stopping before rack entry.
[INFO] [1778714528.450864285] [final_warehouse_scan_node]: Drive to row 1: target_y=3.00, y=-2.95, dy=5.95, yaw_err=-0.068
[INFO] [1778714528.461427293] [final_warehouse_scan_node]: WARNING: x drift 0.20m from centerline. Stopping before rack entry.
[INFO] [1778714528.504659991] [final_warehouse_scan_node]: Drive to row 1: target_y=3.00, y=-2.95, dy=5.95, yaw_err=-0.068
[INFO] [1778714528.522775885] [final_warehouse_scan_node]: WARNING: x drift 0.20m from centerline. Stopping before rack entry.
[INFO] [1778714528.551414612] [final_warehouse_scan_node]: Drive to row 1: target_y=3.00, y=-2.95, dy=5.95, yaw_err=-0.068
[INFO] [1778714528.558992242] [final_warehouse_scan_node]: WARNING: x drift 0.20m from centerline. Stopping before rack entry.
[INFO] [1778714528.606016615] [final_warehouse_scan_node]: Drive to row 1: target_y=3.00, y=-2.95, dy=5.95, yaw_err=-0.068
[INFO] [1778714528.622284594] [final_warehouse_scan_node]: WARNING: x drift 0.20m from centerline. Stopping before rack entry.
[INFO] [1778714528.651576180] [final_warehouse_scan_node]: Drive to row 1: target_y=3.00, y=-2.95, dy=5.95, yaw_err=-0.068
[INFO] [1778714528.658948175] [final_warehouse_scan_node]: WARNING: x drift 0.20m from centerline. Stopping before rack entry.
[INFO] [1778714528.702622918] [final_warehouse_scan_node]: Drive to row 1: target_y=3.00, y=-2.95, dy=5.95, yaw_err=-0.068
[INFO] [1778714528.708543931] [final_warehouse_scan_node]: WARNING: x drift 0.20m from centerline. Stopping before rack entry.
[INFO] [1778714528.760540941] [final_warehouse_scan_node]: Drive to row 1: target_y=3.00, y=-2.95, dy=5.95, yaw_err=-0.068
[INFO] [1778714528.769233988] [final_warehouse_scan_node]: WARNING: x drift 0.20m from centerline. Stopping before rack entry.
[INFO] [1778714528.800475064] [final_warehouse_scan_node]: Drive to row 1: target_y=3.00, y=-2.95, dy=5.95, yaw_err=-0.068
[INFO] [1778714528.819371797] [final_warehouse_scan_node]: WARNING: x drift 0.20m from centerline. Stopping before rack entry.
[INFO] [1778714528.852338385] [final_warehouse_scan_node]: Drive to row 1: target_y=3.00, y=-2.95, dy=5.95, yaw_err=-0.068
[INFO] [1778714528.862475541] [final_warehouse_scan_node]: WARNING: x drift 0.20m from centerline. Stopping before rack entry.
[INFO] [1778714528.932716888] [final_warehouse_scan_node]: Drive to row 1: target_y=3.00, y=-2.95, dy=5.95, yaw_err=-0.068
[INFO] [1778714528.949491181] [final_warehouse_scan_node]: WARNING: x drift 0.20m from centerline. Stopping before rack entry.
[INFO] [1778714528.958448458] [final_warehouse_scan_node]: Drive to row 1: target_y=3.00, y=-2.95, dy=5.95, yaw_err=-0.068
[INFO] [1778714529.126028511] [final_warehouse_scan_node]: WARNING: x drift 0.20m from centerline. Stopping before rack entry.
[INFO] [1778714529.133796148] [final_warehouse_scan_node]: Drive to row 1: target_y=3.00, y=-2.95, dy=5.95, yaw_err=-0.068
[INFO] [1778714529.139591747] [final_warehouse_scan_node]: WARNING: x drift 0.20m from centerline. Stopping before rack entry.
[INFO] [1778714529.177577501] [final_warehouse_scan_node]: Drive to row 1: target_y=3.00, y=-2.95, dy=5.95, yaw_err=-0.068
[INFO] [1778714529.190573570] [final_warehouse_scan_node]: WARNING: x drift 0.20m from centerline. Stopping before rack entry.
[INFO] [1778714529.203278086] [final_warehouse_scan_node]: Drive to row 1: target_y=3.00, y=-2.95, dy=5.95, yaw_err=-0.068
[INFO] [1778714529.214512549] [final_warehouse_scan_node]: WARNING: x drift 0.20m from centerline. Stopping before rack entry.
[INFO] [1778714529.252015034] [final_warehouse_scan_node]: Drive to row 1: target_y=3.00, y=-2.95, dy=5.95, yaw_err=-0.068
[INFO] [1778714529.260089333] [final_warehouse_scan_node]: WARNING: x drift 0.20m from centerline. Stopping before rack entry.
[INFO] [1778714529.299213273] [final_warehouse_scan_node]: Drive to row 1: target_y=3.00, y=-2.95, dy=5.95, yaw_err=-0.068
[INFO] [1778714529.306875054] [final_warehouse_scan_node]: WARNING: x drift 0.20m from centerline. Stopping before rack entry.
[INFO] [1778714529.348718133] [final_warehouse_scan_node]: Drive to row 1: target_y=3.00, y=-2.95, dy=5.95, yaw_err=-0.068
[INFO] [1778714529.353796654] [final_warehouse_scan_node]: WARNING: x drift 0.20m from centerline. Stopping before rack entry.
[INFO] [1778714529.399700638] [final_warehouse_scan_node]: Drive to row 1: target_y=3.00, y=-2.95, dy=5.95, yaw_err=-0.068
[INFO] [1778714529.406765013] [final_warehouse_scan_node]: WARNING: x drift 0.20m from centerline. Stopping before rack entry.
[INFO] [1778714529.455633077] [final_warehouse_scan_node]: Drive to row 1: target_y=3.00, y=-2.95, dy=5.95, yaw_err=-0.068
[INFO] [1778714529.461830818] [final_warehouse_scan_node]: WARNING: x drift 0.20m from centerline. Stopping before rack entry.
[INFO] [1778714529.506336258] [final_warehouse_scan_node]: Drive to row 1: target_y=3.00, y=-2.95, dy=5.95, yaw_err=-0.068
[INFO] [1778714529.514424969] [final_warehouse_scan_node]: WARNING: x drift 0.20m from centerline. Stopping before rack entry.
[INFO] [1778714529.555230853] [final_warehouse_scan_node]: Drive to row 1: target_y=3.00, y=-2.95, dy=5.95, yaw_err=-0.068
[INFO] [1778714529.569773698] [final_warehouse_scan_node]: WARNING: x drift 0.20m from centerline. Stopping before rack entry.
[INFO] [1778714529.604833847] [final_warehouse_scan_node]: Drive to row 1: target_y=3.00, y=-2.95, dy=5.95, yaw_err=-0.068
[INFO] [1778714529.619202813] [final_warehouse_scan_node]: WARNING: x drift 0.20m from centerline. Stopping before rack entry.
[INFO] [1778714529.649549332] [final_warehouse_scan_node]: Drive to row 1: target_y=3.00, y=-2.95, dy=5.95, yaw_err=-0.068
[INFO] [1778714529.655079690] [final_warehouse_scan_node]: WARNING: x drift 0.20m from centerline. Stopping before rack entry.
[INFO] [1778714529.705278377] [final_warehouse_scan_node]: Drive to row 1: target_y=3.00, y=-2.95, dy=5.95, yaw_err=-0.068
[INFO] [1778714529.709823360] [final_warehouse_scan_node]: WARNING: x drift 0.20m from centerline. Stopping before rack entry.
[INFO] [1778714529.756317639] [final_warehouse_scan_node]: Drive to row 1: target_y=3.00, y=-2.95, dy=5.95, yaw_err=-0.068
[INFO] [1778714529.762009126] [final_warehouse_scan_node]: WARNING: x drift 0.20m from centerline. Stopping before rack entry.
[INFO] [1778714529.804830886] [final_warehouse_scan_node]: Drive to row 1: target_y=3.00, y=-2.95, dy=5.95, yaw_err=-0.068
[INFO] [1778714529.816941660] [final_warehouse_scan_node]: WARNING: x drift 0.20m from centerline. Stopping before rack entry.
[INFO] [1778714529.857156248] [final_warehouse_scan_node]: Drive to row 1: target_y=3.00, y=-2.95, dy=5.95, yaw_err=-0.068
[INFO] [1778714529.867234361] [final_warehouse_scan_node]: WARNING: x drift 0.20m from centerline. Stopping before rack entry.
[INFO] [1778714529.898669819] [final_warehouse_scan_node]: Drive to row 1: target_y=3.00, y=-2.95, dy=5.95, yaw_err=-0.068
[INFO] [1778714529.908332204] [final_warehouse_scan_node]: WARNING: x drift 0.20m from centerline. Stopping before rack entry.
[INFO] [1778714529.950300870] [final_warehouse_scan_node]: Drive to row 1: target_y=3.00, y=-2.95, dy=5.95, yaw_err=-0.068
[INFO] [1778714529.955484945] [final_warehouse_scan_node]: WARNING: x drift 0.20m from centerline. Stopping before rack entry.
[INFO] [1778714529.999352275] [final_warehouse_scan_node]: Drive to row 1: target_y=3.00, y=-2.95, dy=5.95, yaw_err=-0.068
[INFO] [1778714530.004746570] [final_warehouse_scan_node]: WARNING: x drift 0.20m from centerline. Stopping before rack entry.
[INFO] [1778714530.049195617] [final_warehouse_scan_node]: Drive to row 1: target_y=3.00, y=-2.95, dy=5.95, yaw_err=-0.068
[INFO] [1778714530.054233323] [final_warehouse_scan_node]: WARNING: x drift 0.20m from centerline. Stopping before rack entry.
[INFO] [1778714530.101441266] [final_warehouse_scan_node]: Drive to row 1: target_y=3.00, y=-2.95, dy=5.95, yaw_err=-0.068
[INFO] [1778714530.109352978] [final_warehouse_scan_node]: WARNING: x drift 0.20m from centerline. Stopping before rack entry.
[INFO] [1778714530.157585772] [final_warehouse_scan_node]: Drive to row 1: target_y=3.00, y=-2.95, dy=5.95, yaw_err=-0.068
[INFO] [1778714530.169720709] [final_warehouse_scan_node]: WARNING: x drift 0.20m from centerline. Stopping before rack entry.
[INFO] [1778714530.204402071] [final_warehouse_scan_node]: Drive to row 1: target_y=3.00, y=-2.95, dy=5.95, yaw_err=-0.068
[INFO] [1778714530.212702979] [final_warehouse_scan_node]: WARNING: x drift 0.20m from centerline. Stopping before rack entry.
[INFO] [1778714530.251592470] [final_warehouse_scan_node]: Drive to row 1: target_y=3.00, y=-2.95, dy=5.95, yaw_err=-0.068
[INFO] [1778714530.260220301] [final_warehouse_scan_node]: WARNING: x drift 0.20m from centerline. Stopping before rack entry.
[INFO] [1778714530.309379759] [final_warehouse_scan_node]: Drive to row 1: target_y=3.00, y=-2.95, dy=5.95, yaw_err=-0.068
[INFO] [1778714530.319768807] [final_warehouse_scan_node]: WARNING: x drift 0.20m from centerline. Stopping before rack entry.
[INFO] [1778714530.350298928] [final_warehouse_scan_node]: Drive to row 1: target_y=3.00, y=-2.95, dy=5.95, yaw_err=-0.068
[INFO] [1778714530.367905583] [final_warehouse_scan_node]: WARNING: x drift 0.20m from centerline. Stopping before rack entry.
[INFO] [1778714530.399196465] [final_warehouse_scan_node]: Drive to row 1: target_y=3.00, y=-2.95, dy=5.95, yaw_err=-0.068
[INFO] [1778714530.409543119] [final_warehouse_scan_node]: WARNING: x drift 0.20m from centerline. Stopping before rack entry.
[INFO] [1778714530.463422664] [final_warehouse_scan_node]: Drive to row 1: target_y=3.00, y=-2.95, dy=5.95, yaw_err=-0.068
[INFO] [1778714530.473455093] [final_warehouse_scan_node]: WARNING: x drift 0.20m from centerline. Stopping before rack entry.
[INFO] [1778714530.503031398] [final_warehouse_scan_node]: Drive to row 1: target_y=3.00, y=-2.95, dy=5.95, yaw_err=-0.068
[INFO] [1778714530.522696449] [final_warehouse_scan_node]: WARNING: x drift 0.20m from centerline. Stopping before rack entry.
[INFO] [1778714530.551070235] [final_warehouse_scan_node]: Drive to row 1: target_y=3.00, y=-2.95, dy=5.95, yaw_err=-0.068
[INFO] [1778714530.559286543] [final_warehouse_scan_node]: WARNING: x drift 0.20m from centerline. Stopping before rack entry.
[INFO] [1778714530.611846203] [final_warehouse_scan_node]: Drive to row 1: target_y=3.00, y=-2.95, dy=5.95, yaw_err=-0.068
[INFO] [1778714530.631562650] [final_warehouse_scan_node]: WARNING: x drift 0.20m from centerline. Stopping before rack entry.
[INFO] [1778714530.650667039] [final_warehouse_scan_node]: Drive to row 1: target_y=3.00, y=-2.95, dy=5.95, yaw_err=-0.068
[INFO] [1778714530.658482431] [final_warehouse_scan_node]: WARNING: x drift 0.20m from centerline. Stopping before rack entry.
[INFO] [1778714530.704425318] [final_warehouse_scan_node]: Drive to row 1: target_y=3.00, y=-2.95, dy=5.95, yaw_err=-0.068
[INFO] [1778714530.710902172] [final_warehouse_scan_node]: WARNING: x drift 0.20m from centerline. Stopping before rack entry.
[INFO] [1778714530.754260579] [final_warehouse_scan_node]: Drive to row 1: target_y=3.00, y=-2.95, dy=5.95, yaw_err=-0.068
[INFO] [1778714530.763529095] [final_warehouse_scan_node]: WARNING: x drift 0.20m from centerline. Stopping before rack entry.
[INFO] [1778714530.797492252] [final_warehouse_scan_node]: Drive to row 1: target_y=3.00, y=-2.95, dy=5.95, yaw_err=-0.068
[INFO] [1778714530.802916865] [final_warehouse_scan_node]: WARNING: x drift 0.20m from centerline. Stopping before rack entry.
[INFO] [1778714530.853599635] [final_warehouse_scan_node]: Drive to row 1: target_y=3.00, y=-2.95, dy=5.95, yaw_err=-0.068
[INFO] [1778714530.859047336] [final_warehouse_scan_node]: WARNING: x drift 0.20m from centerline. Stopping before rack entry.
[INFO] [1778714530.901993019] [final_warehouse_scan_node]: Drive to row 1: target_y=3.00, y=-2.95, dy=5.95, yaw_err=-0.068
[INFO] [1778714530.910091398] [final_warehouse_scan_node]: WARNING: x drift 0.20m from centerline. Stopping before rack entry.
[INFO] [1778714530.954974224] [final_warehouse_scan_node]: Drive to row 1: target_y=3.00, y=-2.95, dy=5.95, yaw_err=-0.068
[INFO] [1778714530.961285633] [final_warehouse_scan_node]: WARNING: x drift 0.20m from centerline. Stopping before rack entry.
[INFO] [1778714531.007512813] [final_warehouse_scan_node]: Drive to row 1: target_y=3.00, y=-2.95, dy=5.95, yaw_err=-0.068
[INFO] [1778714531.019130358] [final_warehouse_scan_node]: WARNING: x drift 0.20m from centerline. Stopping before rack entry.
[INFO] [1778714531.048408500] [final_warehouse_scan_node]: Drive to row 1: target_y=3.00, y=-2.95, dy=5.95, yaw_err=-0.068
[INFO] [1778714531.063727036] [final_warehouse_scan_node]: WARNING: x drift 0.20m from centerline. Stopping before rack entry.
[INFO] [1778714531.098337624] [final_warehouse_scan_node]: Drive to row 1: target_y=3.00, y=-2.95, dy=5.95, yaw_err=-0.068
[INFO] [1778714531.104143943] [final_warehouse_scan_node]: WARNING: x drift 0.20m from centerline. Stopping before rack entry.
[INFO] [1778714531.151209793] [final_warehouse_scan_node]: Drive to row 1: target_y=3.00, y=-2.95, dy=5.95, yaw_err=-0.068
[INFO] [1778714531.158112717] [final_warehouse_scan_node]: WARNING: x drift 0.20m from centerline. Stopping before rack entry.
[INFO] [1778714531.210120859] [final_warehouse_scan_node]: Drive to row 1: target_y=3.00, y=-2.95, dy=5.95, yaw_err=-0.068
[INFO] [1778714531.217480155] [final_warehouse_scan_node]: WARNING: x drift 0.20m from centerline. Stopping before rack entry.
[INFO] [1778714531.256708987] [final_warehouse_scan_node]: Drive to row 1: target_y=3.00, y=-2.95, dy=5.95, yaw_err=-0.068
[INFO] [1778714531.267748999] [final_warehouse_scan_node]: WARNING: x drift 0.20m from centerline. Stopping before rack entry.
[INFO] [1778714531.296908912] [final_warehouse_scan_node]: Drive to row 1: target_y=3.00, y=-2.95, dy=5.95, yaw_err=-0.068
[INFO] [1778714531.310264340] [final_warehouse_scan_node]: WARNING: x drift 0.20m from centerline. Stopping before rack entry.
[INFO] [1778714531.348962075] [final_warehouse_scan_node]: Drive to row 1: target_y=3.00, y=-2.95, dy=5.95, yaw_err=-0.068
[INFO] [1778714531.368681848] [final_warehouse_scan_node]: WARNING: x drift 0.20m from centerline. Stopping before rack entry.
[INFO] [1778714531.398406280] [final_warehouse_scan_node]: Drive to row 1: target_y=3.00, y=-2.95, dy=5.95, yaw_err=-0.068
[INFO] [1778714531.405593909] [final_warehouse_scan_node]: WARNING: x drift 0.20m from centerline. Stopping before rack entry.
[INFO] [1778714531.448916186] [final_warehouse_scan_node]: Drive to row 1: target_y=3.00, y=-2.95, dy=5.95, yaw_err=-0.068
[INFO] [1778714531.457329319] [final_warehouse_scan_node]: WARNING: x drift 0.20m from centerline. Stopping before rack entry.
[INFO] [1778714531.501043263] [final_warehouse_scan_node]: Drive to row 1: target_y=3.00, y=-2.95, dy=5.95, yaw_err=-0.068
[INFO] [1778714531.511773597] [final_warehouse_scan_node]: WARNING: x drift 0.20m from centerline. Stopping before rack entry.
[INFO] [1778714531.554258825] [final_warehouse_scan_node]: Drive to row 1: target_y=3.00, y=-2.95, dy=5.95, yaw_err=-0.068
[INFO] [1778714531.560117165] [final_warehouse_scan_node]: WARNING: x drift 0.20m from centerline. Stopping before rack entry.
[INFO] [1778714531.604230835] [final_warehouse_scan_node]: Drive to row 1: target_y=3.00, y=-2.95, dy=5.95, yaw_err=-0.068
[INFO] [1778714531.611773120] [final_warehouse_scan_node]: WARNING: x drift 0.20m from centerline. Stopping before rack entry.
[INFO] [1778714531.652877268] [final_warehouse_scan_node]: Drive to row 1: target_y=3.00, y=-2.95, dy=5.95, yaw_err=-0.068
[INFO] [1778714531.666309249] [final_warehouse_scan_node]: WARNING: x drift 0.20m from centerline. Stopping before rack entry.
[INFO] [1778714531.704397425] [final_warehouse_scan_node]: Drive to row 1: target_y=3.00, y=-2.95, dy=5.95, yaw_err=-0.068
[INFO] [1778714531.719645242] [final_warehouse_scan_node]: WARNING: x drift 0.20m from centerline. Stopping before rack entry.
[INFO] [1778714531.749002741] [final_warehouse_scan_node]: Drive to row 1: target_y=3.00, y=-2.95, dy=5.95, yaw_err=-0.068
[INFO] [1778714531.755372906] [final_warehouse_scan_node]: WARNING: x drift 0.20m from centerline. Stopping before rack entry.
[INFO] [1778714531.797514672] [final_warehouse_scan_node]: Drive to row 1: target_y=3.00, y=-2.95, dy=5.95, yaw_err=-0.068
[INFO] [1778714531.802279354] [final_warehouse_scan_node]: WARNING: x drift 0.20m from centerline. Stopping before rack entry.
[INFO] [1778714531.848044549] [final_warehouse_scan_node]: Drive to row 1: target_y=3.00, y=-2.95, dy=5.95, yaw_err=-0.068
[INFO] [1778714531.852798287] [final_warehouse_scan_node]: WARNING: x drift 0.20m from centerline. Stopping before rack entry.
[INFO] [1778714531.898896317] [final_warehouse_scan_node]: Drive to row 1: target_y=3.00, y=-2.95, dy=5.95, yaw_err=-0.068
[INFO] [1778714531.904155922] [final_warehouse_scan_node]: WARNING: x drift 0.20m from centerline. Stopping before rack entry.
[INFO] [1778714531.950361504] [final_warehouse_scan_node]: Drive to row 1: target_y=3.00, y=-2.95, dy=5.95, yaw_err=-0.068
[INFO] [1778714531.957714511] [final_warehouse_scan_node]: WARNING: x drift 0.20m from centerline. Stopping before rack entry.
[INFO] [1778714532.003761589] [final_warehouse_scan_node]: Drive to row 1: target_y=3.00, y=-2.95, dy=5.95, yaw_err=-0.068
[INFO] [1778714532.010672920] [final_warehouse_scan_node]: WARNING: x drift 0.20m from centerline. Stopping before rack entry.
[INFO] [1778714532.058126460] [final_warehouse_scan_node]: Drive to row 1: target_y=3.00, y=-2.95, dy=5.95, yaw_err=-0.068
[INFO] [1778714532.067795435] [final_warehouse_scan_node]: WARNING: x drift 0.20m from centerline. Stopping before rack entry.
[INFO] [1778714532.098775664] [final_warehouse_scan_node]: Drive to row 1: target_y=3.00, y=-2.95, dy=5.95, yaw_err=-0.068
[INFO] [1778714532.104930946] [final_warehouse_scan_node]: WARNING: x drift 0.20m from centerline. Stopping before rack entry.
[INFO] [1778714532.149459884] [final_warehouse_scan_node]: Drive to row 1: target_y=3.00, y=-2.95, dy=5.95, yaw_err=-0.068
[INFO] [1778714532.156435752] [final_warehouse_scan_node]: WARNING: x drift 0.20m from centerline. Stopping before rack entry.
[INFO] [1778714532.198934703] [final_warehouse_scan_node]: Drive to row 1: target_y=3.00, y=-2.95, dy=5.95, yaw_err=-0.068
[INFO] [1778714532.204665512] [final_warehouse_scan_node]: WARNING: x drift 0.20m from centerline. Stopping before rack entry.
[INFO] [1778714532.251781192] [final_warehouse_scan_node]: Drive to row 1: target_y=3.00, y=-2.95, dy=5.95, yaw_err=-0.068
[INFO] [1778714532.262774932] [final_warehouse_scan_node]: WARNING: x drift 0.20m from centerline. Stopping before rack entry.
[INFO] [1778714532.305516270] [final_warehouse_scan_node]: Drive to row 1: target_y=3.00, y=-2.95, dy=5.95, yaw_err=-0.068
[INFO] [1778714532.318849473] [final_warehouse_scan_node]: WARNING: x drift 0.20m from centerline. Stopping before rack entry.
[INFO] [1778714532.349420950] [final_warehouse_scan_node]: Drive to row 1: target_y=3.00, y=-2.95, dy=5.95, yaw_err=-0.068
[INFO] [1778714532.366588864] [final_warehouse_scan_node]: WARNING: x drift 0.20m from centerline. Stopping before rack entry.
[INFO] [1778714532.399030191] [final_warehouse_scan_node]: Drive to row 1: target_y=3.00, y=-2.95, dy=5.95, yaw_err=-0.068
[INFO] [1778714532.405085737] [final_warehouse_scan_node]: WARNING: x drift 0.20m from centerline. Stopping before rack entry.
[INFO] [1778714532.453181756] [final_warehouse_scan_node]: Drive to row 1: target_y=3.00, y=-2.95, dy=5.95, yaw_err=-0.068
[INFO] [1778714532.464128351] [final_warehouse_scan_node]: WARNING: x drift 0.20m from centerline. Stopping before rack entry.
[INFO] [1778714532.502889427] [final_warehouse_scan_node]: Drive to row 1: target_y=3.00, y=-2.95, dy=5.95, yaw_err=-0.068
[INFO] [1778714532.519186198] [final_warehouse_scan_node]: WARNING: x drift 0.20m from centerline. Stopping before rack entry.
[INFO] [1778714532.549174222] [final_warehouse_scan_node]: Drive to row 1: target_y=3.00, y=-2.95, dy=5.95, yaw_err=-0.068
[INFO] [1778714532.555441885] [final_warehouse_scan_node]: WARNING: x drift 0.20m from centerline. Stopping before rack entry.
[INFO] [1778714532.600424404] [final_warehouse_scan_node]: Drive to row 1: target_y=3.00, y=-2.95, dy=5.95, yaw_err=-0.068
[INFO] [1778714532.606640487] [final_warehouse_scan_node]: WARNING: x drift 0.20m from centerline. Stopping before rack entry.
[INFO] [1778714532.652402073] [final_warehouse_scan_node]: Drive to row 1: target_y=3.00, y=-2.95, dy=5.95, yaw_err=-0.068
[INFO] [1778714532.661197700] [final_warehouse_scan_node]: WARNING: x drift 0.20m from centerline. Stopping before rack entry.
[INFO] [1778714532.698308076] [final_warehouse_scan_node]: Drive to row 1: target_y=3.00, y=-2.95, dy=5.95, yaw_err=-0.068
[INFO] [1778714532.714557727] [final_warehouse_scan_node]: WARNING: x drift 0.20m from centerline. Stopping before rack entry.
[INFO] [1778714532.750647560] [final_warehouse_scan_node]: Drive to row 1: target_y=3.00, y=-2.95, dy=5.95, yaw_err=-0.068
[INFO] [1778714532.757206507] [final_warehouse_scan_node]: WARNING: x drift 0.20m from centerline. Stopping before rack entry.
[INFO] [1778714532.804977905] [final_warehouse_scan_node]: Drive to row 1: target_y=3.00, y=-2.95, dy=5.95, yaw_err=-0.068
[INFO] [1778714532.811081488] [final_warehouse_scan_node]: WARNING: x drift 0.20m from centerline. Stopping before rack entry.
[INFO] [1778714532.853454905] [final_warehouse_scan_node]: Drive to row 1: target_y=3.00, y=-2.95, dy=5.95, yaw_err=-0.068
[INFO] [1778714532.864100770] [final_warehouse_scan_node]: WARNING: x drift 0.20m from centerline. Stopping before rack entry.
[INFO] [1778714532.909328829] [final_warehouse_scan_node]: Drive to row 1: target_y=3.00, y=-2.95, dy=5.95, yaw_err=-0.068
[INFO] [1778714532.925284966] [final_warehouse_scan_node]: WARNING: x drift 0.20m from centerline. Stopping before rack entry.
[INFO] [1778714532.949188688] [final_warehouse_scan_node]: Drive to row 1: target_y=3.00, y=-2.95, dy=5.95, yaw_err=-0.068
[INFO] [1778714532.955670772] [final_warehouse_scan_node]: WARNING: x drift 0.20m from centerline. Stopping before rack entry.
[INFO] [1778714533.001210885] [final_warehouse_scan_node]: Drive to row 1: target_y=3.00, y=-2.95, dy=5.95, yaw_err=-0.068
[INFO] [1778714533.009074622] [final_warehouse_scan_node]: WARNING: x drift 0.20m from centerline. Stopping before rack entry.
[INFO] [1778714533.053054137] [final_warehouse_scan_node]: Drive to row 1: target_y=3.00, y=-2.95, dy=5.95, yaw_err=-0.068
[INFO] [1778714533.063284133] [final_warehouse_scan_node]: WARNING: x drift 0.20m from centerline. Stopping before rack entry.
[INFO] [1778714533.101533319] [final_warehouse_scan_node]: Drive to row 1: target_y=3.00, y=-2.95, dy=5.95, yaw_err=-0.068
[INFO] [1778714533.111589469] [final_warehouse_scan_node]: WARNING: x drift 0.20m from centerline. Stopping before rack entry.
[INFO] [1778714533.148754568] [final_warehouse_scan_node]: Drive to row 1: target_y=3.00, y=-2.95, dy=5.95, yaw_err=-0.068
[INFO] [1778714533.155413024] [final_warehouse_scan_node]: WARNING: x drift 0.20m from centerline. Stopping before rack entry.
[INFO] [1778714533.198942603] [final_warehouse_scan_node]: Drive to row 1: target_y=3.00, y=-2.95, dy=5.95, yaw_err=-0.068
[INFO] [1778714533.205027761] [final_warehouse_scan_node]: WARNING: x drift 0.20m from centerline. Stopping before rack entry.
[INFO] [1778714533.255408560] [final_warehouse_scan_node]: Drive to row 1: target_y=3.00, y=-2.95, dy=5.95, yaw_err=-0.068
[INFO] [1778714533.263832398] [final_warehouse_scan_node]: WARNING: x drift 0.20m from centerline. Stopping before rack entry.
[INFO] [1778714533.302514672] [final_warehouse_scan_node]: Drive to row 1: target_y=3.00, y=-2.95, dy=5.95, yaw_err=-0.068
[INFO] [1778714533.316833632] [final_warehouse_scan_node]: WARNING: x drift 0.20m from centerline. Stopping before rack entry.
[INFO] [1778714533.352638704] [final_warehouse_scan_node]: Drive to row 1: target_y=3.00, y=-2.95, dy=5.95, yaw_err=-0.068
[INFO] [1778714533.361079712] [final_warehouse_scan_node]: WARNING: x drift 0.20m from centerline. Stopping before rack entry.
[INFO] [1778714533.397981235] [final_warehouse_scan_node]: Drive to row 1: target_y=3.00, y=-2.95, dy=5.95, yaw_err=-0.068
[INFO] [1778714533.404358833] [final_warehouse_scan_node]: WARNING: x drift 0.20m from centerline. Stopping before rack entry.
[INFO] [1778714533.450531689] [final_warehouse_scan_node]: Drive to row 1: target_y=3.00, y=-2.95, dy=5.95, yaw_err=-0.068
[INFO] [1778714533.455861455] [final_warehouse_scan_node]: WARNING: x drift 0.20m from centerline. Stopping before rack entry.
[INFO] [1778714533.502890624] [final_warehouse_scan_node]: Drive to row 1: target_y=3.00, y=-2.95, dy=5.95, yaw_err=-0.068
[INFO] [1778714533.513904812] [final_warehouse_scan_node]: WARNING: x drift 0.20m from centerline. Stopping before rack entry.
[INFO] [1778714533.549955244] [final_warehouse_scan_node]: Drive to row 1: target_y=3.00, y=-2.95, dy=5.95, yaw_err=-0.068
[INFO] [1778714533.560929591] [final_warehouse_scan_node]: WARNING: x drift 0.20m from centerline. Stopping before rack entry.
[INFO] [1778714533.602493346] [final_warehouse_scan_node]: Drive to row 1: target_y=3.00, y=-2.95, dy=5.95, yaw_err=-0.068
[INFO] [1778714533.614371360] [final_warehouse_scan_node]: WARNING: x drift 0.20m from centerline. Stopping before rack entry.
[INFO] [1778714533.648145833] [final_warehouse_scan_node]: Drive to row 1: target_y=3.00, y=-2.95, dy=5.95, yaw_err=-0.068
[INFO] [1778714533.656693183] [final_warehouse_scan_node]: WARNING: x drift 0.20m from centerline. Stopping before rack entry.
[INFO] [1778714533.698511628] [final_warehouse_scan_node]: Drive to row 1: target_y=3.00, y=-2.95, dy=5.95, yaw_err=-0.068
[INFO] [1778714533.703797800] [final_warehouse_scan_node]: WARNING: x drift 0.20m from centerline. Stopping before rack entry.
[INFO] [1778714533.749395455] [final_warehouse_scan_node]: Drive to row 1: target_y=3.00, y=-2.95, dy=5.95, yaw_err=-0.068
[INFO] [1778714533.754365168] [final_warehouse_scan_node]: WARNING: x drift 0.20m from centerline. Stopping before rack entry.
[INFO] [1778714533.799398555] [final_warehouse_scan_node]: Drive to row 1: target_y=3.00, y=-2.95, dy=5.95, yaw_err=-0.068
[INFO] [1778714533.803997656] [final_warehouse_scan_node]: WARNING: x drift 0.20m from centerline. Stopping before rack entry.
[INFO] [1778714533.849532265] [final_warehouse_scan_node]: Drive to row 1: target_y=3.00, y=-2.95, dy=5.95, yaw_err=-0.068
[INFO] [1778714533.854139052] [final_warehouse_scan_node]: WARNING: x drift 0.20m from centerline. Stopping before rack entry.
[INFO] [1778714533.901863920] [final_warehouse_scan_node]: Drive to row 1: target_y=3.00, y=-2.95, dy=5.95, yaw_err=-0.068
[INFO] [1778714533.909190598] [final_warehouse_scan_node]: WARNING: x drift 0.20m from centerline. Stopping before rack entry.
[INFO] [1778714533.958062046] [final_warehouse_scan_node]: Drive to row 1: target_y=3.00, y=-2.95, dy=5.95, yaw_err=-0.068
[INFO] [1778714533.970454736] [final_warehouse_scan_node]: WARNING: x drift 0.20m from centerline. Stopping before rack entry.
[INFO] [1778714533.996837805] [final_warehouse_scan_node]: Drive to row 1: target_y=3.00, y=-2.95, dy=5.95, yaw_err=-0.068
[INFO] [1778714534.007424605] [final_warehouse_scan_node]: WARNING: x drift 0.20m from centerline. Stopping before rack entry.
[INFO] [1778714534.051781389] [final_warehouse_scan_node]: Drive to row 1: target_y=3.00, y=-2.95, dy=5.95, yaw_err=-0.068
[INFO] [1778714534.064440624] [final_warehouse_scan_node]: WARNING: x drift 0.20m from centerline. Stopping before rack entry.
[INFO] [1778714534.098658213] [final_warehouse_scan_node]: Drive to row 1: target_y=3.00, y=-2.95, dy=5.95, yaw_err=-0.068
[INFO] [1778714534.111468690] [final_warehouse_scan_node]: WARNING: x drift 0.20m from centerline. Stopping before rack entry.
[INFO] [1778714534.149863572] [final_warehouse_scan_node]: Drive to row 1: target_y=3.00, y=-2.95, dy=5.95, yaw_err=-0.068
[INFO] [1778714534.154748439] [final_warehouse_scan_node]: WARNING: x drift 0.20m from centerline. Stopping before rack entry.
[INFO] [1778714534.198872165] [final_warehouse_scan_node]: Drive to row 1: target_y=3.00, y=-2.95, dy=5.95, yaw_err=-0.068
[INFO] [1778714534.203644113] [final_warehouse_scan_node]: WARNING: x drift 0.20m from centerline. Stopping before rack entry.
[INFO] [1778714534.254146704] [final_warehouse_scan_node]: Drive to row 1: target_y=3.00, y=-2.95, dy=5.95, yaw_err=-0.068
[INFO] [1778714534.263218089] [final_warehouse_scan_node]: WARNING: x drift 0.20m from centerline. Stopping before rack entry.
[INFO] [1778714534.304152607] [final_warehouse_scan_node]: Drive to row 1: target_y=3.00, y=-2.95, dy=5.95, yaw_err=-0.068
[INFO] [1778714534.316893302] [final_warehouse_scan_node]: WARNING: x drift 0.20m from centerline. Stopping before rack entry.
[INFO] [1778714534.359773682] [final_warehouse_scan_node]: Drive to row 1: target_y=3.00, y=-2.95, dy=5.95, yaw_err=-0.068
[INFO] [1778714534.372214204] [final_warehouse_scan_node]: WARNING: x drift 0.20m from centerline. Stopping before rack entry.
[INFO] [1778714534.412500681] [final_warehouse_scan_node]: Drive to row 1: target_y=3.00, y=-2.95, dy=5.95, yaw_err=-0.068
[INFO] [1778714534.424861082] [final_warehouse_scan_node]: WARNING: x drift 0.20m from centerline. Stopping before rack entry.
[INFO] [1778714534.453640039] [final_warehouse_scan_node]: Drive to row 1: target_y=3.00, y=-2.95, dy=5.95, yaw_err=-0.068
[INFO] [1778714534.462455471] [final_warehouse_scan_node]: WARNING: x drift 0.20m from centerline. Stopping before rack entry.
[INFO] [1778714534.503308099] [final_warehouse_scan_node]: Drive to row 1: target_y=3.00, y=-2.95, dy=5.95, yaw_err=-0.068
[INFO] [1778714534.512611432] [final_warehouse_scan_node]: WARNING: x drift 0.20m from centerline. Stopping before rack entry.
[INFO] [1778714534.572476719] [final_warehouse_scan_node]: Drive to row 1: target_y=3.00, y=-2.95, dy=5.95, yaw_err=-0.068
[INFO] [1778714534.587003452] [final_warehouse_scan_node]: WARNING: x drift 0.20m from centerline. Stopping before rack entry.
[INFO] [1778714534.600229145] [final_warehouse_scan_node]: Drive to row 1: target_y=3.00, y=-2.95, dy=5.95, yaw_err=-0.068
[INFO] [1778714534.610015192] [final_warehouse_scan_node]: WARNING: x drift 0.20m from centerline. Stopping before rack entry.
[INFO] [1778714534.651204020] [final_warehouse_scan_node]: Drive to row 1: target_y=3.00, y=-2.95, dy=5.95, yaw_err=-0.068
[INFO] [1778714534.667534054] [final_warehouse_scan_node]: WARNING: x drift 0.20m from centerline. Stopping before rack entry.
[INFO] [1778714534.698907701] [final_warehouse_scan_node]: Drive to row 1: target_y=3.00, y=-2.95, dy=5.95, yaw_err=-0.068
[INFO] [1778714534.719509464] [final_warehouse_scan_node]: WARNING: x drift 0.20m from centerline. Stopping before rack entry.
[INFO] [1778714534.750831681] [final_warehouse_scan_node]: Drive to row 1: target_y=3.00, y=-2.95, dy=5.95, yaw_err=-0.068
[INFO] [1778714534.759108428] [final_warehouse_scan_node]: WARNING: x drift 0.20m from centerline. Stopping before rack entry.
[INFO] [1778714534.806109041] [final_warehouse_scan_node]: Drive to row 1: target_y=3.00, y=-2.95, dy=5.95, yaw_err=-0.068
[INFO] [1778714534.816407330] [final_warehouse_scan_node]: WARNING: x drift 0.20m from centerline. Stopping before rack entry.
[INFO] [1778714534.860210765] [final_warehouse_scan_node]: Drive to row 1: target_y=3.00, y=-2.95, dy=5.95, yaw_err=-0.068
[INFO] [1778714534.877470926] [final_warehouse_scan_node]: WARNING: x drift 0.20m from centerline. Stopping before rack entry.
[INFO] [1778714534.899439346] [final_warehouse_scan_node]: Drive to row 1: target_y=3.00, y=-2.95, dy=5.95, yaw_err=-0.068
[INFO] [1778714534.907620346] [final_warehouse_scan_node]: WARNING: x drift 0.20m from centerline. Stopping before rack entry.
[INFO] [1778714534.961247458] [final_warehouse_scan_node]: Drive to row 1: target_y=3.00, y=-2.95, dy=5.95, yaw_err=-0.068
[INFO] [1778714534.969894168] [final_warehouse_scan_node]: WARNING: x drift 0.20m from centerline. Stopping before rack entry.
[INFO] [1778714535.009816963] [final_warehouse_scan_node]: Drive to row 1: target_y=3.00, y=-2.95, dy=5.95, yaw_err=-0.068
[INFO] [1778714535.022952316] [final_warehouse_scan_node]: WARNING: x drift 0.20m from centerline. Stopping before rack entry.
[INFO] [1778714535.049595627] [final_warehouse_scan_node]: Drive to row 1: target_y=3.00, y=-2.95, dy=5.95, yaw_err=-0.068
[INFO] [1778714535.058343614] [final_warehouse_scan_node]: WARNING: x drift 0.20m from centerline. Stopping before rack entry.
[INFO] [1778714535.101447026] [final_warehouse_scan_node]: Drive to row 1: target_y=3.00, y=-2.95, dy=5.95, yaw_err=-0.068
[INFO] [1778714535.114228408] [final_warehouse_scan_node]: WARNING: x drift 0.20m from centerline. Stopping before rack entry.
[INFO] [1778714535.169868525] [final_warehouse_scan_node]: Drive to row 1: target_y=3.00, y=-2.95, dy=5.95, yaw_err=-0.068
[INFO] [1778714535.190231858] [final_warehouse_scan_node]: WARNING: x drift 0.20m from centerline. Stopping before rack entry.
[INFO] [1778714535.210522226] [final_warehouse_scan_node]: Drive to row 1: target_y=3.00, y=-2.95, dy=5.95, yaw_err=-0.068
[INFO] [1778714535.217124399] [final_warehouse_scan_node]: WARNING: x drift 0.20m from centerline. Stopping before rack entry.
[INFO] [1778714535.260263509] [final_warehouse_scan_node]: Drive to row 1: target_y=3.00, y=-2.95, dy=5.95, yaw_err=-0.068
[INFO] [1778714535.274558291] [final_warehouse_scan_node]: WARNING: x drift 0.20m from centerline. Stopping before rack entry.
[INFO] [1778714535.298921801] [final_warehouse_scan_node]: Drive to row 1: target_y=3.00, y=-2.95, dy=5.95, yaw_err=-0.068
[INFO] [1778714535.304961755] [final_warehouse_scan_node]: WARNING: x drift 0.20m from centerline. Stopping before rack entry.
[INFO] [1778714535.348416531] [final_warehouse_scan_node]: Drive to row 1: target_y=3.00, y=-2.95, dy=5.95, yaw_err=-0.068
[INFO] [1778714535.353791956] [final_warehouse_scan_node]: WARNING: x drift 0.20m from centerline. Stopping before rack entry.
[INFO] [1778714535.400264385] [final_warehouse_scan_node]: Drive to row 1: target_y=3.00, y=-2.95, dy=5.95, yaw_err=-0.068
[INFO] [1778714535.406399564] [final_warehouse_scan_node]: WARNING: x drift 0.20m from centerline. Stopping before rack entry.
[INFO] [1778714535.454476104] [final_warehouse_scan_node]: Drive to row 1: target_y=3.00, y=-2.95, dy=5.95, yaw_err=-0.068
[INFO] [1778714535.464522968] [final_warehouse_scan_node]: WARNING: x drift 0.20m from centerline. Stopping before rack entry.
[INFO] [1778714535.499717819] [final_warehouse_scan_node]: Drive to row 1: target_y=3.00, y=-2.95, dy=5.95, yaw_err=-0.068
[INFO] [1778714535.509194354] [final_warehouse_scan_node]: WARNING: x drift 0.20m from centerline. Stopping before rack entry.
[INFO] [1778714535.547827309] [final_warehouse_scan_node]: Drive to row 1: target_y=3.00, y=-2.95, dy=5.95, yaw_err=-0.068
[INFO] [1778714535.552401952] [final_warehouse_scan_node]: WARNING: x drift 0.20m from centerline. Stopping before rack entry.
[INFO] [1778714535.597772694] [final_warehouse_scan_node]: Drive to row 1: target_y=3.00, y=-2.95, dy=5.95, yaw_err=-0.068
[INFO] [1778714535.602616319] [final_warehouse_scan_node]: WARNING: x drift 0.20m from centerline. Stopping before rack entry.
[INFO] [1778714535.651057170] [final_warehouse_scan_node]: Drive to row 1: target_y=3.00, y=-2.95, dy=5.95, yaw_err=-0.068
[INFO] [1778714535.654682977] [final_warehouse_scan_node]: WARNING: x drift 0.20m from centerline. Stopping before rack entry.
[INFO] [1778714535.701002068] [final_warehouse_scan_node]: Drive to row 1: target_y=3.00, y=-2.95, dy=5.95, yaw_err=-0.068
[INFO] [1778714535.706866503] [final_warehouse_scan_node]: WARNING: x drift 0.20m from centerline. Stopping before rack entry.
[INFO] [1778714535.757330533] [final_warehouse_scan_node]: Drive to row 1: target_y=3.00, y=-2.95, dy=5.95, yaw_err=-0.068
[INFO] [1778714535.762517853] [final_warehouse_scan_node]: WARNING: x drift 0.20m from centerline. Stopping before rack entry.
[INFO] [1778714535.802932619] [final_warehouse_scan_node]: Drive to row 1: target_y=3.00, y=-2.95, dy=5.95, yaw_err=-0.068
[INFO] [1778714535.810567383] [final_warehouse_scan_node]: WARNING: x drift 0.20m from centerline. Stopping before rack entry.
[INFO] [1778714535.849618832] [final_warehouse_scan_node]: Drive to row 1: target_y=3.00, y=-2.95, dy=5.95, yaw_err=-0.068
[INFO] [1778714535.861164418] [final_warehouse_scan_node]: WARNING: x drift 0.20m from centerline. Stopping before rack entry.
[INFO] [1778714535.904735785] [final_warehouse_scan_node]: Drive to row 1: target_y=3.00, y=-2.95, dy=5.95, yaw_err=-0.068
[INFO] [1778714535.918139766] [final_warehouse_scan_node]: WARNING: x drift 0.20m from centerline. Stopping before rack entry.
[INFO] [1778714535.949994547] [final_warehouse_scan_node]: Drive to row 1: target_y=3.00, y=-2.95, dy=5.95, yaw_err=-0.068
[INFO] [1778714535.960814161] [final_warehouse_scan_node]: WARNING: x drift 0.20m from centerline. Stopping before rack entry.
[INFO] [1778714536.001125286] [final_warehouse_scan_node]: Drive to row 1: target_y=3.00, y=-2.95, dy=5.95, yaw_err=-0.068
[INFO] [1778714536.008611309] [final_warehouse_scan_node]: WARNING: x drift 0.20m from centerline. Stopping before rack entry.
[INFO] [1778714536.054818680] [final_warehouse_scan_node]: Drive to row 1: target_y=3.00, y=-2.95, dy=5.95, yaw_err=-0.068
[INFO] [1778714536.062777205] [final_warehouse_scan_node]: WARNING: x drift 0.20m from centerline. Stopping before rack entry.
[INFO] [1778714536.100135473] [final_warehouse_scan_node]: Drive to row 1: target_y=3.00, y=-2.95, dy=5.95, yaw_err=-0.068
[INFO] [1778714536.111124315] [final_warehouse_scan_node]: WARNING: x drift 0.20m from centerline. Stopping before rack entry.
[INFO] [1778714536.150630164] [final_warehouse_scan_node]: Drive to row 1: target_y=3.00, y=-2.95, dy=5.95, yaw_err=-0.068
[INFO] [1778714536.155754133] [final_warehouse_scan_node]: WARNING: x drift 0.20m from centerline. Stopping before rack entry.
[INFO] [1778714536.199633568] [final_warehouse_scan_node]: Drive to row 1: target_y=3.00, y=-2.95, dy=5.95, yaw_err=-0.068
[INFO] [1778714536.214356729] [final_warehouse_scan_node]: WARNING: x drift 0.20m from centerline. Stopping before rack entry.
[INFO] [1778714536.250522305] [final_warehouse_scan_node]: Drive to row 1: target_y=3.00, y=-2.95, dy=5.95, yaw_err=-0.068
[INFO] [1778714536.258838987] [final_warehouse_scan_node]: WARNING: x drift 0.20m from centerline. Stopping before rack entry.
[INFO] [1778714536.305439927] [final_warehouse_scan_node]: Drive to row 1: target_y=3.00, y=-2.95, dy=5.95, yaw_err=-0.068
[INFO] [1778714536.314269228] [final_warehouse_scan_node]: WARNING: x drift 0.20m from centerline. Stopping before rack entry.
[INFO] [1778714536.353916426] [final_warehouse_scan_node]: Drive to row 1: target_y=3.00, y=-2.95, dy=5.95, yaw_err=-0.068
[INFO] [1778714536.371640620] [final_warehouse_scan_node]: WARNING: x drift 0.20m from centerline. Stopping before rack entry.
[INFO] [1778714536.398581592] [final_warehouse_scan_node]: Drive to row 1: target_y=3.00, y=-2.95, dy=5.95, yaw_err=-0.068
[INFO] [1778714536.407578087] [final_warehouse_scan_node]: WARNING: x drift 0.20m from centerline. Stopping before rack entry.
[INFO] [1778714536.450448653] [final_warehouse_scan_node]: Drive to row 1: target_y=3.00, y=-2.95, dy=5.95, yaw_err=-0.068
[INFO] [1778714536.457027043] [final_warehouse_scan_node]: WARNING: x drift 0.20m from centerline. Stopping before rack entry.
[INFO] [1778714536.499951162] [final_warehouse_scan_node]: Drive to row 1: target_y=3.00, y=-2.95, dy=5.95, yaw_err=-0.068
[INFO] [1778714536.506232610] [final_warehouse_scan_node]: WARNING: x drift 0.20m from centerline. Stopping before rack entry.
[INFO] [1778714536.555223712] [final_warehouse_scan_node]: Drive to row 1: target_y=3.00, y=-2.95, dy=5.95, yaw_err=-0.068
[INFO] [1778714536.569368072] [final_warehouse_scan_node]: WARNING: x drift 0.20m from centerline. Stopping before rack entry.
[INFO] [1778714536.600326588] [final_warehouse_scan_node]: Drive to row 1: target_y=3.00, y=-2.95, dy=5.95, yaw_err=-0.068
[INFO] [1778714536.615582913] [final_warehouse_scan_node]: WARNING: x drift 0.20m from centerline. Stopping before rack entry.
[INFO] [1778714536.651188698] [final_warehouse_scan_node]: Drive to row 1: target_y=3.00, y=-2.95, dy=5.95, yaw_err=-0.068
[INFO] [1778714536.656887392] [final_warehouse_scan_node]: WARNING: x drift 0.20m from centerline. Stopping before rack entry.
[INFO] [1778714536.704001055] [final_warehouse_scan_node]: Drive to row 1: target_y=3.00, y=-2.95, dy=5.95, yaw_err=-0.068
[INFO] [1778714536.711729051] [final_warehouse_scan_node]: WARNING: x drift 0.20m from centerline. Stopping before rack entry.
[INFO] [1778714536.750148995] [final_warehouse_scan_node]: Drive to row 1: target_y=3.00, y=-2.95, dy=5.95, yaw_err=-0.068
[INFO] [1778714536.766060515] [final_warehouse_scan_node]: WARNING: x drift 0.20m from centerline. Stopping before rack entry.
[INFO] [1778714536.802214613] [final_warehouse_scan_node]: Drive to row 1: target_y=3.00, y=-2.95, dy=5.95, yaw_err=-0.068
[INFO] [1778714536.810890414] [final_warehouse_scan_node]: WARNING: x drift 0.20m from centerline. Stopping before rack entry.
[INFO] [1778714536.854342368] [final_warehouse_scan_node]: Drive to row 1: target_y=3.00, y=-2.95, dy=5.95, yaw_err=-0.068
[INFO] [1778714536.864246159] [final_warehouse_scan_node]: WARNING: x drift 0.20m from centerline. Stopping before rack entry.
[INFO] [1778714536.903582328] [final_warehouse_scan_node]: Drive to row 1: target_y=3.00, y=-2.95, dy=5.95, yaw_err=-0.068
[INFO] [1778714536.910208956] [final_warehouse_scan_node]: WARNING: x drift 0.20m from centerline. Stopping before rack entry.
[INFO] [1778714536.951218979] [final_warehouse_scan_node]: Drive to row 1: target_y=3.00, y=-2.95, dy=5.95, yaw_err=-0.068
[INFO] [1778714536.957355566] [final_warehouse_scan_node]: WARNING: x drift 0.20m from centerline. Stopping before rack entry.
[INFO] [1778714537.000949647] [final_warehouse_scan_node]: Drive to row 1: target_y=3.00, y=-2.95, dy=5.95, yaw_err=-0.068
[INFO] [1778714537.009145823] [final_warehouse_scan_node]: WARNING: x drift 0.20m from centerline. Stopping before rack entry.
[INFO] [1778714537.053515522] [final_warehouse_scan_node]: Drive to row 1: target_y=3.00, y=-2.95, dy=5.95, yaw_err=-0.068
[INFO] [1778714537.062409611] [final_warehouse_scan_node]: WARNING: x drift 0.20m from centerline. Stopping before rack entry.
[INFO] [1778714537.100453054] [final_warehouse_scan_node]: Drive to row 1: target_y=3.00, y=-2.95, dy=5.95, yaw_err=-0.068
[INFO] [1778714537.115752283] [final_warehouse_scan_node]: WARNING: x drift 0.20m from centerline. Stopping before rack entry.
[INFO] [1778714537.149712084] [final_warehouse_scan_node]: Drive to row 1: target_y=3.00, y=-2.95, dy=5.95, yaw_err=-0.068
[INFO] [1778714537.156638155] [final_warehouse_scan_node]: WARNING: x drift 0.20m from centerline. Stopping before rack entry.
[INFO] [1778714537.205386095] [final_warehouse_scan_node]: Drive to row 1: target_y=3.00, y=-2.95, dy=5.95, yaw_err=-0.068
[INFO] [1778714537.217498423] [final_warehouse_scan_node]: WARNING: x drift 0.20m from centerline. Stopping before rack entry.
[INFO] [1778714537.255904597] [final_warehouse_scan_node]: Drive to row 1: target_y=3.00, y=-2.95, dy=5.95, yaw_err=-0.068
[INFO] [1778714537.271466585] [final_warehouse_scan_node]: WARNING: x drift 0.20m from centerline. Stopping before rack entry.
[INFO] [1778714537.299334440] [final_warehouse_scan_node]: Drive to row 1: target_y=3.00, y=-2.95, dy=5.95, yaw_err=-0.068
[INFO] [1778714537.304131296] [final_warehouse_scan_node]: WARNING: x drift 0.20m from centerline. Stopping before rack entry.
[INFO] [1778714537.350238392] [final_warehouse_scan_node]: Drive to row 1: target_y=3.00, y=-2.95, dy=5.95, yaw_err=-0.068
[INFO] [1778714537.355577961] [final_warehouse_scan_node]: WARNING: x drift 0.20m from centerline. Stopping before rack entry.
[INFO] [1778714537.400703233] [final_warehouse_scan_node]: Drive to row 1: target_y=3.00, y=-2.95, dy=5.95, yaw_err=-0.068
[INFO] [1778714537.407725011] [final_warehouse_scan_node]: WARNING: x drift 0.20m from centerline. Stopping before rack entry.
[INFO] [1778714537.456679324] [final_warehouse_scan_node]: Drive to row 1: target_y=3.00, y=-2.95, dy=5.95, yaw_err=-0.068
[INFO] [1778714537.464242776] [final_warehouse_scan_node]: WARNING: x drift 0.20m from centerline. Stopping before rack entry.
[INFO] [1778714537.506976245] [final_warehouse_scan_node]: Drive to row 1: target_y=3.00, y=-2.95, dy=5.95, yaw_err=-0.068
[INFO] [1778714537.516773031] [final_warehouse_scan_node]: WARNING: x drift 0.20m from centerline. Stopping before rack entry.
[INFO] [1778714537.549768679] [final_warehouse_scan_node]: Drive to row 1: target_y=3.00, y=-2.95, dy=5.95, yaw_err=-0.068
[INFO] [1778714537.556067980] [final_warehouse_scan_node]: WARNING: x drift 0.20m from centerline. Stopping before rack entry.
[INFO] [1778714537.600117616] [final_warehouse_scan_node]: Drive to row 1: target_y=3.00, y=-2.95, dy=5.95, yaw_err=-0.068
[INFO] [1778714537.604970604] [final_warehouse_scan_node]: WARNING: x drift 0.20m from centerline. Stopping before rack entry.
[INFO] [1778714537.651584224] [final_warehouse_scan_node]: Drive to row 1: target_y=3.00, y=-2.95, dy=5.95, yaw_err=-0.068
[INFO] [1778714537.656694676] [final_warehouse_scan_node]: WARNING: x drift 0.20m from centerline. Stopping before rack entry.
[INFO] [1778714537.700456156] [final_warehouse_scan_node]: Drive to row 1: target_y=3.00, y=-2.95, dy=5.95, yaw_err=-0.068
[INFO] [1778714537.706862713] [final_warehouse_scan_node]: WARNING: x drift 0.20m from centerline. Stopping before rack entry.
[INFO] [1778714537.752346282] [final_warehouse_scan_node]: Drive to row 1: target_y=3.00, y=-2.95, dy=5.95, yaw_err=-0.068
[INFO] [1778714537.757994623] [final_warehouse_scan_node]: WARNING: x drift 0.20m from centerline. Stopping before rack entry.
[INFO] [1778714537.806702833] [final_warehouse_scan_node]: Drive to row 1: target_y=3.00, y=-2.95, dy=5.95, yaw_err=-0.068
[INFO] [1778714537.814438845] [final_warehouse_scan_node]: WARNING: x drift 0.20m from centerline. Stopping before rack entry.
[INFO] [1778714537.850552182] [final_warehouse_scan_node]: Drive to row 1: target_y=3.00, y=-2.95, dy=5.95, yaw_err=-0.068
[INFO] [1778714537.861207082] [final_warehouse_scan_node]: WARNING: x drift 0.20m from centerline. Stopping before rack entry.
[INFO] [1778714537.907421181] [final_warehouse_scan_node]: Drive to row 1: target_y=3.00, y=-2.95, dy=5.95, yaw_err=-0.068
[INFO] [1778714537.920440619] [final_warehouse_scan_node]: WARNING: x drift 0.20m from centerline. Stopping before rack entry.
[INFO] [1778714537.950044756] [final_warehouse_scan_node]: Drive to row 1: target_y=3.00, y=-2.95, dy=5.95, yaw_err=-0.068
[INFO] [1778714537.958610366] [final_warehouse_scan_node]: WARNING: x drift 0.20m from centerline. Stopping before rack entry.
[INFO] [1778714538.000385888] [final_warehouse_scan_node]: Drive to row 1: target_y=3.00, y=-2.95, dy=5.95, yaw_err=-0.068
[INFO] [1778714538.007116311] [final_warehouse_scan_node]: WARNING: x drift 0.20m from centerline. Stopping before rack entry.
[INFO] [1778714538.049206637] [final_warehouse_scan_node]: Drive to row 1: target_y=3.00, y=-2.95, dy=5.95, yaw_err=-0.068
[INFO] [1778714538.053453203] [final_warehouse_scan_node]: WARNING: x drift 0.20m from centerline. Stopping before rack entry.
[INFO] [1778714538.106274430] [final_warehouse_scan_node]: Drive to row 1: target_y=3.00, y=-2.95, dy=5.95, yaw_err=-0.068
[INFO] [1778714538.112030893] [final_warehouse_scan_node]: WARNING: x drift 0.20m from centerline. Stopping before rack entry.
[INFO] [1778714538.153553270] [final_warehouse_scan_node]: Drive to row 1: target_y=3.00, y=-2.95, dy=5.95, yaw_err=-0.068
[INFO] [1778714538.160253177] [final_warehouse_scan_node]: WARNING: x drift 0.20m from centerline. Stopping before rack entry.
[INFO] [1778714538.196787641] [final_warehouse_scan_node]: Drive to row 1: target_y=3.00, y=-2.95, dy=5.95, yaw_err=-0.068
[INFO] [1778714538.205949647] [final_warehouse_scan_node]: WARNING: x drift 0.20m from centerline. Stopping before rack entry.
[INFO] [1778714538.248740166] [final_warehouse_scan_node]: Drive to row 1: target_y=3.00, y=-2.95, dy=5.95, yaw_err=-0.068
[INFO] [1778714538.253595453] [final_warehouse_scan_node]: WARNING: x drift 0.20m from centerline. Stopping before rack entry.
[INFO] [1778714538.301396744] [final_warehouse_scan_node]: Drive to row 1: target_y=3.00, y=-2.95, dy=5.95, yaw_err=-0.068
[INFO] [1778714538.310471506] [final_warehouse_scan_node]: WARNING: x drift 0.20m from centerline. Stopping before rack entry.
[INFO] [1778714538.355564177] [final_warehouse_scan_node]: Drive to row 1: target_y=3.00, y=-2.95, dy=5.95, yaw_err=-0.068
[INFO] [1778714538.362739845] [final_warehouse_scan_node]: WARNING: x drift 0.20m from centerline. Stopping before rack entry.
[INFO] [1778714538.404122001] [final_warehouse_scan_node]: Drive to row 1: target_y=3.00, y=-2.95, dy=5.95, yaw_err=-0.068
[INFO] [1778714538.411269526] [final_warehouse_scan_node]: WARNING: x drift 0.20m from centerline. Stopping before rack entry.
[INFO] [1778714538.457369755] [final_warehouse_scan_node]: Drive to row 1: target_y=3.00, y=-2.95, dy=5.95, yaw_err=-0.068
[INFO] [1778714538.608330916] [final_warehouse_scan_node]: WARNING: x drift 0.20m from centerline. Stopping before rack entry.
[INFO] [1778714538.633728700] [final_warehouse_scan_node]: Drive to row 1: target_y=3.00, y=-2.95, dy=5.95, yaw_err=-0.068
[INFO] [1778714538.650156711] [final_warehouse_scan_node]: WARNING: x drift 0.20m from centerline. Stopping before rack entry.
[INFO] [1778714538.657426111] [final_warehouse_scan_node]: Drive to row 1: target_y=3.00, y=-2.95, dy=5.95, yaw_err=-0.068
[INFO] [1778714538.664040123] [final_warehouse_scan_node]: WARNING: x drift 0.20m from centerline. Stopping before rack entry.
[INFO] [1778714538.702440332] [final_warehouse_scan_node]: Drive to row 1: target_y=3.00, y=-2.95, dy=5.95, yaw_err=-0.068
[INFO] [1778714538.721034674] [final_warehouse_scan_node]: WARNING: x drift 0.20m from centerline. Stopping before rack entry.
[INFO] [1778714538.749312605] [final_warehouse_scan_node]: Drive to row 1: target_y=3.00, y=-2.95, dy=5.95, yaw_err=-0.068
[INFO] [1778714538.760984127] [final_warehouse_scan_node]: WARNING: x drift 0.20m from centerline. Stopping before rack entry.
[INFO] [1778714538.799123660] [final_warehouse_scan_node]: Drive to row 1: target_y=3.00, y=-2.95, dy=5.95, yaw_err=-0.068
[INFO] [1778714538.806720779] [final_warehouse_scan_node]: WARNING: x drift 0.20m from centerline. Stopping before rack entry.
[INFO] [1778714538.854362313] [final_warehouse_scan_node]: Drive to row 1: target_y=3.00, y=-2.95, dy=5.95, yaw_err=-0.068
[INFO] [1778714538.861543637] [final_warehouse_scan_node]: WARNING: x drift 0.20m from centerline. Stopping before rack entry.
[INFO] [1778714538.903863506] [final_warehouse_scan_node]: Drive to row 1: target_y=3.00, y=-2.95, dy=5.95, yaw_err=-0.068
[INFO] [1778714538.914640650] [final_warehouse_scan_node]: WARNING: x drift 0.20m from centerline. Stopping before rack entry.
[INFO] [1778714538.962668461] [final_warehouse_scan_node]: Drive to row 1: target_y=3.00, y=-2.95, dy=5.95, yaw_err=-0.068
[INFO] [1778714538.979545147] [final_warehouse_scan_node]: WARNING: x drift 0.20m from centerline. Stopping before rack entry.
[INFO] [1778714539.004955352] [final_warehouse_scan_node]: Drive to row 1: target_y=3.00, y=-2.95, dy=5.95, yaw_err=-0.068
[INFO] [1778714539.011854913] [final_warehouse_scan_node]: WARNING: x drift 0.20m from centerline. Stopping before rack entry.
[INFO] [1778714539.058303310] [final_warehouse_scan_node]: Drive to row 1: target_y=3.00, y=-2.95, dy=5.95, yaw_err=-0.068
[INFO] [1778714539.073233746] [final_warehouse_scan_node]: WARNING: x drift 0.20m from centerline. Stopping before rack entry.
[INFO] [1778714539.101544022] [final_warehouse_scan_node]: Drive to row 1: target_y=3.00, y=-2.95, dy=5.95, yaw_err=-0.068
[INFO] [1778714539.110054855] [final_warehouse_scan_node]: WARNING: x drift 0.20m from centerline. Stopping before rack entry.
[INFO] [1778714539.150673579] [final_warehouse_scan_node]: Drive to row 1: target_y=3.00, y=-2.95, dy=5.95, yaw_err=-0.068
[INFO] [1778714539.158071737] [final_warehouse_scan_node]: WARNING: x drift 0.20m from centerline. Stopping before rack entry.
[INFO] [1778714539.204792271] [final_warehouse_scan_node]: Drive to row 1: target_y=3.00, y=-2.95, dy=5.95, yaw_err=-0.068
[INFO] [1778714539.213274394] [final_warehouse_scan_node]: WARNING: x drift 0.20m from centerline. Stopping before rack entry.
[INFO] [1778714539.253307766] [final_warehouse_scan_node]: Drive to row 1: target_y=3.00, y=-2.95, dy=5.95, yaw_err=-0.068
[INFO] [1778714539.261151425] [final_warehouse_scan_node]: WARNING: x drift 0.20m from centerline. Stopping before rack entry.
[INFO] [1778714539.304315949] [final_warehouse_scan_node]: Drive to row 1: target_y=3.00, y=-2.95, dy=5.95, yaw_err=-0.068
[INFO] [1778714539.311114868] [final_warehouse_scan_node]: WARNING: x drift 0.20m from centerline. Stopping before rack entry.
[INFO] [1778714539.350354625] [final_warehouse_scan_node]: Drive to row 1: target_y=3.00, y=-2.95, dy=5.95, yaw_err=-0.068
[INFO] [1778714539.355890777] [final_warehouse_scan_node]: WARNING: x drift 0.20m from centerline. Stopping before rack entry.
[INFO] [1778714539.398549198] [final_warehouse_scan_node]: Drive to row 1: target_y=3.00, y=-2.95, dy=5.95, yaw_err=-0.068
[INFO] [1778714539.405590131] [final_warehouse_scan_node]: WARNING: x drift 0.20m from centerline. Stopping before rack entry.
[INFO] [1778714539.450792990] [final_warehouse_scan_node]: Drive to row 1: target_y=3.00, y=-2.95, dy=5.95, yaw_err=-0.068
[INFO] [1778714539.457725412] [final_warehouse_scan_node]: WARNING: x drift 0.20m from centerline. Stopping before rack entry.
[INFO] [1778714539.505537839] [final_warehouse_scan_node]: Drive to row 1: target_y=3.00, y=-2.95, dy=5.95, yaw_err=-0.068
[INFO] [1778714539.514896271] [final_warehouse_scan_node]: WARNING: x drift 0.20m from centerline. Stopping before rack entry.
[INFO] [1778714539.559245617] [final_warehouse_scan_node]: Drive to row 1: target_y=3.00, y=-2.95, dy=5.95, yaw_err=-0.068
[INFO] [1778714539.568432893] [final_warehouse_scan_node]: WARNING: x drift 0.20m from centerline. Stopping before rack entry.
[INFO] [1778714539.604022174] [final_warehouse_scan_node]: Drive to row 1: target_y=3.00, y=-2.95, dy=5.95, yaw_err=-0.068
[INFO] [1778714539.620540192] [final_warehouse_scan_node]: WARNING: x drift 0.20m from centerline. Stopping before rack entry.
[INFO] [1778714539.650530216] [final_warehouse_scan_node]: Drive to row 1: target_y=3.00, y=-2.95, dy=5.95, yaw_err=-0.068
[INFO] [1778714539.662645188] [final_warehouse_scan_node]: WARNING: x drift 0.20m from centerline. Stopping before rack entry.
[INFO] [1778714539.697455547] [final_warehouse_scan_node]: Drive to row 1: target_y=3.00, y=-2.95, dy=5.95, yaw_err=-0.068
[INFO] [1778714539.702323025] [final_warehouse_scan_node]: WARNING: x drift 0.20m from centerline. Stopping before rack entry.
[INFO] [1778714539.748679972] [final_warehouse_scan_node]: Drive to row 1: target_y=3.00, y=-2.95, dy=5.95, yaw_err=-0.068
[INFO] [1778714539.752210655] [final_warehouse_scan_node]: WARNING: x drift 0.20m from centerline. Stopping before rack entry.
[INFO] [1778714539.803638335] [final_warehouse_scan_node]: Drive to row 1: target_y=3.00, y=-2.95, dy=5.95, yaw_err=-0.068
[INFO] [1778714539.809624615] [final_warehouse_scan_node]: WARNING: x drift 0.20m from centerline. Stopping before rack entry.
[INFO] [1778714539.853900621] [final_warehouse_scan_node]: Drive to row 1: target_y=3.00, y=-2.95, dy=5.95, yaw_err=-0.068
[INFO] [1778714539.869338193] [final_warehouse_scan_node]: WARNING: x drift 0.20m from centerline. Stopping before rack entry.
[INFO] [1778714539.898277246] [final_warehouse_scan_node]: Drive to row 1: target_y=3.00, y=-2.95, dy=5.95, yaw_err=-0.068
[INFO] [1778714539.912011813] [final_warehouse_scan_node]: WARNING: x drift 0.20m from centerline. Stopping before rack entry.
[INFO] [1778714539.951882317] [final_warehouse_scan_node]: Drive to row 1: target_y=3.00, y=-2.95, dy=5.95, yaw_err=-0.068
[INFO] [1778714539.965639925] [final_warehouse_scan_node]: WARNING: x drift 0.20m from centerline. Stopping before rack entry.
[INFO] [1778714540.000361347] [final_warehouse_scan_node]: Drive to row 1: target_y=3.00, y=-2.95, dy=5.95, yaw_err=-0.068
[INFO] [1778714540.014349801] [final_warehouse_scan_node]: WARNING: x drift 0.20m from centerline. Stopping before rack entry.
[INFO] [1778714540.051519853] [final_warehouse_scan_node]: Drive to row 1: target_y=3.00, y=-2.95, dy=5.95, yaw_err=-0.068
[INFO] [1778714540.054898855] [final_warehouse_scan_node]: WARNING: x drift 0.20m from centerline. Stopping before rack entry.
[INFO] [1778714540.097639972] [final_warehouse_scan_node]: Drive to row 1: target_y=3.00, y=-2.95, dy=5.95, yaw_err=-0.068
[INFO] [1778714540.102098925] [final_warehouse_scan_node]: WARNING: x drift 0.20m from centerline. Stopping before rack entry.
[INFO] [1778714540.150829159] [final_warehouse_scan_node]: Drive to row 1: target_y=3.00, y=-2.95, dy=5.95, yaw_err=-0.068
[INFO] [1778714540.158249984] [final_warehouse_scan_node]: WARNING: x drift 0.20m from centerline. Stopping before rack entry.
[INFO] [1778714540.203189277] [final_warehouse_scan_node]: Drive to row 1: target_y=3.00, y=-2.95, dy=5.95, yaw_err=-0.068
[INFO] [1778714540.209443865] [final_warehouse_scan_node]: WARNING: x drift 0.20m from centerline. Stopping before rack entry.
[INFO] [1778714540.250651943] [final_warehouse_scan_node]: Drive to row 1: target_y=3.00, y=-2.95, dy=5.95, yaw_err=-0.068
[INFO] [1778714540.260009484] [final_warehouse_scan_node]: WARNING: x drift 0.20m from centerline. Stopping before rack entry.
[INFO] [1778714540.299395537] [final_warehouse_scan_node]: Drive to row 1: target_y=3.00, y=-2.95, dy=5.95, yaw_err=-0.068
[INFO] [1778714540.309438681] [final_warehouse_scan_node]: WARNING: x drift 0.20m from centerline. Stopping before rack entry.
[INFO] [1778714540.347550823] [final_warehouse_scan_node]: Drive to row 1: target_y=3.00, y=-2.95, dy=5.95, yaw_err=-0.068
[INFO] [1778714540.352801014] [final_warehouse_scan_node]: WARNING: x drift 0.20m from centerline. Stopping before rack entry.
[INFO] [1778714540.401018133] [final_warehouse_scan_node]: Drive to row 1: target_y=3.00, y=-2.95, dy=5.95, yaw_err=-0.068
[INFO] [1778714540.406710795] [final_warehouse_scan_node]: WARNING: x drift 0.20m from centerline. Stopping before rack entry.
[INFO] [1778714540.455557701] [final_warehouse_scan_node]: Drive to row 1: target_y=3.00, y=-2.95, dy=5.95, yaw_err=-0.068
[INFO] [1778714540.471690814] [final_warehouse_scan_node]: WARNING: x drift 0.20m from centerline. Stopping before rack entry.
[INFO] [1778714540.505582858] [final_warehouse_scan_node]: Drive to row 1: target_y=3.00, y=-2.95, dy=5.95, yaw_err=-0.068
[INFO] [1778714540.515293425] [final_warehouse_scan_node]: WARNING: x drift 0.20m from centerline. Stopping before rack entry.
[INFO] [1778714540.556174032] [final_warehouse_scan_node]: Drive to row 1: target_y=3.00, y=-2.95, dy=5.95, yaw_err=-0.068
[INFO] [1778714540.566864248] [final_warehouse_scan_node]: WARNING: x drift 0.20m from centerline. Stopping before rack entry.
[INFO] [1778714540.603780982] [final_warehouse_scan_node]: Drive to row 1: target_y=3.00, y=-2.95, dy=5.95, yaw_err=-0.068
[INFO] [1778714540.610842433] [final_warehouse_scan_node]: WARNING: x drift 0.20m from centerline. Stopping before rack entry.
[INFO] [1778714540.648738785] [final_warehouse_scan_node]: Drive to row 1: target_y=3.00, y=-2.95, dy=5.95, yaw_err=-0.068
[INFO] [1778714540.654752189] [final_warehouse_scan_node]: WARNING: x drift 0.20m from centerline. Stopping before rack entry.
[INFO] [1778714540.700267265] [final_warehouse_scan_node]: Drive to row 1: target_y=3.00, y=-2.95, dy=5.95, yaw_err=-0.068
[INFO] [1778714540.707519757] [final_warehouse_scan_node]: WARNING: x drift 0.20m from centerline. Stopping before rack entry.
[INFO] [1778714540.753262234] [final_warehouse_scan_node]: Drive to row 1: target_y=3.00, y=-2.95, dy=5.95, yaw_err=-0.068
[INFO] [1778714540.764301741] [final_warehouse_scan_node]: WARNING: x drift 0.20m from centerline. Stopping before rack entry.
[INFO] [1778714540.799798043] [final_warehouse_scan_node]: Drive to row 1: target_y=3.00, y=-2.95, dy=5.95, yaw_err=-0.068
[INFO] [1778714540.817405143] [final_warehouse_scan_node]: WARNING: x drift 0.20m from centerline. Stopping before rack entry.
[INFO] [1778714540.848732720] [final_warehouse_scan_node]: Drive to row 1: target_y=3.00, y=-2.95, dy=5.95, yaw_err=-0.068
[INFO] [1778714540.853356126] [final_warehouse_scan_node]: WARNING: x drift 0.20m from centerline. Stopping before rack entry.
[INFO] [1778714540.905264374] [final_warehouse_scan_node]: Drive to row 1: target_y=3.00, y=-2.95, dy=5.95, yaw_err=-0.068
[INFO] [1778714540.912893964] [final_warehouse_scan_node]: WARNING: x drift 0.20m from centerline. Stopping before rack entry.
[INFO] [1778714540.950522550] [final_warehouse_scan_node]: Drive to row 1: target_y=3.00, y=-2.95, dy=5.95, yaw_err=-0.068
[INFO] [1778714540.964206178] [final_warehouse_scan_node]: WARNING: x drift 0.20m from centerline. Stopping before rack entry.
[INFO] [1778714541.004869145] [final_warehouse_scan_node]: Drive to row 1: target_y=3.00, y=-2.95, dy=5.95, yaw_err=-0.068
[INFO] [1778714541.024835480] [final_warehouse_scan_node]: WARNING: x drift 0.20m from centerline. Stopping before rack entry.
[INFO] [1778714541.054266287] [final_warehouse_scan_node]: Drive to row 1: target_y=3.00, y=-2.95, dy=5.95, yaw_err=-0.068
[INFO] [1778714541.062962721] [final_warehouse_scan_node]: WARNING: x drift 0.20m from centerline. Stopping before rack entry.
[INFO] [1778714541.113029972] [final_warehouse_scan_node]: Drive to row 1: target_y=3.00, y=-2.95, dy=5.95, yaw_err=-0.068
[INFO] [1778714541.125219433] [final_warehouse_scan_node]: WARNING: x drift 0.20m from centerline. Stopping before rack entry.
[INFO] [1778714541.148621243] [final_warehouse_scan_node]: Drive to row 1: target_y=3.00, y=-2.95, dy=5.95, yaw_err=-0.068
[INFO] [1778714541.152868413] [final_warehouse_scan_node]: WARNING: x drift 0.20m from centerline. Stopping before rack entry.
[INFO] [1778714541.200629065] [final_warehouse_scan_node]: Drive to row 1: target_y=3.00, y=-2.95, dy=5.95, yaw_err=-0.068
[INFO] [1778714541.208067794] [final_warehouse_scan_node]: WARNING: x drift 0.20m from centerline. Stopping before rack entry.
[INFO] [1778714541.251868603] [final_warehouse_scan_node]: Drive to row 1: target_y=3.00, y=-2.95, dy=5.95, yaw_err=-0.068
[INFO] [1778714541.261093938] [final_warehouse_scan_node]: WARNING: x drift 0.20m from centerline. Stopping before rack entry.
[INFO] [1778714541.305666563] [final_warehouse_scan_node]: Drive to row 1: target_y=3.00, y=-2.95, dy=5.95, yaw_err=-0.068
[INFO] [1778714541.320422020] [final_warehouse_scan_node]: WARNING: x drift 0.20m from centerline. Stopping before rack entry.
[INFO] [1778714541.352068557] [final_warehouse_scan_node]: Drive to row 1: target_y=3.00, y=-2.95, dy=5.95, yaw_err=-0.068
[INFO] [1778714541.356881280] [final_warehouse_scan_node]: WARNING: x drift 0.20m from centerline. Stopping before rack entry.
[INFO] [1778714541.399648393] [final_warehouse_scan_node]: Drive to row 1: target_y=3.00, y=-2.95, dy=5.95, yaw_err=-0.068
[INFO] [1778714541.405303790] [final_warehouse_scan_node]: WARNING: x drift 0.20m from centerline. Stopping before rack entry.
[INFO] [1778714541.453155966] [final_warehouse_scan_node]: Drive to row 1: target_y=3.00, y=-2.95, dy=5.95, yaw_err=-0.068
[INFO] [1778714541.458552473] [final_warehouse_scan_node]: WARNING: x drift 0.20m from centerline. Stopping before rack entry.
[INFO] [1778714541.505055025] [final_warehouse_scan_node]: Drive to row 1: target_y=3.00, y=-2.95, dy=5.95, yaw_err=-0.068
[INFO] [1778714541.515468434] [final_warehouse_scan_node]: WARNING: x drift 0.20m from centerline. Stopping before rack entry.
[INFO] [1778714541.552508373] [final_warehouse_scan_node]: Drive to row 1: target_y=3.00, y=-2.95, dy=5.95, yaw_err=-0.068
[INFO] [1778714541.567736819] [final_warehouse_scan_node]: WARNING: x drift 0.20m from centerline. Stopping before rack entry.
[INFO] [1778714541.607472885] [final_warehouse_scan_node]: Drive to row 1: target_y=3.00, y=-2.95, dy=5.95, yaw_err=-0.068
[INFO] [1778714541.617990388] [final_warehouse_scan_node]: WARNING: x drift 0.20m from centerline. Stopping before rack entry.
[INFO] [1778714541.650768855] [final_warehouse_scan_node]: Drive to row 1: target_y=3.00, y=-2.95, dy=5.95, yaw_err=-0.068
[INFO] [1778714541.656096428] [final_warehouse_scan_node]: WARNING: x drift 0.20m from centerline. Stopping before rack entry.
[INFO] [1778714541.699947592] [final_warehouse_scan_node]: Drive to row 1: target_y=3.00, y=-2.95, dy=5.95, yaw_err=-0.068
[INFO] [1778714541.705194600] [final_warehouse_scan_node]: WARNING: x drift 0.20m from centerline. Stopping before rack entry.
[INFO] [1778714541.750338124] [final_warehouse_scan_node]: Drive to row 1: target_y=3.00, y=-2.95, dy=5.95, yaw_err=-0.068
[INFO] [1778714541.754647024] [final_warehouse_scan_node]: WARNING: x drift 0.20m from centerline. Stopping before rack entry.
[INFO] [1778714541.803279005] [final_warehouse_scan_node]: Drive to row 1: target_y=3.00, y=-2.95, dy=5.95, yaw_err=-0.068
[INFO] [1778714541.810120611] [final_warehouse_scan_node]: WARNING: x drift 0.20m from centerline. Stopping before rack entry.
[INFO] [1778714541.854944950] [final_warehouse_scan_node]: Drive to row 1: target_y=3.00, y=-2.95, dy=5.95, yaw_err=-0.068
[INFO] [1778714541.865070687] [final_warehouse_scan_node]: WARNING: x drift 0.20m from centerline. Stopping before rack entry.
[INFO] [1778714541.905094584] [final_warehouse_scan_node]: Drive to row 1: target_y=3.00, y=-2.95, dy=5.95, yaw_err=-0.068
[INFO] [1778714541.914226514] [final_warehouse_scan_node]: WARNING: x drift 0.20m from centerline. Stopping before rack entry.
[INFO] [1778714541.961584788] [final_warehouse_scan_node]: Drive to row 1: target_y=3.00, y=-2.95, dy=5.95, yaw_err=-0.068
[INFO] [1778714541.971825348] [final_warehouse_scan_node]: WARNING: x drift 0.20m from centerline. Stopping before rack entry.
[INFO] [1778714541.999069569] [final_warehouse_scan_node]: Drive to row 1: target_y=3.00, y=-2.95, dy=5.95, yaw_err=-0.068
[INFO] [1778714542.005782345] [final_warehouse_scan_node]: WARNING: x drift 0.20m from centerline. Stopping before rack entry.
[INFO] [1778714542.050208667] [final_warehouse_scan_node]: Drive to row 1: target_y=3.00, y=-2.95, dy=5.95, yaw_err=-0.068
[INFO] [1778714542.056220519] [final_warehouse_scan_node]: WARNING: x drift 0.20m from centerline. Stopping before rack entry.
[INFO] [1778714542.099543802] [final_warehouse_scan_node]: Drive to row 1: target_y=3.00, y=-2.95, dy=5.95, yaw_err=-0.068
[INFO] [1778714542.105492523] [final_warehouse_scan_node]: WARNING: x drift 0.20m from centerline. Stopping before rack entry.
[INFO] [1778714542.158260927] [final_warehouse_scan_node]: Drive to row 1: target_y=3.00, y=-2.95, dy=5.95, yaw_err=-0.068
[INFO] [1778714542.164839313] [final_warehouse_scan_node]: WARNING: x drift 0.20m from centerline. Stopping before rack entry.
[INFO] [1778714542.200956503] [final_warehouse_scan_node]: Drive to row 1: target_y=3.00, y=-2.95, dy=5.95, yaw_err=-0.068
[INFO] [1778714542.216575316] [final_warehouse_scan_node]: WARNING: x drift 0.20m from centerline. Stopping before rack entry.
[INFO] [1778714542.258108485] [final_warehouse_scan_node]: Drive to row 1: target_y=3.00, y=-2.95, dy=5.95, yaw_err=-0.068
[INFO] [1778714542.274102689] [final_warehouse_scan_node]: WARNING: x drift 0.20m from centerline. Stopping before rack entry.
[INFO] [1778714542.300636583] [final_warehouse_scan_node]: Drive to row 1: target_y=3.00, y=-2.95, dy=5.95, yaw_err=-0.068
[INFO] [1778714542.306364235] [final_warehouse_scan_node]: WARNING: x drift 0.20m from centerline. Stopping before rack entry.
[INFO] [1778714542.349856682] [final_warehouse_scan_node]: Drive to row 1: target_y=3.00, y=-2.95, dy=5.95, yaw_err=-0.068
[INFO] [1778714542.355122249] [final_warehouse_scan_node]: WARNING: x drift 0.20m from centerline. Stopping before rack entry.
[INFO] [1778714542.406194169] [final_warehouse_scan_node]: Drive to row 1: target_y=3.00, y=-2.95, dy=5.95, yaw_err=-0.068
[INFO] [1778714542.415165442] [final_warehouse_scan_node]: WARNING: x drift 0.20m from centerline. Stopping before rack entry.
[INFO] [1778714542.450396404] [final_warehouse_scan_node]: Drive to row 1: target_y=3.00, y=-2.95, dy=5.95, yaw_err=-0.068
[INFO] [1778714542.465054187] [final_warehouse_scan_node]: WARNING: x drift 0.20m from centerline. Stopping before rack entry.
[INFO] [1778714542.507448576] [final_warehouse_scan_node]: Drive to row 1: target_y=3.00, y=-2.95, dy=5.95, yaw_err=-0.068
[INFO] [1778714542.523590971] [final_warehouse_scan_node]: WARNING: x drift 0.20m from centerline. Stopping before rack entry.
[INFO] [1778714542.550151476] [final_warehouse_scan_node]: Drive to row 1: target_y=3.00, y=-2.95, dy=5.95, yaw_err=-0.068
[INFO] [1778714542.555553419] [final_warehouse_scan_node]: WARNING: x drift 0.20m from centerline. Stopping before rack entry.
[INFO] [1778714542.603632041] [final_warehouse_scan_node]: Drive to row 1: target_y=3.00, y=-2.95, dy=5.95, yaw_err=-0.068
[INFO] [1778714542.607814268] [final_warehouse_scan_node]: WARNING: x drift 0.20m from centerline. Stopping before rack entry.
[INFO] [1778714542.656384143] [final_warehouse_scan_node]: Drive to row 1: target_y=3.00, y=-2.95, dy=5.95, yaw_err=-0.068
[INFO] [1778714542.663648741] [final_warehouse_scan_node]: WARNING: x drift 0.20m from centerline. Stopping before rack entry.
[INFO] [1778714542.705095013] [final_warehouse_scan_node]: Drive to row 1: target_y=3.00, y=-2.95, dy=5.95, yaw_err=-0.068
[INFO] [1778714542.720465546] [final_warehouse_scan_node]: WARNING: x drift 0.20m from centerline. Stopping before rack entry.
[INFO] [1778714542.750815281] [final_warehouse_scan_node]: Drive to row 1: target_y=3.00, y=-2.95, dy=5.95, yaw_err=-0.068
[INFO] [1778714542.767136790] [final_warehouse_scan_node]: WARNING: x drift 0.20m from centerline. Stopping before rack entry.
[INFO] [1778714542.804926749] [final_warehouse_scan_node]: Drive to row 1: target_y=3.00, y=-2.95, dy=5.95, yaw_err=-0.068
[INFO] [1778714542.811160121] [final_warehouse_scan_node]: WARNING: x drift 0.20m from centerline. Stopping before rack entry.
[INFO] [1778714542.856928474] [final_warehouse_scan_node]: Drive to row 1: target_y=3.00, y=-2.95, dy=5.95, yaw_err=-0.068
[INFO] [1778714542.863446021] [final_warehouse_scan_node]: WARNING: x drift 0.20m from centerline. Stopping before rack entry.
[INFO] [1778714542.917669940] [final_warehouse_scan_node]: Drive to row 1: target_y=3.00, y=-2.95, dy=5.95, yaw_err=-0.068
[INFO] [1778714542.927762317] [final_warehouse_scan_node]: WARNING: x drift 0.20m from centerline. Stopping before rack entry.
[INFO] [1778714542.952539851] [final_warehouse_scan_node]: Drive to row 1: target_y=3.00, y=-2.95, dy=5.95, yaw_err=-0.068
[INFO] [1778714542.961168753] [final_warehouse_scan_node]: WARNING: x drift 0.20m from centerline. Stopping before rack entry.
[INFO] [1778714543.019205271] [final_warehouse_scan_node]: Drive to row 1: target_y=3.00, y=-2.95, dy=5.95, yaw_err=-0.068
[INFO] [1778714543.047616197] [final_warehouse_scan_node]: WARNING: x drift 0.20m from centerline. Stopping before rack entry.
[INFO] [1778714543.055609299] [final_warehouse_scan_node]: Drive to row 1: target_y=3.00, y=-2.95, dy=5.95, yaw_err=-0.068
[INFO] [1778714543.063620217] [final_warehouse_scan_node]: WARNING: x drift 0.20m from centerline. Stopping before rack entry.
[INFO] [1778714543.109766022] [final_warehouse_scan_node]: Drive to row 1: target_y=3.00, y=-2.95, dy=5.95, yaw_err=-0.068
[INFO] [1778714543.128181767] [final_warehouse_scan_node]: WARNING: x drift 0.20m from centerline. Stopping before rack entry.
[INFO] [1778714543.153667325] [final_warehouse_scan_node]: Drive to row 1: target_y=3.00, y=-2.95, dy=5.95, yaw_err=-0.068
[INFO] [1778714543.162337853] [final_warehouse_scan_node]: WARNING: x drift 0.20m from centerline. Stopping before rack entry.
[INFO] [1778714543.213896145] [final_warehouse_scan_node]: Drive to row 1: target_y=3.00, y=-2.95, dy=5.95, yaw_err=-0.068
[INFO] [1778714543.221618125] [final_warehouse_scan_node]: WARNING: x drift 0.20m from centerline. Stopping before rack entry.
[INFO] [1778714543.252642742] [final_warehouse_scan_node]: Drive to row 1: target_y=3.00, y=-2.95, dy=5.95, yaw_err=-0.068
[INFO] [1778714543.276572693] [final_warehouse_scan_node]: WARNING: x drift 0.20m from centerline. Stopping before rack entry.
[INFO] [1778714543.303005867] [final_warehouse_scan_node]: Drive to row 1: target_y=3.00, y=-2.95, dy=5.95, yaw_err=-0.068
[INFO] [1778714543.310832041] [final_warehouse_scan_node]: WARNING: x drift 0.20m from centerline. Stopping before rack entry.
[INFO] [1778714543.356858360] [final_warehouse_scan_node]: Drive to row 1: target_y=3.00, y=-2.95, dy=5.95, yaw_err=-0.068
[INFO] [1778714543.367246323] [final_warehouse_scan_node]: WARNING: x drift 0.20m from centerline. Stopping before rack entry.
[INFO] [1778714543.401252092] [final_warehouse_scan_node]: Drive to row 1: target_y=3.00, y=-2.95, dy=5.95, yaw_err=-0.068
[INFO] [1778714543.407702065] [final_warehouse_scan_node]: WARNING: x drift 0.20m from centerline. Stopping before rack entry.
[INFO] [1778714543.453001686] [final_warehouse_scan_node]: Drive to row 1: target_y=3.00, y=-2.95, dy=5.95, yaw_err=-0.068
[INFO] [1778714543.460825446] [final_warehouse_scan_node]: WARNING: x drift 0.20m from centerline. Stopping before rack entry.
[INFO] [1778714543.512891776] [final_warehouse_scan_node]: Drive to row 1: target_y=3.00, y=-2.95, dy=5.95, yaw_err=-0.068
[INFO] [1778714543.527787681] [final_warehouse_scan_node]: WARNING: x drift 0.20m from centerline. Stopping before rack entry.
[INFO] [1778714543.552324281] [final_warehouse_scan_node]: Drive to row 1: target_y=3.00, y=-2.95, dy=5.95, yaw_err=-0.068
[INFO] [1778714543.558713502] [final_warehouse_scan_node]: WARNING: x drift 0.20m from centerline. Stopping before rack entry.
[INFO] [1778714543.607071204] [final_warehouse_scan_node]: Drive to row 1: target_y=3.00, y=-2.95, dy=5.95, yaw_err=-0.068
[INFO] [1778714543.615360414] [final_warehouse_scan_node]: WARNING: x drift 0.20m from centerline. Stopping before rack entry.
[INFO] [1778714543.656734649] [final_warehouse_scan_node]: Drive to row 1: target_y=3.00, y=-2.95, dy=5.95, yaw_err=-0.068
[INFO] [1778714543.668352420] [final_warehouse_scan_node]: WARNING: x drift 0.20m from centerline. Stopping before rack entry.
[INFO] [1778714543.701615667] [final_warehouse_scan_node]: Drive to row 1: target_y=3.00, y=-2.95, dy=5.95, yaw_err=-0.068
[INFO] [1778714543.716137758] [final_warehouse_scan_node]: WARNING: x drift 0.20m from centerline. Stopping before rack entry.
[INFO] [1778714543.751097184] [final_warehouse_scan_node]: Drive to row 1: target_y=3.00, y=-2.95, dy=5.95, yaw_err=-0.068
[INFO] [1778714543.759026655] [final_warehouse_scan_node]: WARNING: x drift 0.20m from centerline. Stopping before rack entry.
[INFO] [1778714543.806404835] [final_warehouse_scan_node]: Drive to row 1: target_y=3.00, y=-2.95, dy=5.95, yaw_err=-0.068
[INFO] [1778714543.813887977] [final_warehouse_scan_node]: WARNING: x drift 0.20m from centerline. Stopping before rack entry.
[INFO] [1778714543.852029100] [final_warehouse_scan_node]: Drive to row 1: target_y=3.00, y=-2.95, dy=5.95, yaw_err=-0.068
[INFO] [1778714543.858545331] [final_warehouse_scan_node]: WARNING: x drift 0.20m from centerline. Stopping before rack entry.
[INFO] [1778714543.901633122] [final_warehouse_scan_node]: Drive to row 1: target_y=3.00, y=-2.95, dy=5.95, yaw_err=-0.068
[INFO] [1778714543.907783260] [final_warehouse_scan_node]: WARNING: x drift 0.20m from centerline. Stopping before rack entry.
[INFO] [1778714543.956636844] [final_warehouse_scan_node]: Drive to row 1: target_y=3.00, y=-2.95, dy=5.95, yaw_err=-0.068
[INFO] [1778714543.966563458] [final_warehouse_scan_node]: WARNING: x drift 0.20m from centerline. Stopping before rack entry.
[INFO] [1778714544.001749704] [final_warehouse_scan_node]: Drive to row 1: target_y=3.00, y=-2.95, dy=5.95, yaw_err=-0.068
[INFO] [1778714544.007290352] [final_warehouse_scan_node]: WARNING: x drift 0.20m from centerline. Stopping before rack entry.
[INFO] [1778714544.054774260] [final_warehouse_scan_node]: Drive to row 1: target_y=3.00, y=-2.95, dy=5.95, yaw_err=-0.068
[INFO] [1778714544.062296551] [final_warehouse_scan_node]: WARNING: x drift 0.20m from centerline. Stopping before rack entry.
[INFO] [1778714544.102048503] [final_warehouse_scan_node]: Drive to row 1: target_y=3.00, y=-2.95, dy=5.95, yaw_err=-0.068
[INFO] [1778714544.109817572] [final_warehouse_scan_node]: WARNING: x drift 0.20m from centerline. Stopping before rack entry.
[INFO] [1778714544.164795929] [final_warehouse_scan_node]: Drive to row 1: target_y=3.00, y=-2.95, dy=5.95, yaw_err=-0.068
[INFO] [1778714544.177832202] [final_warehouse_scan_node]: WARNING: x drift 0.20m from centerline. Stopping before rack entry.
[INFO] [1778714544.203381922] [final_warehouse_scan_node]: Drive to row 1: target_y=3.00, y=-2.95, dy=5.95, yaw_err=-0.068
[INFO] [1778714544.210220515] [final_warehouse_scan_node]: WARNING: x drift 0.20m from centerline. Stopping before rack entry.
[INFO] [1778714544.252477098] [final_warehouse_scan_node]: Drive to row 1: target_y=3.00, y=-2.95, dy=5.95, yaw_err=-0.068
[INFO] [1778714544.257367319] [final_warehouse_scan_node]: WARNING: x drift 0.20m from centerline. Stopping before rack entry.
[INFO] [1778714544.303582556] [final_warehouse_scan_node]: Drive to row 1: target_y=3.00, y=-2.95, dy=5.95, yaw_err=-0.068
[INFO] [1778714544.314367837] [final_warehouse_scan_node]: WARNING: x drift 0.20m from centerline. Stopping before rack entry.
[INFO] [1778714544.350174328] [final_warehouse_scan_node]: Drive to row 1: target_y=3.00, y=-2.95, dy=5.95, yaw_err=-0.068
[INFO] [1778714544.362759348] [final_warehouse_scan_node]: WARNING: x drift 0.20m from centerline. Stopping before rack entry.
[INFO] [1778714544.402334768] [final_warehouse_scan_node]: Drive to row 1: target_y=3.00, y=-2.95, dy=5.95, yaw_err=-0.068
[INFO] [1778714544.408520385] [final_warehouse_scan_node]: WARNING: x drift 0.20m from centerline. Stopping before rack entry.
[INFO] [1778714544.448880959] [final_warehouse_scan_node]: Drive to row 1: target_y=3.00, y=-2.95, dy=5.95, yaw_err=-0.068
[INFO] [1778714544.459063420] [final_warehouse_scan_node]: WARNING: x drift 0.20m from centerline. Stopping before rack entry.
[INFO] [1778714544.499403410] [final_warehouse_scan_node]: Drive to row 1: target_y=3.00, y=-2.95, dy=5.95, yaw_err=-0.068
[INFO] [1778714544.506180194] [final_warehouse_scan_node]: WARNING: x drift 0.20m from centerline. Stopping before rack entry.
[INFO] [1778714544.551856180] [final_warehouse_scan_node]: Drive to row 1: target_y=3.00, y=-2.95, dy=5.95, yaw_err=-0.068
[INFO] [1778714544.556882126] [final_warehouse_scan_node]: WARNING: x drift 0.20m from centerline. Stopping before rack entry.
[INFO] [1778714544.612169254] [final_warehouse_scan_node]: Drive to row 1: target_y=3.00, y=-2.95, dy=5.95, yaw_err=-0.068
[INFO] [1778714544.618982432] [final_warehouse_scan_node]: WARNING: x drift 0.20m from centerline. Stopping before rack entry.
[INFO] [1778714544.662536044] [final_warehouse_scan_node]: Drive to row 1: target_y=3.00, y=-2.95, dy=5.95, yaw_err=-0.068
[INFO] [1778714544.674737024] [final_warehouse_scan_node]: WARNING: x drift 0.20m from centerline. Stopping before rack entry.
[INFO] [1778714544.701610552] [final_warehouse_scan_node]: Drive to row 1: target_y=3.00, y=-2.95, dy=5.95, yaw_err=-0.068
[INFO] [1778714544.719788494] [final_warehouse_scan_node]: WARNING: x drift 0.20m from centerline. Stopping before rack entry.
[INFO] [1778714544.750331729] [final_warehouse_scan_node]: Drive to row 1: target_y=3.00, y=-2.95, dy=5.95, yaw_err=-0.068
[INFO] [1778714544.757247953] [final_warehouse_scan_node]: WARNING: x drift 0.20m from centerline. Stopping before rack entry.
[INFO] [1778714544.808194226] [final_warehouse_scan_node]: Drive to row 1: target_y=3.00, y=-2.95, dy=5.95, yaw_err=-0.068
[INFO] [1778714544.816537232] [final_warehouse_scan_node]: WARNING: x drift 0.20m from centerline. Stopping before rack entry.
[INFO] [1778714544.857091966] [final_warehouse_scan_node]: Drive to row 1: target_y=3.00, y=-2.95, dy=5.95, yaw_err=-0.068
[INFO] [1778714544.867483098] [final_warehouse_scan_node]: WARNING: x drift 0.20m from centerline. Stopping before rack entry.
[INFO] [1778714544.899899933] [final_warehouse_scan_node]: Drive to row 1: target_y=3.00, y=-2.95, dy=5.95, yaw_err=-0.068
[INFO] [1778714544.906966828] [final_warehouse_scan_node]: WARNING: x drift 0.20m from centerline. Stopping before rack entry.
[INFO] [1778714544.953156680] [final_warehouse_scan_node]: Drive to row 1: target_y=3.00, y=-2.95, dy=5.95, yaw_err=-0.068
[INFO] [1778714544.958837159] [final_warehouse_scan_node]: WARNING: x drift 0.20m from centerline. Stopping before rack entry.
[INFO] [1778714545.005081071] [final_warehouse_scan_node]: Drive to row 1: target_y=3.00, y=-2.95, dy=5.95, yaw_err=-0.068
[INFO] [1778714545.010633516] [final_warehouse_scan_node]: WARNING: x drift 0.20m from centerline. Stopping before rack entry.
[INFO] [1778714545.055953715] [final_warehouse_scan_node]: Drive to row 1: target_y=3.00, y=-2.95, dy=5.95, yaw_err=-0.068
[INFO] [1778714545.064506571] [final_warehouse_scan_node]: WARNING: x drift 0.20m from centerline. Stopping before rack entry.
[INFO] [1778714545.107362324] [final_warehouse_scan_node]: Drive to row 1: target_y=3.00, y=-2.95, dy=5.95, yaw_err=-0.068
[INFO] [1778714545.114037345] [final_warehouse_scan_node]: WARNING: x drift 0.20m from centerline. Stopping before rack entry.
[INFO] [1778714545.148719059] [final_warehouse_scan_node]: Drive to row 1: target_y=3.00, y=-2.95, dy=5.95, yaw_err=-0.068
[INFO] [1778714545.155742453] [final_warehouse_scan_node]: WARNING: x drift 0.20m from centerline. Stopping before rack entry.
[INFO] [1778714545.199117351] [final_warehouse_scan_node]: Drive to row 1: target_y=3.00, y=-2.95, dy=5.95, yaw_err=-0.068
[INFO] [1778714545.207312837] [final_warehouse_scan_node]: WARNING: x drift 0.20m from centerline. Stopping before rack entry.
[INFO] [1778714545.259508436] [final_warehouse_scan_node]: Drive to row 1: target_y=3.00, y=-2.95, dy=5.95, yaw_err=-0.068
[INFO] [1778714545.265427865] [final_warehouse_scan_node]: WARNING: x drift 0.20m from centerline. Stopping before rack entry.
[INFO] [1778714545.305073537] [final_warehouse_scan_node]: Drive to row 1: target_y=3.00, y=-2.95, dy=5.95, yaw_err=-0.068
[INFO] [1778714545.309855509] [final_warehouse_scan_node]: WARNING: x drift 0.20m from centerline. Stopping before rack entry.
[INFO] [1778714545.349717575] [final_warehouse_scan_node]: Drive to row 1: target_y=3.00, y=-2.95, dy=5.95, yaw_err=-0.068
[INFO] [1778714545.357363391] [final_warehouse_scan_node]: WARNING: x drift 0.20m from centerline. Stopping before rack entry.
[INFO] [1778714545.400482355] [final_warehouse_scan_node]: Drive to row 1: target_y=3.00, y=-2.95, dy=5.95, yaw_err=-0.068
[INFO] [1778714545.407742670] [final_warehouse_scan_node]: WARNING: x drift 0.20m from centerline. Stopping before rack entry.
[INFO] [1778714545.458673367] [final_warehouse_scan_node]: Drive to row 1: target_y=3.00, y=-2.95, dy=5.95, yaw_err=-0.068
[INFO] [1778714545.468136907] [final_warehouse_scan_node]: WARNING: x drift 0.20m from centerline. Stopping before rack entry.
[INFO] [1778714545.507786977] [final_warehouse_scan_node]: Drive to row 1: target_y=3.00, y=-2.95, dy=5.95, yaw_err=-0.068
[INFO] [1778714545.514676160] [final_warehouse_scan_node]: WARNING: x drift 0.20m from centerline. Stopping before rack entry.
[INFO] [1778714545.547948818] [final_warehouse_scan_node]: Drive to row 1: target_y=3.00, y=-2.95, dy=5.95, yaw_err=-0.068
[INFO] [1778714545.554547271] [final_warehouse_scan_node]: WARNING: x drift 0.20m from centerline. Stopping before rack entry.
[INFO] [1778714545.597935433] [final_warehouse_scan_node]: Drive to row 1: target_y=3.00, y=-2.95, dy=5.95, yaw_err=-0.068
[INFO] [1778714545.605169750] [final_warehouse_scan_node]: WARNING: x drift 0.20m from centerline. Stopping before rack entry.
[INFO] [1778714545.648186154] [final_warehouse_scan_node]: Drive to row 1: target_y=3.00, y=-2.95, dy=5.95, yaw_err=-0.068
[INFO] [1778714545.654435885] [final_warehouse_scan_node]: WARNING: x drift 0.20m from centerline. Stopping before rack entry.
[INFO] [1778714545.707718707] [final_warehouse_scan_node]: Drive to row 1: target_y=3.00, y=-2.95, dy=5.95, yaw_err=-0.068
[INFO] [1778714545.714500782] [final_warehouse_scan_node]: WARNING: x drift 0.20m from centerline. Stopping before rack entry.
[INFO] [1778714545.750919307] [final_warehouse_scan_node]: Drive to row 1: target_y=3.00, y=-2.95, dy=5.95, yaw_err=-0.068
[INFO] [1778714545.764195862] [final_warehouse_scan_node]: WARNING: x drift 0.20m from centerline. Stopping before rack entry.
[INFO] [1778714545.801589797] [final_warehouse_scan_node]: Drive to row 1: target_y=3.00, y=-2.95, dy=5.95, yaw_err=-0.068
[INFO] [1778714545.808586123] [final_warehouse_scan_node]: WARNING: x drift 0.20m from centerline. Stopping before rack entry.
[INFO] [1778714545.854356934] [final_warehouse_scan_node]: Drive to row 1: target_y=3.00, y=-2.95, dy=5.95, yaw_err=-0.068
[INFO] [1778714545.860949118] [final_warehouse_scan_node]: WARNING: x drift 0.20m from centerline. Stopping before rack entry.
[INFO] [1778714545.901837275] [final_warehouse_scan_node]: Drive to row 1: target_y=3.00, y=-2.95, dy=5.95, yaw_err=-0.068
[INFO] [1778714545.914144726] [final_warehouse_scan_node]: WARNING: x drift 0.20m from centerline. Stopping before rack entry.
[INFO] [1778714545.954555554] [final_warehouse_scan_node]: Drive to row 1: target_y=3.00, y=-2.95, dy=5.95, yaw_err=-0.068
[INFO] [1778714545.960010618] [final_warehouse_scan_node]: WARNING: x drift 0.20m from centerline. Stopping before rack entry.
[INFO] [1778714545.997055650] [final_warehouse_scan_node]: Drive to row 1: target_y=3.00, y=-2.95, dy=5.95, yaw_err=-0.068
[INFO] [1778714546.002153325] [final_warehouse_scan_node]: WARNING: x drift 0.20m from centerline. Stopping before rack entry.
[INFO] [1778714546.048946522] [final_warehouse_scan_node]: Drive to row 1: target_y=3.00, y=-2.95, dy=5.95, yaw_err=-0.068
[INFO] [1778714546.055700840] [final_warehouse_scan_node]: WARNING: x drift 0.20m from centerline. Stopping before rack entry.
[INFO] [1778714546.100015793] [final_warehouse_scan_node]: Drive to row 1: target_y=3.00, y=-2.95, dy=5.95, yaw_err=-0.068
[INFO] [1778714546.106991551] [final_warehouse_scan_node]: WARNING: x drift 0.20m from centerline. Stopping before rack entry.
[INFO] [1778714546.149005511] [final_warehouse_scan_node]: Drive to row 1: target_y=3.00, y=-2.95, dy=5.95, yaw_err=-0.068
[INFO] [1778714546.154567666] [final_warehouse_scan_node]: WARNING: x drift 0.20m from centerline. Stopping before rack entry.
[INFO] [1778714546.204657665] [final_warehouse_scan_node]: Drive to row 1: target_y=3.00, y=-2.95, dy=5.95, yaw_err=-0.068
[INFO] [1778714546.212632951] [final_warehouse_scan_node]: WARNING: x drift 0.20m from centerline. Stopping before rack entry.
[INFO] [1778714546.252529178] [final_warehouse_scan_node]: Drive to row 1: target_y=3.00, y=-2.95, dy=5.95, yaw_err=-0.068
[INFO] [1778714546.265746216] [final_warehouse_scan_node]: WARNING: x drift 0.20m from centerline. Stopping before rack entry.
[INFO] [1778714546.297306953] [final_warehouse_scan_node]: Drive to row 1: target_y=3.00, y=-2.95, dy=5.95, yaw_err=-0.068
[INFO] [1778714546.307036606] [final_warehouse_scan_node]: WARNING: x drift 0.20m from centerline. Stopping before rack entry.
[INFO] [1778714546.348718470] [final_warehouse_scan_node]: Drive to row 1: target_y=3.00, y=-2.95, dy=5.95, yaw_err=-0.068
[INFO] [1778714546.356305301] [final_warehouse_scan_node]: WARNING: x drift 0.20m from centerline. Stopping before rack entry.
[INFO] [1778714546.404373144] [final_warehouse_scan_node]: Drive to row 1: target_y=3.00, y=-2.95, dy=5.95, yaw_err=-0.068
[INFO] [1778714546.410149919] [final_warehouse_scan_node]: WARNING: x drift 0.20m from centerline. Stopping before rack entry.
[INFO] [1778714546.450040181] [final_warehouse_scan_node]: Drive to row 1: target_y=3.00, y=-2.95, dy=5.95, yaw_err=-0.068
[INFO] [1778714546.457857673] [final_warehouse_scan_node]: WARNING: x drift 0.20m from centerline. Stopping before rack entry.
[INFO] [1778714546.505948367] [final_warehouse_scan_node]: Drive to row 1: target_y=3.00, y=-2.95, dy=5.95, yaw_err=-0.068
[INFO] [1778714546.515630706] [final_warehouse_scan_node]: WARNING: x drift 0.20m from centerline. Stopping before rack entry.
[INFO] [1778714546.559401483] [final_warehouse_scan_node]: Drive to row 1: target_y=3.00, y=-2.95, dy=5.95, yaw_err=-0.068
[INFO] [1778714546.566816487] [final_warehouse_scan_node]: WARNING: x drift 0.20m from centerline. Stopping before rack entry.
[INFO] [1778714546.608364077] [final_warehouse_scan_node]: Drive to row 1: target_y=3.00, y=-2.95, dy=5.95, yaw_err=-0.068
[INFO] [1778714546.617440691] [final_warehouse_scan_node]: WARNING: x drift 0.20m from centerline. Stopping before rack entry.
[INFO] [1778714546.647649723] [final_warehouse_scan_node]: Drive to row 1: target_y=3.00, y=-2.95, dy=5.95, yaw_err=-0.068
[INFO] [1778714546.657210244] [final_warehouse_scan_node]: WARNING: x drift 0.20m from centerline. Stopping before rack entry.
[INFO] [1778714546.699103035] [final_warehouse_scan_node]: Drive to row 1: target_y=3.00, y=-2.95, dy=5.95, yaw_err=-0.068
[INFO] [1778714546.706407357] [final_warehouse_scan_node]: WARNING: x drift 0.20m from centerline. Stopping before rack entry.
[INFO] [1778714546.752884553] [final_warehouse_scan_node]: Drive to row 1: target_y=3.00, y=-2.95, dy=5.95, yaw_err=-0.068
[INFO] [1778714546.762436961] [final_warehouse_scan_node]: WARNING: x drift 0.20m from centerline. Stopping before rack entry.
[INFO] [1778714546.810831678] [final_warehouse_scan_node]: Drive to row 1: target_y=3.00, y=-2.95, dy=5.95, yaw_err=-0.068
[INFO] [1778714546.823707071] [final_warehouse_scan_node]: WARNING: x drift 0.20m from centerline. Stopping before rack entry.
[INFO] [1778714546.849383372] [final_warehouse_scan_node]: Drive to row 1: target_y=3.00, y=-2.95, dy=5.95, yaw_err=-0.068
[INFO] [1778714546.868400956] [final_warehouse_scan_node]: WARNING: x drift 0.20m from centerline. Stopping before rack entry.
[INFO] [1778714546.898982280] [final_warehouse_scan_node]: Drive to row 1: target_y=3.00, y=-2.95, dy=5.95, yaw_err=-0.068
[INFO] [1778714546.906765373] [final_warehouse_scan_node]: WARNING: x drift 0.20m from centerline. Stopping before rack entry.
[INFO] [1778714546.953542716] [final_warehouse_scan_node]: Drive to row 1: target_y=3.00, y=-2.95, dy=5.95, yaw_err=-0.068
[INFO] [1778714546.963202007] [final_warehouse_scan_node]: WARNING: x drift 0.20m from centerline. Stopping before rack entry.
[INFO] [1778714547.013901578] [final_warehouse_scan_node]: Drive to row 1: target_y=3.00, y=-2.95, dy=5.95, yaw_err=-0.068
[INFO] [1778714547.030993501] [final_warehouse_scan_node]: WARNING: x drift 0.20m from centerline. Stopping before rack entry.
[INFO] [1778714547.050828105] [final_warehouse_scan_node]: Drive to row 1: target_y=3.00, y=-2.95, dy=5.95, yaw_err=-0.068
[INFO] [1778714547.059094601] [final_warehouse_scan_node]: WARNING: x drift 0.20m from centerline. Stopping before rack entry.
[INFO] [1778714547.101347133] [final_warehouse_scan_node]: Drive to row 1: target_y=3.00, y=-2.95, dy=5.95, yaw_err=-0.068
[INFO] [1778714547.108454764] [final_warehouse_scan_node]: WARNING: x drift 0.20m from centerline. Stopping before rack entry.
[INFO] [1778714547.157847301] [final_warehouse_scan_node]: Drive to row 1: target_y=3.00, y=-2.95, dy=5.95, yaw_err=-0.068
[INFO] [1778714547.165612867] [final_warehouse_scan_node]: WARNING: x drift 0.20m from centerline. Stopping before rack entry.
[INFO] [1778714547.199108599] [final_warehouse_scan_node]: Drive to row 1: target_y=3.00, y=-2.95, dy=5.95, yaw_err=-0.068
[INFO] [1778714547.207639881] [final_warehouse_scan_node]: WARNING: x drift 0.20m from centerline. Stopping before rack entry.
[INFO] [1778714547.248725919] [final_warehouse_scan_node]: Drive to row 1: target_y=3.00, y=-2.95, dy=5.95, yaw_err=-0.068
[INFO] [1778714547.253903689] [final_warehouse_scan_node]: WARNING: x drift 0.20m from centerline. Stopping before rack entry.
[INFO] [1778714547.298903077] [final_warehouse_scan_node]: Drive to row 1: target_y=3.00, y=-2.95, dy=5.95, yaw_err=-0.068
[INFO] [1778714547.304896395] [final_warehouse_scan_node]: WARNING: x drift 0.20m from centerline. Stopping before rack entry.
[INFO] [1778714547.350324339] [final_warehouse_scan_node]: Drive to row 1: target_y=3.00, y=-2.95, dy=5.95, yaw_err=-0.068
[INFO] [1778714547.362679516] [final_warehouse_scan_node]: WARNING: x drift 0.20m from centerline. Stopping before rack entry.
[INFO] [1778714547.405854914] [final_warehouse_scan_node]: Drive to row 1: target_y=3.00, y=-2.95, dy=5.95, yaw_err=-0.068
[INFO] [1778714547.416756035] [final_warehouse_scan_node]: WARNING: x drift 0.20m from centerline. Stopping before rack entry.
[INFO] [1778714547.451914194] [final_warehouse_scan_node]: Drive to row 1: target_y=3.00, y=-2.95, dy=5.95, yaw_err=-0.068
[INFO] [1778714547.459417837] [final_warehouse_scan_node]: WARNING: x drift 0.20m from centerline. Stopping before rack entry.
[INFO] [1778714547.498921470] [final_warehouse_scan_node]: Drive to row 1: target_y=3.00, y=-2.95, dy=5.95, yaw_err=-0.068
[INFO] [1778714547.504334334] [final_warehouse_scan_node]: WARNING: x drift 0.20m from centerline. Stopping before rack entry.
[INFO] [1778714547.551859537] [final_warehouse_scan_node]: Drive to row 1: target_y=3.00, y=-2.95, dy=5.95, yaw_err=-0.068
[INFO] [1778714547.558676139] [final_warehouse_scan_node]: WARNING: x drift 0.20m from centerline. Stopping before rack entry.
[INFO] [1778714547.602595772] [final_warehouse_scan_node]: Drive to row 1: target_y=3.00, y=-2.95, dy=5.95, yaw_err=-0.068
[INFO] [1778714547.610586888] [final_warehouse_scan_node]: WARNING: x drift 0.20m from centerline. Stopping before rack entry.
[INFO] [1778714547.649961880] [final_warehouse_scan_node]: Drive to row 1: target_y=3.00, y=-2.95, dy=5.95, yaw_err=-0.068
[INFO] [1778714547.665519236] [final_warehouse_scan_node]: WARNING: x drift 0.20m from centerline. Stopping before rack entry.
[INFO] [1778714547.709766658] [final_warehouse_scan_node]: Drive to row 1: target_y=3.00, y=-2.95, dy=5.95, yaw_err=-0.068
[INFO] [1778714547.721997274] [final_warehouse_scan_node]: WARNING: x drift 0.20m from centerline. Stopping before rack entry.
[INFO] [1778714547.748487400] [final_warehouse_scan_node]: Drive to row 1: target_y=3.00, y=-2.95, dy=5.95, yaw_err=-0.068
[INFO] [1778714547.752936750] [final_warehouse_scan_node]: WARNING: x drift 0.20m from centerline. Stopping before rack entry.
[INFO] [1778714547.798358395] [final_warehouse_scan_node]: Drive to row 1: target_y=3.00, y=-2.95, dy=5.95, yaw_err=-0.068
[INFO] [1778714547.803181441] [final_warehouse_scan_node]: WARNING: x drift 0.20m from centerline. Stopping before rack entry.
[INFO] [1778714547.851915778] [final_warehouse_scan_node]: Drive to row 1: target_y=3.00, y=-2.95, dy=5.95, yaw_err=-0.068
[INFO] [1778714547.859506468] [final_warehouse_scan_node]: WARNING: x drift 0.20m from centerline. Stopping before rack entry.
[INFO] [1778714547.904398464] [final_warehouse_scan_node]: Drive to row 1: target_y=3.00, y=-2.95, dy=5.95, yaw_err=-0.068
[INFO] [1778714547.910610334] [final_warehouse_scan_node]: WARNING: x drift 0.20m from centerline. Stopping before rack entry.
[INFO] [1778714547.951272539] [final_warehouse_scan_node]: Drive to row 1: target_y=3.00, y=-2.95, dy=5.95, yaw_err=-0.068
[INFO] [1778714547.965520980] [final_warehouse_scan_node]: WARNING: x drift 0.20m from centerline. Stopping before rack entry.
[INFO] [1778714548.000486822] [final_warehouse_scan_node]: Drive to row 1: target_y=3.00, y=-2.95, dy=5.95, yaw_err=-0.068
[INFO] [1778714548.007510353] [final_warehouse_scan_node]: WARNING: x drift 0.20m from centerline. Stopping before rack entry.
[INFO] [1778714548.048847904] [final_warehouse_scan_node]: Drive to row 1: target_y=3.00, y=-2.95, dy=5.95, yaw_err=-0.068
[INFO] [1778714548.055646418] [final_warehouse_scan_node]: WARNING: x drift 0.20m from centerline. Stopping before rack entry.
[INFO] [1778714548.103670605] [final_warehouse_scan_node]: Drive to row 1: target_y=3.00, y=-2.95, dy=5.95, yaw_err=-0.068
[INFO] [1778714548.113671156] [final_warehouse_scan_node]: WARNING: x drift 0.20m from centerline. Stopping before rack entry.
[INFO] [1778714548.152348194] [final_warehouse_scan_node]: Drive to row 1: target_y=3.00, y=-2.95, dy=5.95, yaw_err=-0.068
[INFO] [1778714548.166295674] [final_warehouse_scan_node]: WARNING: x drift 0.20m from centerline. Stopping before rack entry.
[INFO] [1778714548.198433181] [final_warehouse_scan_node]: Drive to row 1: target_y=3.00, y=-2.95, dy=5.95, yaw_err=-0.068
[INFO] [1778714548.204331935] [final_warehouse_scan_node]: WARNING: x drift 0.20m from centerline. Stopping before rack entry.
[INFO] [1778714548.248230864] [final_warehouse_scan_node]: Drive to row 1: target_y=3.00, y=-2.95, dy=5.95, yaw_err=-0.068
[INFO] [1778714548.252837799] [final_warehouse_scan_node]: WARNING: x drift 0.20m from centerline. Stopping before rack entry.
[INFO] [1778714548.298829045] [final_warehouse_scan_node]: Drive to row 1: target_y=3.00, y=-2.95, dy=5.95, yaw_err=-0.068
[INFO] [1778714548.302986529] [final_warehouse_scan_node]: WARNING: x drift 0.20m from centerline. Stopping before rack entry.
[INFO] [1778714548.355686675] [final_warehouse_scan_node]: Drive to row 1: target_y=3.00, y=-2.95, dy=5.95, yaw_err=-0.068
[INFO] [1778714548.365013734] [final_warehouse_scan_node]: WARNING: x drift 0.20m from centerline. Stopping before rack entry.
[INFO] [1778714548.398580451] [final_warehouse_scan_node]: Drive to row 1: target_y=3.00, y=-2.95, dy=5.95, yaw_err=-0.068
[INFO] [1778714548.414009132] [final_warehouse_scan_node]: WARNING: x drift 0.20m from centerline. Stopping before rack entry.
[INFO] [1778714548.452000240] [final_warehouse_scan_node]: Drive to row 1: target_y=3.00, y=-2.95, dy=5.95, yaw_err=-0.068
[INFO] [1778714548.459371446] [final_warehouse_scan_node]: WARNING: x drift 0.20m from centerline. Stopping before rack entry.
[INFO] [1778714548.498272197] [final_warehouse_scan_node]: Drive to row 1: target_y=3.00, y=-2.95, dy=5.95, yaw_err=-0.068
[INFO] [1778714548.505339696] [final_warehouse_scan_node]: WARNING: x drift 0.20m from centerline. Stopping before rack entry.
[INFO] [1778714548.548957517] [final_warehouse_scan_node]: Drive to row 1: target_y=3.00, y=-2.95, dy=5.95, yaw_err=-0.068
[INFO] [1778714548.554053793] [final_warehouse_scan_node]: WARNING: x drift 0.20m from centerline. Stopping before rack entry.
[INFO] [1778714548.599010704] [final_warehouse_scan_node]: Drive to row 1: target_y=3.00, y=-2.95, dy=5.95, yaw_err=-0.068
[INFO] [1778714548.605065389] [final_warehouse_scan_node]: WARNING: x drift 0.20m from centerline. Stopping before rack entry.
[INFO] [1778714548.648713357] [final_warehouse_scan_node]: Drive to row 1: target_y=3.00, y=-2.95, dy=5.95, yaw_err=-0.068
[INFO] [1778714548.655584847] [final_warehouse_scan_node]: WARNING: x drift 0.20m from centerline. Stopping before rack entry.
[INFO] [1778714548.704847101] [final_warehouse_scan_node]: Drive to row 1: target_y=3.00, y=-2.95, dy=5.95, yaw_err=-0.068
[INFO] [1778714548.713767965] [final_warehouse_scan_node]: WARNING: x drift 0.20m from centerline. Stopping before rack entry.
[INFO] [1778714548.752317224] [final_warehouse_scan_node]: Drive to row 1: target_y=3.00, y=-2.95, dy=5.95, yaw_err=-0.068
[INFO] [1778714548.767502076] [final_warehouse_scan_node]: WARNING: x drift 0.20m from centerline. Stopping before rack entry.
[INFO] [1778714548.801105332] [final_warehouse_scan_node]: Drive to row 1: target_y=3.00, y=-2.95, dy=5.95, yaw_err=-0.068
[INFO] [1778714548.810545298] [final_warehouse_scan_node]: WARNING: x drift 0.20m from centerline. Stopping before rack entry.
[INFO] [1778714548.848679345] [final_warehouse_scan_node]: Drive to row 1: target_y=3.00, y=-2.95, dy=5.95, yaw_err=-0.068
[INFO] [1778714548.855513986] [final_warehouse_scan_node]: WARNING: x drift 0.20m from centerline. Stopping before rack entry.
[INFO] [1778714548.906233319] [final_warehouse_scan_node]: Drive to row 1: target_y=3.00, y=-2.95, dy=5.95, yaw_err=-0.068
[INFO] [1778714548.912630062] [final_warehouse_scan_node]: WARNING: x drift 0.20m from centerline. Stopping before rack entry.
[INFO] [1778714548.958003938] [final_warehouse_scan_node]: Drive to row 1: target_y=3.00, y=-2.95, dy=5.95, yaw_err=-0.068
[INFO] [1778714548.970779483] [final_warehouse_scan_node]: WARNING: x drift 0.20m from centerline. Stopping before rack entry.
[INFO] [1778714549.000901552] [final_warehouse_scan_node]: Drive to row 1: target_y=3.00, y=-2.95, dy=5.95, yaw_err=-0.068
[INFO] [1778714549.142497631] [final_warehouse_scan_node]: WARNING: x drift 0.20m from centerline. Stopping before rack entry.
[INFO] [1778714549.160234771] [final_warehouse_scan_node]: Drive to row 1: target_y=3.00, y=-2.95, dy=5.95, yaw_err=-0.068
[INFO] [1778714549.171682975] [final_warehouse_scan_node]: WARNING: x drift 0.20m from centerline. Stopping before rack entry.
[INFO] [1778714549.223672912] [final_warehouse_scan_node]: Drive to row 1: target_y=3.00, y=-2.95, dy=5.95, yaw_err=-0.068
[INFO] [1778714549.239667666] [final_warehouse_scan_node]: WARNING: x drift 0.20m from centerline. Stopping before rack entry.
[INFO] [1778714549.251489062] [final_warehouse_scan_node]: Drive to row 1: target_y=3.00, y=-2.95, dy=5.95, yaw_err=-0.068
[INFO] [1778714549.257494793] [final_warehouse_scan_node]: WARNING: x drift 0.20m from centerline. Stopping before rack entry.
[INFO] [1778714549.307651961] [final_warehouse_scan_node]: Drive to row 1: target_y=3.00, y=-2.95, dy=5.95, yaw_err=-0.068
[INFO] [1778714549.315471213] [final_warehouse_scan_node]: WARNING: x drift 0.20m from centerline. Stopping before rack entry.
[INFO] [1778714549.357340501] [final_warehouse_scan_node]: Drive to row 1: target_y=3.00, y=-2.95, dy=5.95, yaw_err=-0.068
[INFO] [1778714549.371752145] [final_warehouse_scan_node]: WARNING: x drift 0.20m from centerline. Stopping before rack entry.
[INFO] [1778714549.401025089] [final_warehouse_scan_node]: Drive to row 1: target_y=3.00, y=-2.95, dy=5.95, yaw_err=-0.068
[INFO] [1778714549.409928064] [final_warehouse_scan_node]: WARNING: x drift 0.20m from centerline. Stopping before rack entry.
[INFO] [1778714549.453191840] [final_warehouse_scan_node]: Drive to row 1: target_y=3.00, y=-2.95, dy=5.95, yaw_err=-0.068
[INFO] [1778714549.459170531] [final_warehouse_scan_node]: WARNING: x drift 0.20m from centerline. Stopping before rack entry.
[INFO] [1778714549.512586384] [final_warehouse_scan_node]: Drive to row 1: target_y=3.00, y=-2.95, dy=5.95, yaw_err=-0.068
[INFO] [1778714549.521094239] [final_warehouse_scan_node]: WARNING: x drift 0.20m from centerline. Stopping before rack entry.
[INFO] [1778714549.637443580] [final_warehouse_scan_node]: Drive to row 1: target_y=3.00, y=-2.95, dy=5.95, yaw_err=-0.068
[INFO] [1778714549.646107191] [final_warehouse_scan_node]: WARNING: x drift 0.20m from centerline. Stopping before rack entry.
[INFO] [1778714549.666654751] [final_warehouse_scan_node]: Drive to row 1: target_y=3.00, y=-2.95, dy=5.95, yaw_err=-0.068
[INFO] [1778714549.672621318] [final_warehouse_scan_node]: WARNING: x drift 0.20m from centerline. Stopping before rack entry.
[INFO] [1778714549.703598834] [final_warehouse_scan_node]: Drive to row 1: target_y=3.00, y=-2.95, dy=5.95, yaw_err=-0.068
[INFO] [1778714549.710109873] [final_warehouse_scan_node]: WARNING: x drift 0.20m from centerline. Stopping before rack entry.
[INFO] [1778714549.751112055] [final_warehouse_scan_node]: Drive to row 1: target_y=3.00, y=-2.95, dy=5.95, yaw_err=-0.068
[INFO] [1778714549.762953872] [final_warehouse_scan_node]: WARNING: x drift 0.20m from centerline. Stopping before rack entry.
[INFO] [1778714549.803799907] [final_warehouse_scan_node]: Drive to row 1: target_y=3.00, y=-2.95, dy=5.95, yaw_err=-0.068
[INFO] [1778714549.814028076] [final_warehouse_scan_node]: WARNING: x drift 0.20m from centerline. Stopping before rack entry.
[INFO] [1778714549.863321167] [final_warehouse_scan_node]: Drive to row 1: target_y=3.00, y=-2.95, dy=5.95, yaw_err=-0.068
[INFO] [1778714549.871213829] [final_warehouse_scan_node]: WARNING: x drift 0.20m from centerline. Stopping before rack entry.
[INFO] [1778714549.902358823] [final_warehouse_scan_node]: Drive to row 1: target_y=3.00, y=-2.95, dy=5.95, yaw_err=-0.068
[INFO] [1778714549.906031666] [final_warehouse_scan_node]: WARNING: x drift 0.20m from centerline. Stopping before rack entry.
[INFO] [1778714549.949696596] [final_warehouse_scan_node]: Drive to row 1: target_y=3.00, y=-2.95, dy=5.95, yaw_err=-0.068
[INFO] [1778714549.953999150] [final_warehouse_scan_node]: WARNING: x drift 0.20m from centerline. Stopping before rack entry.
[INFO] [1778714550.002433163] [final_warehouse_scan_node]: Drive to row 1: target_y=3.00, y=-2.95, dy=5.95, yaw_err=-0.068
[INFO] [1778714550.008842971] [final_warehouse_scan_node]: WARNING: x drift 0.20m from centerline. Stopping before rack entry.
[INFO] [1778714550.054961594] [final_warehouse_scan_node]: Drive to row 1: target_y=3.00, y=-2.95, dy=5.95, yaw_err=-0.068
[INFO] [1778714550.060497741] [final_warehouse_scan_node]: WARNING: x drift 0.20m from centerline. Stopping before rack entry.
[INFO] [1778714550.104674775] [final_warehouse_scan_node]: Drive to row 1: target_y=3.00, y=-2.95, dy=5.95, yaw_err=-0.068
[INFO] [1778714550.111383170] [final_warehouse_scan_node]: WARNING: x drift 0.20m from centerline. Stopping before rack entry.
[INFO] [1778714550.148853087] [final_warehouse_scan_node]: Drive to row 1: target_y=3.00, y=-2.95, dy=5.95, yaw_err=-0.068
[INFO] [1778714550.158280089] [final_warehouse_scan_node]: WARNING: x drift 0.20m from centerline. Stopping before rack entry.
[INFO] [1778714550.199620793] [final_warehouse_scan_node]: Drive to row 1: target_y=3.00, y=-2.95, dy=5.95, yaw_err=-0.068
[INFO] [1778714550.205566848] [final_warehouse_scan_node]: WARNING: x drift 0.20m from centerline. Stopping before rack entry.
[INFO] [1778714550.250990011] [final_warehouse_scan_node]: Drive to row 1: target_y=3.00, y=-2.95, dy=5.95, yaw_err=-0.068
[INFO] [1778714550.257684221] [final_warehouse_scan_node]: WARNING: x drift 0.20m from centerline. Stopping before rack entry.
[INFO] [1778714550.300323841] [final_warehouse_scan_node]: Drive to row 1: target_y=3.00, y=-2.95, dy=5.95, yaw_err=-0.068
[INFO] [1778714550.306118687] [final_warehouse_scan_node]: WARNING: x drift 0.20m from centerline. Stopping before rack entry.
[INFO] [1778714550.358213247] [final_warehouse_scan_node]: Drive to row 1: target_y=3.00, y=-2.95, dy=5.95, yaw_err=-0.068
[INFO] [1778714550.371926673] [final_warehouse_scan_node]: WARNING: x drift 0.20m from centerline. Stopping before rack entry.
[INFO] [1778714550.410238446] [final_warehouse_scan_node]: Drive to row 1: target_y=3.00, y=-2.95, dy=5.95, yaw_err=-0.068
[INFO] [1778714550.424338982] [final_warehouse_scan_node]: WARNING: x drift 0.20m from centerline. Stopping before rack entry.
[INFO] [1778714550.450934785] [final_warehouse_scan_node]: Drive to row 1: target_y=3.00, y=-2.95, dy=5.95, yaw_err=-0.068
[INFO] [1778714550.456081778] [final_warehouse_scan_node]: WARNING: x drift 0.20m from centerline. Stopping before rack entry.
[INFO] [1778714550.499559296] [final_warehouse_scan_node]: Drive to row 1: target_y=3.00, y=-2.95, dy=5.95, yaw_err=-0.068
[INFO] [1778714550.504355418] [final_warehouse_scan_node]: WARNING: x drift 0.20m from centerline. Stopping before rack entry.
[INFO] [1778714550.551947114] [final_warehouse_scan_node]: Drive to row 1: target_y=3.00, y=-2.95, dy=5.95, yaw_err=-0.068
[INFO] [1778714550.557096361] [final_warehouse_scan_node]: WARNING: x drift 0.20m from centerline. Stopping before rack entry.
[INFO] [1778714550.606284932] [final_warehouse_scan_node]: Drive to row 1: target_y=3.00, y=-2.95, dy=5.95, yaw_err=-0.068
[INFO] [1778714550.620994719] [final_warehouse_scan_node]: WARNING: x drift 0.20m from centerline. Stopping before rack entry.
[INFO] [1778714550.648508092] [final_warehouse_scan_node]: Drive to row 1: target_y=3.00, y=-2.95, dy=5.95, yaw_err=-0.068
[INFO] [1778714550.653279667] [final_warehouse_scan_node]: WARNING: x drift 0.20m from centerline. Stopping before rack entry.
[INFO] [1778714550.698916963] [final_warehouse_scan_node]: Drive to row 1: target_y=3.00, y=-2.95, dy=5.95, yaw_err=-0.068
[INFO] [1778714550.705631670] [final_warehouse_scan_node]: WARNING: x drift 0.20m from centerline. Stopping before rack entry.
[INFO] [1778714550.750067463] [final_warehouse_scan_node]: Drive to row 1: target_y=3.00, y=-2.95, dy=5.95, yaw_err=-0.068
[INFO] [1778714550.755986936] [final_warehouse_scan_node]: WARNING: x drift 0.20m from centerline. Stopping before rack entry.
[INFO] [1778714550.810525409] [final_warehouse_scan_node]: Drive to row 1: target_y=3.00, y=-2.95, dy=5.95, yaw_err=-0.068
[INFO] [1778714550.817135218] [final_warehouse_scan_node]: WARNING: x drift 0.20m from centerline. Stopping before rack entry.
[INFO] [1778714550.851779783] [final_warehouse_scan_node]: Drive to row 1: target_y=3.00, y=-2.95, dy=5.95, yaw_err=-0.068
[INFO] [1778714550.859724981] [final_warehouse_scan_node]: WARNING: x drift 0.20m from centerline. Stopping before rack entry.
[INFO] [1778714550.898183753] [final_warehouse_scan_node]: Drive to row 1: target_y=3.00, y=-2.95, dy=5.95, yaw_err=-0.068
[INFO] [1778714550.903278750] [final_warehouse_scan_node]: WARNING: x drift 0.20m from centerline. Stopping before rack entry.
[INFO] [1778714550.952576251] [final_warehouse_scan_node]: Drive to row 1: target_y=3.00, y=-2.95, dy=5.95, yaw_err=-0.068
[INFO] [1778714550.960077940] [final_warehouse_scan_node]: WARNING: x drift 0.20m from centerline. Stopping before rack entry.
[INFO] [1778714551.008276831] [final_warehouse_scan_node]: Drive to row 1: target_y=3.00, y=-2.95, dy=5.95, yaw_err=-0.068
[INFO] [1778714551.014549324] [final_warehouse_scan_node]: WARNING: x drift 0.20m from centerline. Stopping before rack entry.
[INFO] [1778714551.052112120] [final_warehouse_scan_node]: Drive to row 1: target_y=3.00, y=-2.95, dy=5.95, yaw_err=-0.068
[INFO] [1778714551.060699767] [final_warehouse_scan_node]: WARNING: x drift 0.20m from centerline. Stopping before rack entry.
[INFO] [1778714551.099023757] [final_warehouse_scan_node]: Drive to row 1: target_y=3.00, y=-2.95, dy=5.95, yaw_err=-0.068
[INFO] [1778714551.107272798] [final_warehouse_scan_node]: WARNING: x drift 0.20m from centerline. Stopping before rack entry.
[INFO] [1778714551.150404467] [final_warehouse_scan_node]: Drive to row 1: target_y=3.00, y=-2.95, dy=5.95, yaw_err=-0.068
[INFO] [1778714551.158721487] [final_warehouse_scan_node]: WARNING: x drift 0.20m from centerline. Stopping before rack entry.
[INFO] [1778714551.210188942] [final_warehouse_scan_node]: Drive to row 1: target_y=3.00, y=-2.95, dy=5.95, yaw_err=-0.068
[INFO] [1778714551.220698853] [final_warehouse_scan_node]: WARNING: x drift 0.20m from centerline. Stopping before rack entry.
[INFO] [1778714551.248995919] [final_warehouse_scan_node]: Drive to row 1: target_y=3.00, y=-2.95, dy=5.95, yaw_err=-0.068
[INFO] [1778714551.256539452] [final_warehouse_scan_node]: WARNING: x drift 0.20m from centerline. Stopping before rack entry.
[INFO] [1778714551.300053597] [final_warehouse_scan_node]: Drive to row 1: target_y=3.00, y=-2.95, dy=5.95, yaw_err=-0.068
[INFO] [1778714551.306364272] [final_warehouse_scan_node]: WARNING: x drift 0.20m from centerline. Stopping before rack entry.
[INFO] [1778714551.359285643] [final_warehouse_scan_node]: Drive to row 1: target_y=3.00, y=-2.95, dy=5.95, yaw_err=-0.068
[INFO] [1778714551.371152520] [final_warehouse_scan_node]: WARNING: x drift 0.20m from centerline. Stopping before rack entry.
[INFO] [1778714551.400447559] [final_warehouse_scan_node]: Drive to row 1: target_y=3.00, y=-2.95, dy=5.95, yaw_err=-0.068
[INFO] [1778714551.417062608] [final_warehouse_scan_node]: WARNING: x drift 0.20m from centerline. Stopping before rack entry.
[INFO] [1778714551.450816365] [final_warehouse_scan_node]: Drive to row 1: target_y=3.00, y=-2.95, dy=5.95, yaw_err=-0.068
[INFO] [1778714551.458441220] [final_warehouse_scan_node]: WARNING: x drift 0.20m from centerline. Stopping before rack entry.
[INFO] [1778714551.501563293] [final_warehouse_scan_node]: Drive to row 1: target_y=3.00, y=-2.95, dy=5.95, yaw_err=-0.068
[INFO] [1778714551.508099767] [final_warehouse_scan_node]: WARNING: x drift 0.20m from centerline. Stopping before rack entry.
[INFO] [1778714551.556331694] [final_warehouse_scan_node]: Drive to row 1: target_y=3.00, y=-2.95, dy=5.95, yaw_err=-0.068
[INFO] [1778714551.563199562] [final_warehouse_scan_node]: WARNING: x drift 0.20m from centerline. Stopping before rack entry.
[INFO] [1778714551.616436667] [final_warehouse_scan_node]: Drive to row 1: target_y=3.00, y=-2.95, dy=5.95, yaw_err=-0.068
[INFO] [1778714551.624965847] [final_warehouse_scan_node]: WARNING: x drift 0.20m from centerline. Stopping before rack entry.
[INFO] [1778714551.649909737] [final_warehouse_scan_node]: Drive to row 1: target_y=3.00, y=-2.95, dy=5.95, yaw_err=-0.068
[INFO] [1778714551.669223885] [final_warehouse_scan_node]: WARNING: x drift 0.20m from centerline. Stopping before rack entry.
[INFO] [1778714551.697897717] [final_warehouse_scan_node]: Drive to row 1: target_y=3.00, y=-2.95, dy=5.95, yaw_err=-0.068
[INFO] [1778714551.703594187] [final_warehouse_scan_node]: WARNING: x drift 0.20m from centerline. Stopping before rack entry.
[INFO] [1778714551.751407350] [final_warehouse_scan_node]: Drive to row 1: target_y=3.00, y=-2.95, dy=5.95, yaw_err=-0.068
[INFO] [1778714551.758147459] [final_warehouse_scan_node]: WARNING: x drift 0.20m from centerline. Stopping before rack entry.
[INFO] [1778714551.802972120] [final_warehouse_scan_node]: Drive to row 1: target_y=3.00, y=-2.95, dy=5.95, yaw_err=-0.068
[INFO] [1778714551.809917319] [final_warehouse_scan_node]: WARNING: x drift 0.20m from centerline. Stopping before rack entry.
[INFO] [1778714551.853767939] [final_warehouse_scan_node]: Drive to row 1: target_y=3.00, y=-2.95, dy=5.95, yaw_err=-0.068
[INFO] [1778714551.865478003] [final_warehouse_scan_node]: WARNING: x drift 0.20m from centerline. Stopping before rack entry.
[INFO] [1778714551.897354697] [final_warehouse_scan_node]: Drive to row 1: target_y=3.00, y=-2.95, dy=5.95, yaw_err=-0.068
[INFO] [1778714551.911466349] [final_warehouse_scan_node]: WARNING: x drift 0.20m from centerline. Stopping before rack entry.
[INFO] [1778714551.949417210] [final_warehouse_scan_node]: Drive to row 1: target_y=3.00, y=-2.95, dy=5.95, yaw_err=-0.068
[INFO] [1778714551.957009595] [final_warehouse_scan_node]: WARNING: x drift 0.20m from centerline. Stopping before rack entry.
[INFO] [1778714551.999031278] [final_warehouse_scan_node]: Drive to row 1: target_y=3.00, y=-2.95, dy=5.95, yaw_err=-0.068
[INFO] [1778714552.007386216] [final_warehouse_scan_node]: WARNING: x drift 0.20m from centerline. Stopping before rack entry.
[INFO] [1778714552.055159302] [final_warehouse_scan_node]: Drive to row 1: target_y=3.00, y=-2.95, dy=5.95, yaw_err=-0.068
[INFO] [1778714552.060794653] [final_warehouse_scan_node]: WARNING: x drift 0.20m from centerline. Stopping before rack entry.
[INFO] [1778714552.110194650] [final_warehouse_scan_node]: Drive to row 1: target_y=3.00, y=-2.95, dy=5.95, yaw_err=-0.068
[INFO] [1778714552.124470520] [final_warehouse_scan_node]: WARNING: x drift 0.20m from centerline. Stopping before rack entry.
[INFO] [1778714552.149978510] [final_warehouse_scan_node]: Drive to row 1: target_y=3.00, y=-2.95, dy=5.95, yaw_err=-0.068
[INFO] [1778714552.156253997] [final_warehouse_scan_node]: WARNING: x drift 0.20m from centerline. Stopping before rack entry.
[INFO] [1778714552.199199963] [final_warehouse_scan_node]: Drive to row 1: target_y=3.00, y=-2.95, dy=5.95, yaw_err=-0.068
[INFO] [1778714552.205100923] [final_warehouse_scan_node]: WARNING: x drift 0.20m from centerline. Stopping before rack entry.
[INFO] [1778714552.255530784] [final_warehouse_scan_node]: Drive to row 1: target_y=3.00, y=-2.95, dy=5.95, yaw_err=-0.068
[INFO] [1778714552.268610978] [final_warehouse_scan_node]: WARNING: x drift 0.20m from centerline. Stopping before rack entry.
[INFO] [1778714552.308138312] [final_warehouse_scan_node]: Drive to row 1: target_y=3.00, y=-2.95, dy=5.95, yaw_err=-0.068
[INFO] [1778714552.325814539] [final_warehouse_scan_node]: WARNING: x drift 0.20m from centerline. Stopping before rack entry.
[INFO] [1778714552.352288461] [final_warehouse_scan_node]: Drive to row 1: target_y=3.00, y=-2.95, dy=5.95, yaw_err=-0.068
[INFO] [1778714552.358550943] [final_warehouse_scan_node]: WARNING: x drift 0.20m from centerline. Stopping before rack entry.
[INFO] [1778714552.403109072] [final_warehouse_scan_node]: Drive to row 1: target_y=3.00, y=-2.95, dy=5.95, yaw_err=-0.068
[INFO] [1778714552.412363607] [final_warehouse_scan_node]: WARNING: x drift 0.20m from centerline. Stopping before rack entry.
[INFO] [1778714552.451387587] [final_warehouse_scan_node]: Drive to row 1: target_y=3.00, y=-2.95, dy=5.95, yaw_err=-0.068
[INFO] [1778714552.471692987] [final_warehouse_scan_node]: WARNING: x drift 0.20m from centerline. Stopping before rack entry.
[INFO] [1778714552.497787808] [final_warehouse_scan_node]: Drive to row 1: target_y=3.00, y=-2.95, dy=5.95, yaw_err=-0.068
[INFO] [1778714552.503960099] [final_warehouse_scan_node]: WARNING: x drift 0.20m from centerline. Stopping before rack entry.
[INFO] [1778714552.553647736] [final_warehouse_scan_node]: Drive to row 1: target_y=3.00, y=-2.95, dy=5.95, yaw_err=-0.068
[INFO] [1778714552.557996361] [final_warehouse_scan_node]: WARNING: x drift 0.20m from centerline. Stopping before rack entry.
[INFO] [1778714552.607574448] [final_warehouse_scan_node]: Drive to row 1: target_y=3.00, y=-2.95, dy=5.95, yaw_err=-0.068
[INFO] [1778714552.614302599] [final_warehouse_scan_node]: WARNING: x drift 0.20m from centerline. Stopping before rack entry.
[INFO] [1778714552.653733724] [final_warehouse_scan_node]: Drive to row 1: target_y=3.00, y=-2.95, dy=5.95, yaw_err=-0.068
[INFO] [1778714552.670741314] [final_warehouse_scan_node]: WARNING: x drift 0.20m from centerline. Stopping before rack entry.
[INFO] [1778714552.700148019] [final_warehouse_scan_node]: Drive to row 1: target_y=3.00, y=-2.95, dy=5.95, yaw_err=-0.068
[INFO] [1778714552.727024892] [final_warehouse_scan_node]: WARNING: x drift 0.20m from centerline. Stopping before rack entry.
[INFO] [1778714552.749075044] [final_warehouse_scan_node]: Drive to row 1: target_y=3.00, y=-2.95, dy=5.95, yaw_err=-0.068
[INFO] [1778714552.754938636] [final_warehouse_scan_node]: WARNING: x drift 0.20m from centerline. Stopping before rack entry.
[INFO] [1778714552.798623417] [final_warehouse_scan_node]: Drive to row 1: target_y=3.00, y=-2.95, dy=5.95, yaw_err=-0.068
[INFO] [1778714552.804084264] [final_warehouse_scan_node]: WARNING: x drift 0.20m from centerline. Stopping before rack entry.
[INFO] [1778714552.857082666] [final_warehouse_scan_node]: Drive to row 1: target_y=3.00, y=-2.95, dy=5.95, yaw_err=-0.068
[INFO] [1778714552.869615365] [final_warehouse_scan_node]: WARNING: x drift 0.20m from centerline. Stopping before rack entry.
[INFO] [1778714552.905775478] [final_warehouse_scan_node]: Drive to row 1: target_y=3.00, y=-2.95, dy=5.95, yaw_err=-0.068
[INFO] [1778714552.921387182] [final_warehouse_scan_node]: WARNING: x drift 0.20m from centerline. Stopping before rack entry.
[INFO] [1778714552.952182354] [final_warehouse_scan_node]: Drive to row 1: target_y=3.00, y=-2.95, dy=5.95, yaw_err=-0.068
[INFO] [1778714552.959186996] [final_warehouse_scan_node]: WARNING: x drift 0.20m from centerline. Stopping before rack entry.
[INFO] [1778714553.003935602] [final_warehouse_scan_node]: Drive to row 1: target_y=3.00, y=-2.95, dy=5.95, yaw_err=-0.068
[INFO] [1778714553.010956867] [final_warehouse_scan_node]: WARNING: x drift 0.20m from centerline. Stopping before rack entry.
[INFO] [1778714553.056398359] [final_warehouse_scan_node]: Drive to row 1: target_y=3.00, y=-2.95, dy=5.95, yaw_err=-0.068
[INFO] [1778714553.072075546] [final_warehouse_scan_node]: WARNING: x drift 0.20m from centerline. Stopping before rack entry.
[INFO] [1778714553.100659985] [final_warehouse_scan_node]: Drive to row 1: target_y=3.00, y=-2.95, dy=5.95, yaw_err=-0.068
[INFO] [1778714553.106394801] [final_warehouse_scan_node]: WARNING: x drift 0.20m from centerline. Stopping before rack entry.
[INFO] [1778714553.149920050] [final_warehouse_scan_node]: Drive to row 1: target_y=3.00, y=-2.95, dy=5.95, yaw_err=-0.068
[INFO] [1778714553.154959686] [final_warehouse_scan_node]: WARNING: x drift 0.20m from centerline. Stopping before rack entry.
[INFO] [1778714553.206231869] [final_warehouse_scan_node]: Drive to row 1: target_y=3.00, y=-2.95, dy=5.95, yaw_err=-0.068
[INFO] [1778714553.212190454] [final_warehouse_scan_node]: WARNING: x drift 0.20m from centerline. Stopping before rack entry.
[INFO] [1778714553.257677760] [final_warehouse_scan_node]: Drive to row 1: target_y=3.00, y=-2.95, dy=5.95, yaw_err=-0.068
[INFO] [1778714553.266497432] [final_warehouse_scan_node]: WARNING: x drift 0.20m from centerline. Stopping before rack entry.
[INFO] [1778714553.308016583] [final_warehouse_scan_node]: Drive to row 1: target_y=3.00, y=-2.95, dy=5.95, yaw_err=-0.068
[INFO] [1778714553.324424065] [final_warehouse_scan_node]: WARNING: x drift 0.20m from centerline. Stopping before rack entry.
[INFO] [1778714553.351548061] [final_warehouse_scan_node]: Drive to row 1: target_y=3.00, y=-2.95, dy=5.95, yaw_err=-0.068
[INFO] [1778714553.356588218] [final_warehouse_scan_node]: WARNING: x drift 0.20m from centerline. Stopping before rack entry.
[INFO] [1778714553.400422131] [final_warehouse_scan_node]: Drive to row 1: target_y=3.00, y=-2.95, dy=5.95, yaw_err=-0.068
[INFO] [1778714553.409067306] [final_warehouse_scan_node]: WARNING: x drift 0.20m from centerline. Stopping before rack entry.
[INFO] [1778714553.464378181] [final_warehouse_scan_node]: Drive to row 1: target_y=3.00, y=-2.95, dy=5.95, yaw_err=-0.068
[INFO] [1778714553.480100399] [final_warehouse_scan_node]: WARNING: x drift 0.20m from centerline. Stopping before rack entry.
[INFO] [1778714553.498234670] [final_warehouse_scan_node]: Drive to row 1: target_y=3.00, y=-2.95, dy=5.95, yaw_err=-0.068
[INFO] [1778714553.504659514] [final_warehouse_scan_node]: WARNING: x drift 0.20m from centerline. Stopping before rack entry.
[INFO] [1778714553.550621087] [final_warehouse_scan_node]: Drive to row 1: target_y=3.00, y=-2.95, dy=5.95, yaw_err=-0.068
[INFO] [1778714553.556150521] [final_warehouse_scan_node]: WARNING: x drift 0.20m from centerline. Stopping before rack entry.
[INFO] [1778714553.600613167] [final_warehouse_scan_node]: Drive to row 1: target_y=3.00, y=-2.95, dy=5.95, yaw_err=-0.068
[INFO] [1778714553.607874183] [final_warehouse_scan_node]: WARNING: x drift 0.20m from centerline. Stopping before rack entry.
[INFO] [1778714553.653502468] [final_warehouse_scan_node]: Drive to row 1: target_y=3.00, y=-2.95, dy=5.95, yaw_err=-0.068
[INFO] [1778714553.662810588] [final_warehouse_scan_node]: WARNING: x drift 0.20m from centerline. Stopping before rack entry.
[INFO] [1778714553.702635422] [final_warehouse_scan_node]: Drive to row 1: target_y=3.00, y=-2.95, dy=5.95, yaw_err=-0.068
[INFO] [1778714553.712535000] [final_warehouse_scan_node]: WARNING: x drift 0.20m from centerline. Stopping before rack entry.
[INFO] [1778714553.755036763] [final_warehouse_scan_node]: Drive to row 1: target_y=3.00, y=-2.95, dy=5.95, yaw_err=-0.068
[INFO] [1778714553.769409099] [final_warehouse_scan_node]: WARNING: x drift 0.20m from centerline. Stopping before rack entry.
[INFO] [1778714553.798962765] [final_warehouse_scan_node]: Drive to row 1: target_y=3.00, y=-2.95, dy=5.95, yaw_err=-0.068
[INFO] [1778714553.812192154] [final_warehouse_scan_node]: WARNING: x drift 0.20m from centerline. Stopping before rack entry.
[INFO] [1778714553.849086985] [final_warehouse_scan_node]: Drive to row 1: target_y=3.00, y=-2.95, dy=5.95, yaw_err=-0.068
[INFO] [1778714553.854380454] [final_warehouse_scan_node]: WARNING: x drift 0.20m from centerline. Stopping before rack entry.
[INFO] [1778714553.899169763] [final_warehouse_scan_node]: Drive to row 1: target_y=3.00, y=-2.95, dy=5.95, yaw_err=-0.068
[INFO] [1778714553.904742557] [final_warehouse_scan_node]: WARNING: x drift 0.20m from centerline. Stopping before rack entry.
[INFO] [1778714553.952347074] [final_warehouse_scan_node]: Drive to row 1: target_y=3.00, y=-2.95, dy=5.95, yaw_err=-0.068
[INFO] [1778714553.959196896] [final_warehouse_scan_node]: WARNING: x drift 0.20m from centerline. Stopping before rack entry.
[INFO] [1778714554.003683759] [final_warehouse_scan_node]: Drive to row 1: target_y=3.00, y=-2.95, dy=5.95, yaw_err=-0.068
[INFO] [1778714554.009727946] [final_warehouse_scan_node]: WARNING: x drift 0.20m from centerline. Stopping before rack entry.
[INFO] [1778714554.054949282] [final_warehouse_scan_node]: Drive to row 1: target_y=3.00, y=-2.95, dy=5.95, yaw_err=-0.068
[INFO] [1778714554.064611319] [final_warehouse_scan_node]: WARNING: x drift 0.20m from centerline. Stopping before rack entry.
[INFO] [1778714554.105708596] [final_warehouse_scan_node]: Drive to row 1: target_y=3.00, y=-2.95, dy=5.95, yaw_err=-0.068
[INFO] [1778714554.119645313] [final_warehouse_scan_node]: WARNING: x drift 0.20m from centerline. Stopping before rack entry.
[INFO] [1778714554.151267213] [final_warehouse_scan_node]: Drive to row 1: target_y=3.00, y=-2.95, dy=5.95, yaw_err=-0.068
[INFO] [1778714554.169001735] [final_warehouse_scan_node]: WARNING: x drift 0.20m from centerline. Stopping before rack entry.
[INFO] [1778714554.202860382] [final_warehouse_scan_node]: Drive to row 1: target_y=3.00, y=-2.95, dy=5.95, yaw_err=-0.068
[INFO] [1778714554.206760337] [final_warehouse_scan_node]: WARNING: x drift 0.20m from centerline. Stopping before rack entry.
[INFO] [1778714554.248234943] [final_warehouse_scan_node]: Drive to row 1: target_y=3.00, y=-2.95, dy=5.95, yaw_err=-0.068
[INFO] [1778714554.254079894] [final_warehouse_scan_node]: WARNING: x drift 0.20m from centerline. Stopping before rack entry.
[INFO] [1778714554.304641719] [final_warehouse_scan_node]: Drive to row 1: target_y=3.00, y=-2.95, dy=5.95, yaw_err=-0.068
[INFO] [1778714554.310326091] [final_warehouse_scan_node]: WARNING: x drift 0.20m from centerline. Stopping before rack entry.
[INFO] [1778714554.352698832] [final_warehouse_scan_node]: Drive to row 1: target_y=3.00, y=-2.95, dy=5.95, yaw_err=-0.068
[INFO] [1778714554.365038424] [final_warehouse_scan_node]: WARNING: x drift 0.20m from centerline. Stopping before rack entry.
[INFO] [1778714554.407812751] [final_warehouse_scan_node]: Drive to row 1: target_y=3.00, y=-2.95, dy=5.95, yaw_err=-0.068
[INFO] [1778714554.423586815] [final_warehouse_scan_node]: WARNING: x drift 0.20m from centerline. Stopping before rack entry.
[INFO] [1778714554.450770845] [final_warehouse_scan_node]: Drive to row 1: target_y=3.00, y=-2.95, dy=5.95, yaw_err=-0.068
[INFO] [1778714554.454498726] [final_warehouse_scan_node]: WARNING: x drift 0.20m from centerline. Stopping before rack entry.
[INFO] [1778714554.499639970] [final_warehouse_scan_node]: Drive to row 1: target_y=3.00, y=-2.95, dy=5.95, yaw_err=-0.068
[INFO] [1778714554.509030645] [final_warehouse_scan_node]: WARNING: x drift 0.20m from centerline. Stopping before rack entry.
[INFO] [1778714554.560152196] [final_warehouse_scan_node]: Drive to row 1: target_y=3.00, y=-2.95, dy=5.95, yaw_err=-0.068
[INFO] [1778714554.571398631] [final_warehouse_scan_node]: WARNING: x drift 0.20m from centerline. Stopping before rack entry.
[INFO] [1778714554.599995714] [final_warehouse_scan_node]: Drive to row 1: target_y=3.00, y=-2.95, dy=5.95, yaw_err=-0.068
[INFO] [1778714554.607261074] [final_warehouse_scan_node]: WARNING: x drift 0.20m from centerline. Stopping before rack entry.
[INFO] [1778714554.649820159] [final_warehouse_scan_node]: Drive to row 1: target_y=3.00, y=-2.95, dy=5.95, yaw_err=-0.068
[INFO] [1778714554.656315588] [final_warehouse_scan_node]: WARNING: x drift 0.20m from centerline. Stopping before rack entry.
[INFO] [1778714554.705564137] [final_warehouse_scan_node]: Drive to row 1: target_y=3.00, y=-2.95, dy=5.95, yaw_err=-0.068
[INFO] [1778714554.714739910] [final_warehouse_scan_node]: WARNING: x drift 0.20m from centerline. Stopping before rack entry.
[INFO] [1778714554.751377391] [final_warehouse_scan_node]: Drive to row 1: target_y=3.00, y=-2.95, dy=5.95, yaw_err=-0.068
[INFO] [1778714554.766380702] [final_warehouse_scan_node]: WARNING: x drift 0.20m from centerline. Stopping before rack entry.
[INFO] [1778714554.798218355] [final_warehouse_scan_node]: Drive to row 1: target_y=3.00, y=-2.95, dy=5.95, yaw_err=-0.068
[INFO] [1778714554.804256011] [final_warehouse_scan_node]: WARNING: x drift 0.20m from centerline. Stopping before rack entry.
[INFO] [1778714554.851400123] [final_warehouse_scan_node]: Drive to row 1: target_y=3.00, y=-2.95, dy=5.95, yaw_err=-0.068
[INFO] [1778714554.858633371] [final_warehouse_scan_node]: WARNING: x drift 0.20m from centerline. Stopping before rack entry.
[INFO] [1778714554.902906436] [final_warehouse_scan_node]: Drive to row 1: target_y=3.00, y=-2.95, dy=5.95, yaw_err=-0.068
[INFO] [1778714554.909405569] [final_warehouse_scan_node]: WARNING: x drift 0.20m from centerline. Stopping before rack entry.
[INFO] [1778714554.950249457] [final_warehouse_scan_node]: Drive to row 1: target_y=3.00, y=-2.95, dy=5.95, yaw_err=-0.068
[INFO] [1778714554.962661441] [final_warehouse_scan_node]: WARNING: x drift 0.20m from centerline. Stopping before rack entry.
[INFO] [1778714554.998243248] [final_warehouse_scan_node]: Drive to row 1: target_y=3.00, y=-2.95, dy=5.95, yaw_err=-0.068
[INFO] [1778714555.010501669] [final_warehouse_scan_node]: WARNING: x drift 0.20m from centerline. Stopping before rack entry.
[INFO] [1778714555.051908182] [final_warehouse_scan_node]: Drive to row 1: target_y=3.00, y=-2.95, dy=5.95, yaw_err=-0.068
[INFO] [1778714555.059029257] [final_warehouse_scan_node]: WARNING: x drift 0.20m from centerline. Stopping before rack entry.
[INFO] [1778714555.102793504] [final_warehouse_scan_node]: Drive to row 1: target_y=3.00, y=-2.95, dy=5.95, yaw_err=-0.068
[INFO] [1778714555.109802628] [final_warehouse_scan_node]: WARNING: x drift 0.20m from centerline. Stopping before rack entry.
[INFO] [1778714555.151453712] [final_warehouse_scan_node]: Drive to row 1: target_y=3.00, y=-2.95, dy=5.95, yaw_err=-0.068
[INFO] [1778714555.167140354] [final_warehouse_scan_node]: WARNING: x drift 0.20m from centerline. Stopping before rack entry.
[INFO] [1778714555.199473723] [final_warehouse_scan_node]: Drive to row 1: target_y=3.00, y=-2.95, dy=5.95, yaw_err=-0.068
[INFO] [1778714555.216055749] [final_warehouse_scan_node]: WARNING: x drift 0.20m from centerline. Stopping before rack entry.
[INFO] [1778714555.249191750] [final_warehouse_scan_node]: Drive to row 1: target_y=3.00, y=-2.95, dy=5.95, yaw_err=-0.068
[INFO] [1778714555.255591023] [final_warehouse_scan_node]: WARNING: x drift 0.20m from centerline. Stopping before rack entry.
[INFO] [1778714555.303807343] [final_warehouse_scan_node]: Drive to row 1: target_y=3.00, y=-2.95, dy=5.95, yaw_err=-0.068
[INFO] [1778714555.311342859] [final_warehouse_scan_node]: WARNING: x drift 0.20m from centerline. Stopping before rack entry.
[INFO] [1778714555.351857402] [final_warehouse_scan_node]: Drive to row 1: target_y=3.00, y=-2.95, dy=5.95, yaw_err=-0.068
[INFO] [1778714555.368426663] [final_warehouse_scan_node]: WARNING: x drift 0.20m from centerline. Stopping before rack entry.
[INFO] [1778714555.399133054] [final_warehouse_scan_node]: Drive to row 1: target_y=3.00, y=-2.95, dy=5.95, yaw_err=-0.068
[INFO] [1778714555.405898050] [final_warehouse_scan_node]: WARNING: x drift 0.20m from centerline. Stopping before rack entry.
[INFO] [1778714555.450100641] [final_warehouse_scan_node]: Drive to row 1: target_y=3.00, y=-2.95, dy=5.95, yaw_err=-0.068
[INFO] [1778714555.456190895] [final_warehouse_scan_node]: WARNING: x drift 0.20m from centerline. Stopping before rack entry.
[INFO] [1778714555.497985058] [final_warehouse_scan_node]: Drive to row 1: target_y=3.00, y=-2.95, dy=5.95, yaw_err=-0.068
[INFO] [1778714555.502916714] [final_warehouse_scan_node]: WARNING: x drift 0.20m from centerline. Stopping before rack entry.
[INFO] [1778714555.553089730] [final_warehouse_scan_node]: Drive to row 1: target_y=3.00, y=-2.95, dy=5.95, yaw_err=-0.068
[INFO] [1778714555.565003495] [final_warehouse_scan_node]: WARNING: x drift 0.20m from centerline. Stopping before rack entry.
[INFO] [1778714555.597326822] [final_warehouse_scan_node]: Drive to row 1: target_y=3.00, y=-2.95, dy=5.95, yaw_err=-0.068
[INFO] [1778714555.605756950] [final_warehouse_scan_node]: WARNING: x drift 0.20m from centerline. Stopping before rack entry.
[INFO] [1778714555.647676639] [final_warehouse_scan_node]: Drive to row 1: target_y=3.00, y=-2.95, dy=5.95, yaw_err=-0.068
[INFO] [1778714555.659711921] [final_warehouse_scan_node]: WARNING: x drift 0.20m from centerline. Stopping before rack entry.
[INFO] [1778714555.698209507] [final_warehouse_scan_node]: Drive to row 1: target_y=3.00, y=-2.95, dy=5.95, yaw_err=-0.068
[INFO] [1778714555.703394977] [final_warehouse_scan_node]: WARNING: x drift 0.20m from centerline. Stopping before rack entry.
[INFO] [1778714555.749544365] [final_warehouse_scan_node]: Drive to row 1: target_y=3.00, y=-2.95, dy=5.95, yaw_err=-0.068
[INFO] [1778714555.756801425] [final_warehouse_scan_node]: WARNING: x drift 0.20m from centerline. Stopping before rack entry.
[INFO] [1778714555.801637225] [final_warehouse_scan_node]: Drive to row 1: target_y=3.00, y=-2.95, dy=5.95, yaw_err=-0.068
[INFO] [1778714555.809730851] [final_warehouse_scan_node]: WARNING: x drift 0.20m from centerline. Stopping before rack entry.
[INFO] [1778714555.860350392] [final_warehouse_scan_node]: Drive to row 1: target_y=3.00, y=-2.95, dy=5.95, yaw_err=-0.068
[INFO] [1778714555.867463670] [final_warehouse_scan_node]: WARNING: x drift 0.20m from centerline. Stopping before rack entry.
[INFO] [1778714555.902934494] [final_warehouse_scan_node]: Drive to row 1: target_y=3.00, y=-2.95, dy=5.95, yaw_err=-0.068
[INFO] [1778714555.916777242] [final_warehouse_scan_node]: WARNING: x drift 0.20m from centerline. Stopping before rack entry.
[INFO] [1778714555.949458102] [final_warehouse_scan_node]: Drive to row 1: target_y=3.00, y=-2.95, dy=5.95, yaw_err=-0.068
[INFO] [1778714555.956047069] [final_warehouse_scan_node]: WARNING: x drift 0.20m from centerline. Stopping before rack entry.
[INFO] [1778714555.998536703] [final_warehouse_scan_node]: Drive to row 1: target_y=3.00, y=-2.95, dy=5.95, yaw_err=-0.068
[INFO] [1778714556.003769675] [final_warehouse_scan_node]: WARNING: x drift 0.20m from centerline. Stopping before rack entry.
[INFO] [1778714556.053418467] [final_warehouse_scan_node]: Drive to row 1: target_y=3.00, y=-2.95, dy=5.95, yaw_err=-0.068
[INFO] [1778714556.061216124] [final_warehouse_scan_node]: WARNING: x drift 0.20m from centerline. Stopping before rack entry.
[INFO] [1778714556.109011668] [final_warehouse_scan_node]: Drive to row 1: target_y=3.00, y=-2.95, dy=5.95, yaw_err=-0.068
[INFO] [1778714556.118399466] [final_warehouse_scan_node]: WARNING: x drift 0.20m from centerline. Stopping before rack entry.
[INFO] [1778714556.163213011] [final_warehouse_scan_node]: Drive to row 1: target_y=3.00, y=-2.95, dy=5.95, yaw_err=-0.068
[INFO] [1778714556.170661501] [final_warehouse_scan_node]: WARNING: x drift 0.20m from centerline. Stopping before rack entry.
[INFO] [1778714556.199233509] [final_warehouse_scan_node]: Drive to row 1: target_y=3.00, y=-2.95, dy=5.95, yaw_err=-0.068
[INFO] [1778714556.209080672] [final_warehouse_scan_node]: WARNING: x drift 0.20m from centerline. Stopping before rack entry.
[INFO] [1778714556.248035618] [final_warehouse_scan_node]: Drive to row 1: target_y=3.00, y=-2.95, dy=5.95, yaw_err=-0.068
[INFO] [1778714556.253908498] [final_warehouse_scan_node]: WARNING: x drift 0.20m from centerline. Stopping before rack entry.
[INFO] [1778714556.299013641] [final_warehouse_scan_node]: Drive to row 1: target_y=3.00, y=-2.95, dy=5.95, yaw_err=-0.068
[INFO] [1778714556.303824257] [final_warehouse_scan_node]: WARNING: x drift 0.20m from centerline. Stopping before rack entry.
[INFO] [1778714556.350870093] [final_warehouse_scan_node]: Drive to row 1: target_y=3.00, y=-2.95, dy=5.95, yaw_err=-0.068
[INFO] [1778714556.355213738] [final_warehouse_scan_node]: WARNING: x drift 0.20m from centerline. Stopping before rack entry.
[INFO] [1778714556.400668951] [final_warehouse_scan_node]: Drive to row 1: target_y=3.00, y=-2.95, dy=5.95, yaw_err=-0.068
[INFO] [1778714556.406201671] [final_warehouse_scan_node]: WARNING: x drift 0.20m from centerline. Stopping before rack entry.
[INFO] [1778714556.452944343] [final_warehouse_scan_node]: Drive to row 1: target_y=3.00, y=-2.95, dy=5.95, yaw_err=-0.068
[INFO] [1778714556.463436954] [final_warehouse_scan_node]: WARNING: x drift 0.20m from centerline. Stopping before rack entry.
[INFO] [1778714556.499347640] [final_warehouse_scan_node]: Drive to row 1: target_y=3.00, y=-2.95, dy=5.95, yaw_err=-0.068
[INFO] [1778714556.505533682] [final_warehouse_scan_node]: WARNING: x drift 0.20m from centerline. Stopping before rack entry.
[INFO] [1778714556.551003586] [final_warehouse_scan_node]: Drive to row 1: target_y=3.00, y=-2.95, dy=5.95, yaw_err=-0.068
[INFO] [1778714556.558713036] [final_warehouse_scan_node]: WARNING: x drift 0.20m from centerline. Stopping before rack entry.
[INFO] [1778714556.603741704] [final_warehouse_scan_node]: Drive to row 1: target_y=3.00, y=-2.95, dy=5.95, yaw_err=-0.068
[INFO] [1778714556.612579110] [final_warehouse_scan_node]: WARNING: x drift 0.20m from centerline. Stopping before rack entry.
[INFO] [1778714556.653223232] [final_warehouse_scan_node]: Drive to row 1: target_y=3.00, y=-2.95, dy=5.95, yaw_err=-0.068
[INFO] [1778714556.661504859] [final_warehouse_scan_node]: WARNING: x drift 0.20m from centerline. Stopping before rack entry.
[INFO] [1778714556.698200705] [final_warehouse_scan_node]: Drive to row 1: target_y=3.00, y=-2.95, dy=5.95, yaw_err=-0.068
[INFO] [1778714556.707716460] [final_warehouse_scan_node]: WARNING: x drift 0.20m from centerline. Stopping before rack entry.
[INFO] [1778714556.749343166] [final_warehouse_scan_node]: Drive to row 1: target_y=3.00, y=-2.95, dy=5.95, yaw_err=-0.068
[INFO] [1778714556.755684668] [final_warehouse_scan_node]: WARNING: x drift 0.20m from centerline. Stopping before rack entry.
[INFO] [1778714556.805282995] [final_warehouse_scan_node]: Drive to row 1: target_y=3.00, y=-2.95, dy=5.95, yaw_err=-0.068
[INFO] [1778714556.817637238] [final_warehouse_scan_node]: WARNING: x drift 0.20m from centerline. Stopping before rack entry.
[INFO] [1778714556.863456609] [final_warehouse_scan_node]: Drive to row 1: target_y=3.00, y=-2.95, dy=5.95, yaw_err=-0.068
[INFO] [1778714556.870424877] [final_warehouse_scan_node]: WARNING: x drift 0.20m from centerline. Stopping before rack entry.
[INFO] [1778714556.900254569] [final_warehouse_scan_node]: Drive to row 1: target_y=3.00, y=-2.95, dy=5.95, yaw_err=-0.068
[INFO] [1778714556.907812359] [final_warehouse_scan_node]: WARNING: x drift 0.20m from centerline. Stopping before rack entry.
[INFO] [1778714556.953878333] [final_warehouse_scan_node]: Drive to row 1: target_y=3.00, y=-2.95, dy=5.95, yaw_err=-0.068
[INFO] [1778714556.961721705] [final_warehouse_scan_node]: WARNING: x drift 0.20m from centerline. Stopping before rack entry.
[INFO] [1778714557.004376372] [final_warehouse_scan_node]: Drive to row 1: target_y=3.00, y=-2.95, dy=5.95, yaw_err=-0.068
[INFO] [1778714557.016222984] [final_warehouse_scan_node]: WARNING: x drift 0.20m from centerline. Stopping before rack entry.
[INFO] [1778714557.049024417] [final_warehouse_scan_node]: Drive to row 1: target_y=3.00, y=-2.95, dy=5.95, yaw_err=-0.068
[INFO] [1778714557.065000572] [final_warehouse_scan_node]: WARNING: x drift 0.20m from centerline. Stopping before rack entry.
[INFO] [1778714557.098788419] [final_warehouse_scan_node]: Drive to row 1: target_y=3.00, y=-2.95, dy=5.95, yaw_err=-0.068
[INFO] [1778714557.105765281] [final_warehouse_scan_node]: WARNING: x drift 0.20m from centerline. Stopping before rack entry.
[INFO] [1778714557.151775869] [final_warehouse_scan_node]: Drive to row 1: target_y=3.00, y=-2.95, dy=5.95, yaw_err=-0.068
[INFO] [1778714557.159537349] [final_warehouse_scan_node]: WARNING: x drift 0.20m from centerline. Stopping before rack entry.
[INFO] [1778714557.200215171] [final_warehouse_scan_node]: Drive to row 1: target_y=3.00, y=-2.95, dy=5.95, yaw_err=-0.068
[INFO] [1778714557.213935978] [final_warehouse_scan_node]: WARNING: x drift 0.20m from centerline. Stopping before rack entry.
[INFO] [1778714557.249972379] [final_warehouse_scan_node]: Drive to row 1: target_y=3.00, y=-2.95, dy=5.95, yaw_err=-0.068
[INFO] [1778714557.259179254] [final_warehouse_scan_node]: WARNING: x drift 0.20m from centerline. Stopping before rack entry.
[INFO] [1778714557.298972932] [final_warehouse_scan_node]: Drive to row 1: target_y=3.00, y=-2.95, dy=5.95, yaw_err=-0.068
[INFO] [1778714557.306596557] [final_warehouse_scan_node]: WARNING: x drift 0.20m from centerline. Stopping before rack entry.
[INFO] [1778714557.350347765] [final_warehouse_scan_node]: Drive to row 1: target_y=3.00, y=-2.95, dy=5.95, yaw_err=-0.068
[INFO] [1778714557.361016300] [final_warehouse_scan_node]: WARNING: x drift 0.20m from centerline. Stopping before rack entry.
[INFO] [1778714557.400915112] [final_warehouse_scan_node]: Drive to row 1: target_y=3.00, y=-2.95, dy=5.95, yaw_err=-0.068
[INFO] [1778714557.413165280] [final_warehouse_scan_node]: WARNING: x drift 0.20m from centerline. Stopping before rack entry.
[INFO] [1778714557.453568986] [final_warehouse_scan_node]: Drive to row 1: target_y=3.00, y=-2.95, dy=5.95, yaw_err=-0.068
[INFO] [1778714557.462254599] [final_warehouse_scan_node]: WARNING: x drift 0.20m from centerline. Stopping before rack entry.
[INFO] [1778714557.497909520] [final_warehouse_scan_node]: Drive to row 1: target_y=3.00, y=-2.95, dy=5.95, yaw_err=-0.068
[INFO] [1778714557.502385817] [final_warehouse_scan_node]: WARNING: x drift 0.20m from centerline. Stopping before rack entry.
[INFO] [1778714557.548045594] [final_warehouse_scan_node]: Drive to row 1: target_y=3.00, y=-2.95, dy=5.95, yaw_err=-0.068
[INFO] [1778714557.553885646] [final_warehouse_scan_node]: WARNING: x drift 0.20m from centerline. Stopping before rack entry.
[INFO] [1778714557.602207546] [final_warehouse_scan_node]: Drive to row 1: target_y=3.00, y=-2.95, dy=5.95, yaw_err=-0.068
[INFO] [1778714557.608231744] [final_warehouse_scan_node]: WARNING: x drift 0.20m from centerline. Stopping before rack entry.
[INFO] [1778714557.649576446] [final_warehouse_scan_node]: Drive to row 1: target_y=3.00, y=-2.95, dy=5.95, yaw_err=-0.068
[INFO] [1778714557.656565509] [final_warehouse_scan_node]: WARNING: x drift 0.20m from centerline. Stopping before rack entry.
[INFO] [1778714557.701505842] [final_warehouse_scan_node]: Drive to row 1: target_y=3.00, y=-2.95, dy=5.95, yaw_err=-0.068
[INFO] [1778714557.711271920] [final_warehouse_scan_node]: WARNING: x drift 0.20m from centerline. Stopping before rack entry.
[INFO] [1778714557.753665392] [final_warehouse_scan_node]: Drive to row 1: target_y=3.00, y=-2.95, dy=5.95, yaw_err=-0.068
[INFO] [1778714557.768824388] [final_warehouse_scan_node]: WARNING: x drift 0.20m from centerline. Stopping before rack entry.
[INFO] [1778714557.798506080] [final_warehouse_scan_node]: Drive to row 1: target_y=3.00, y=-2.95, dy=5.95, yaw_err=-0.068
[INFO] [1778714557.812431421] [final_warehouse_scan_node]: WARNING: x drift 0.20m from centerline. Stopping before rack entry.
[INFO] [1778714557.848068991] [final_warehouse_scan_node]: Drive to row 1: target_y=3.00, y=-2.95, dy=5.95, yaw_err=-0.068
[INFO] [1778714557.853129817] [final_warehouse_scan_node]: WARNING: x drift 0.20m from centerline. Stopping before rack entry.
[INFO] [1778714557.898050153] [final_warehouse_scan_node]: Drive to row 1: target_y=3.00, y=-2.95, dy=5.95, yaw_err=-0.068
[INFO] [1778714557.903343111] [final_warehouse_scan_node]: WARNING: x drift 0.20m from centerline. Stopping before rack entry.
[INFO] [1778714557.949858303] [final_warehouse_scan_node]: Drive to row 1: target_y=3.00, y=-2.95, dy=5.95, yaw_err=-0.068
[INFO] [1778714557.957140907] [final_warehouse_scan_node]: WARNING: x drift 0.20m from centerline. Stopping before rack entry.
[INFO] [1778714557.998709877] [final_warehouse_scan_node]: Drive to row 1: target_y=3.00, y=-2.95, dy=5.95, yaw_err=-0.068
[INFO] [1778714558.003739482] [final_warehouse_scan_node]: WARNING: x drift 0.20m from centerline. Stopping before rack entry.
[INFO] [1778714558.052624728] [final_warehouse_scan_node]: Drive to row 1: target_y=3.00, y=-2.95, dy=5.95, yaw_err=-0.068
[INFO] [1778714558.059011502] [final_warehouse_scan_node]: WARNING: x drift 0.20m from centerline. Stopping before rack entry.
[INFO] [1778714558.100444423] [final_warehouse_scan_node]: Drive to row 1: target_y=3.00, y=-2.95, dy=5.95, yaw_err=-0.068
[INFO] [1778714558.111473828] [final_warehouse_scan_node]: WARNING: x drift 0.20m from centerline. Stopping before rack entry.
[INFO] [1778714558.156578200] [final_warehouse_scan_node]: Drive to row 1: target_y=3.00, y=-2.95, dy=5.95, yaw_err=-0.068
[INFO] [1778714558.163894449] [final_warehouse_scan_node]: WARNING: x drift 0.20m from centerline. Stopping before rack entry.
[INFO] [1778714558.211083068] [final_warehouse_scan_node]: Drive to row 1: target_y=3.00, y=-2.95, dy=5.95, yaw_err=-0.068
[INFO] [1778714558.218989989] [final_warehouse_scan_node]: WARNING: x drift 0.20m from centerline. Stopping before rack entry.
[INFO] [1778714558.255441840] [final_warehouse_scan_node]: Drive to row 1: target_y=3.00, y=-2.95, dy=5.95, yaw_err=-0.068
[INFO] [1778714558.270624446] [final_warehouse_scan_node]: WARNING: x drift 0.20m from centerline. Stopping before rack entry.
[INFO] [1778714558.298682978] [final_warehouse_scan_node]: Drive to row 1: target_y=3.00, y=-2.95, dy=5.95, yaw_err=-0.068
[INFO] [1778714558.314278923] [final_warehouse_scan_node]: WARNING: x drift 0.20m from centerline. Stopping before rack entry.
[INFO] [1778714558.348609112] [final_warehouse_scan_node]: Drive to row 1: target_y=3.00, y=-2.95, dy=5.95, yaw_err=-0.068
[INFO] [1778714558.353943806] [final_warehouse_scan_node]: WARNING: x drift 0.20m from centerline. Stopping before rack entry.
[INFO] [1778714558.401514032] [final_warehouse_scan_node]: Drive to row 1: target_y=3.00, y=-2.95, dy=5.95, yaw_err=-0.068
[INFO] [1778714558.409565546] [final_warehouse_scan_node]: WARNING: x drift 0.20m from centerline. Stopping before rack entry.
[INFO] [1778714558.451579423] [final_warehouse_scan_node]: Drive to row 1: target_y=3.00, y=-2.95, dy=5.95, yaw_err=-0.068
[INFO] [1778714558.460119124] [final_warehouse_scan_node]: WARNING: x drift 0.20m from centerline. Stopping before rack entry.
[INFO] [1778714558.502910740] [final_warehouse_scan_node]: Drive to row 1: target_y=3.00, y=-2.95, dy=5.95, yaw_err=-0.068
[INFO] [1778714558.512618732] [final_warehouse_scan_node]: WARNING: x drift 0.20m from centerline. Stopping before rack entry.
[INFO] [1778714558.556300983] [final_warehouse_scan_node]: Drive to row 1: target_y=3.00, y=-2.95, dy=5.95, yaw_err=-0.068
[INFO] [1778714558.562933592] [final_warehouse_scan_node]: WARNING: x drift 0.20m from centerline. Stopping before rack entry.
[INFO] [1778714558.605203764] [final_warehouse_scan_node]: Drive to row 1: target_y=3.00, y=-2.95, dy=5.95, yaw_err=-0.068
[INFO] [1778714558.622200497] [final_warehouse_scan_node]: WARNING: x drift 0.20m from centerline. Stopping before rack entry.
[INFO] [1778714558.647959033] [final_warehouse_scan_node]: Drive to row 1: target_y=3.00, y=-2.95, dy=5.95, yaw_err=-0.068
[INFO] [1778714558.660595968] [final_warehouse_scan_node]: WARNING: x drift 0.20m from centerline. Stopping before rack entry.
[INFO] [1778714558.698714896] [final_warehouse_scan_node]: Drive to row 1: target_y=3.00, y=-2.95, dy=5.95, yaw_err=-0.068
[INFO] [1778714558.705292094] [final_warehouse_scan_node]: WARNING: x drift 0.20m from centerline. Stopping before rack entry.
[INFO] [1778714558.757564019] [final_warehouse_scan_node]: Drive to row 1: target_y=3.00, y=-2.95, dy=5.95, yaw_err=-0.068
[INFO] [1778714558.765222560] [final_warehouse_scan_node]: WARNING: x drift 0.20m from centerline. Stopping before rack entry.
[INFO] [1778714558.810286478] [final_warehouse_scan_node]: Drive to row 1: target_y=3.00, y=-2.95, dy=5.95, yaw_err=-0.068
[INFO] [1778714558.818350970] [final_warehouse_scan_node]: WARNING: x drift 0.20m from centerline. Stopping before rack entry.
[INFO] [1778714558.849329832] [final_warehouse_scan_node]: Drive to row 1: target_y=3.00, y=-2.95, dy=5.95, yaw_err=-0.068
[INFO] [1778714558.855430894] [final_warehouse_scan_node]: WARNING: x drift 0.20m from centerline. Stopping before rack entry.
[INFO] [1778714558.898922968] [final_warehouse_scan_node]: Drive to row 1: target_y=3.00, y=-2.95, dy=5.95, yaw_err=-0.068
[INFO] [1778714558.904922941] [final_warehouse_scan_node]: WARNING: x drift 0.20m from centerline. Stopping before rack entry.
[INFO] [1778714558.949690206] [final_warehouse_scan_node]: Drive to row 1: target_y=3.00, y=-2.95, dy=5.95, yaw_err=-0.068
[INFO] [1778714558.956615991] [final_warehouse_scan_node]: WARNING: x drift 0.20m from centerline. Stopping before rack entry.
[INFO] [1778714559.010777544] [final_warehouse_scan_node]: Drive to row 1: target_y=3.00, y=-2.95, dy=5.95, yaw_err=-0.068
[INFO] [1778714559.026296194] [final_warehouse_scan_node]: WARNING: x drift 0.20m from centerline. Stopping before rack entry.
[INFO] [1778714559.051754104] [final_warehouse_scan_node]: Drive to row 1: target_y=3.00, y=-2.95, dy=5.95, yaw_err=-0.068
[INFO] [1778714559.061432684] [final_warehouse_scan_node]: WARNING: x drift 0.20m from centerline. Stopping before rack entry.
[INFO] [1778714559.109403321] [final_warehouse_scan_node]: Drive to row 1: target_y=3.00, y=-2.95, dy=5.95, yaw_err=-0.068
[INFO] [1778714559.117486737] [final_warehouse_scan_node]: WARNING: x drift 0.20m from centerline. Stopping before rack entry.
[INFO] [1778714559.151745137] [final_warehouse_scan_node]: Drive to row 1: target_y=3.00, y=-2.95, dy=5.95, yaw_err=-0.068
[INFO] [1778714559.161369681] [final_warehouse_scan_node]: WARNING: x drift 0.20m from centerline. Stopping before rack entry.
[INFO] [1778714559.208944635] [final_warehouse_scan_node]: Drive to row 1: target_y=3.00, y=-2.95, dy=5.95, yaw_err=-0.068
[INFO] [1778714559.216281772] [final_warehouse_scan_node]: WARNING: x drift 0.20m from centerline. Stopping before rack entry.
[INFO] [1778714559.258607189] [final_warehouse_scan_node]: Drive to row 1: target_y=3.00, y=-2.95, dy=5.95, yaw_err=-0.068
[INFO] [1778714559.265224909] [final_warehouse_scan_node]: WARNING: x drift 0.20m from centerline. Stopping before rack entry.
[INFO] [1778714559.310835498] [final_warehouse_scan_node]: Drive to row 1: target_y=3.00, y=-2.95, dy=5.95, yaw_err=-0.068
[INFO] [1778714559.326999154] [final_warehouse_scan_node]: WARNING: x drift 0.20m from centerline. Stopping before rack entry.
[INFO] [1778714559.352685632] [final_warehouse_scan_node]: Drive to row 1: target_y=3.00, y=-2.95, dy=5.95, yaw_err=-0.068
[INFO] [1778714559.360906887] [final_warehouse_scan_node]: WARNING: x drift 0.20m from centerline. Stopping before rack entry.
[INFO] [1778714559.404285664] [final_warehouse_scan_node]: Drive to row 1: target_y=3.00, y=-2.95, dy=5.95, yaw_err=-0.068
[INFO] [1778714559.413700122] [final_warehouse_scan_node]: WARNING: x drift 0.20m from centerline. Stopping before rack entry.
[INFO] [1778714559.452038957] [final_warehouse_scan_node]: Drive to row 1: target_y=3.00, y=-2.95, dy=5.95, yaw_err=-0.068
[INFO] [1778714559.465980035] [final_warehouse_scan_node]: WARNING: x drift 0.20m from centerline. Stopping before rack entry.
[INFO] [1778714559.500343186] [final_warehouse_scan_node]: Drive to row 1: target_y=3.00, y=-2.95, dy=5.95, yaw_err=-0.068
[INFO] [1778714559.510007017] [final_warehouse_scan_node]: WARNING: x drift 0.20m from centerline. Stopping before rack entry.
[INFO] [1778714559.551668917] [final_warehouse_scan_node]: Drive to row 1: target_y=3.00, y=-2.95, dy=5.95, yaw_err=-0.068
[INFO] [1778714559.559482164] [final_warehouse_scan_node]: WARNING: x drift 0.20m from centerline. Stopping before rack entry.
[INFO] [1778714559.604560213] [final_warehouse_scan_node]: Drive to row 1: target_y=3.00, y=-2.95, dy=5.95, yaw_err=-0.068
[INFO] [1778714559.613752412] [final_warehouse_scan_node]: WARNING: x drift 0.20m from centerline. Stopping before rack entry.
[INFO] [1778714559.653732324] [final_warehouse_scan_node]: Drive to row 1: target_y=3.00, y=-2.95, dy=5.95, yaw_err=-0.068
[INFO] [1778714559.660198874] [final_warehouse_scan_node]: WARNING: x drift 0.20m from centerline. Stopping before rack entry.
[INFO] [1778714559.698162660] [final_warehouse_scan_node]: Drive to row 1: target_y=3.00, y=-2.95, dy=5.95, yaw_err=-0.068
[INFO] [1778714559.703505440] [final_warehouse_scan_node]: WARNING: x drift 0.20m from centerline. Stopping before rack entry.
[INFO] [1778714559.749361869] [final_warehouse_scan_node]: Drive to row 1: target_y=3.00, y=-2.95, dy=5.95, yaw_err=-0.068
[INFO] [1778714559.756098501] [final_warehouse_scan_node]: WARNING: x drift 0.20m from centerline. Stopping before rack entry.
[INFO] [1778714559.803313829] [final_warehouse_scan_node]: Drive to row 1: target_y=3.00, y=-2.95, dy=5.95, yaw_err=-0.068
[INFO] [1778714559.810160844] [final_warehouse_scan_node]: WARNING: x drift 0.20m from centerline. Stopping before rack entry.
[INFO] [1778714559.850976202] [final_warehouse_scan_node]: Drive to row 1: target_y=3.00, y=-2.95, dy=5.95, yaw_err=-0.068
[INFO] [1778714559.858701792] [final_warehouse_scan_node]: WARNING: x drift 0.20m from centerline. Stopping before rack entry.
[INFO] [1778714559.904092086] [final_warehouse_scan_node]: Drive to row 1: target_y=3.00, y=-2.95, dy=5.95, yaw_err=-0.068
[INFO] [1778714559.912895891] [final_warehouse_scan_node]: WARNING: x drift 0.20m from centerline. Stopping before rack entry.
[INFO] [1778714559.952618500] [final_warehouse_scan_node]: Drive to row 1: target_y=3.00, y=-2.95, dy=5.95, yaw_err=-0.068
[INFO] [1778714559.964894582] [final_warehouse_scan_node]: WARNING: x drift 0.20m from centerline. Stopping before rack entry.
[INFO] [1778714560.007571157] [final_warehouse_scan_node]: Drive to row 1: target_y=3.00, y=-2.95, dy=5.95, yaw_err=-0.068
[INFO] [1778714560.016670319] [final_warehouse_scan_node]: WARNING: x drift 0.20m from centerline. Stopping before rack entry.
[INFO] [1778714560.048768063] [final_warehouse_scan_node]: Drive to row 1: target_y=3.00, y=-2.95, dy=5.95, yaw_err=-0.068
[INFO] [1778714560.053787325] [final_warehouse_scan_node]: WARNING: x drift 0.20m from centerline. Stopping before rack entry.
[INFO] [1778714560.098325675] [final_warehouse_scan_node]: Drive to row 1: target_y=3.00, y=-2.95, dy=5.95, yaw_err=-0.068
[INFO] [1778714560.103236062] [final_warehouse_scan_node]: WARNING: x drift 0.20m from centerline. Stopping before rack entry.
[INFO] [1778714560.148438898] [final_warehouse_scan_node]: Drive to row 1: target_y=3.00, y=-2.95, dy=5.95, yaw_err=-0.068
[INFO] [1778714560.154953340] [final_warehouse_scan_node]: WARNING: x drift 0.20m from centerline. Stopping before rack entry.
[INFO] [1778714560.204339132] [final_warehouse_scan_node]: Drive to row 1: target_y=3.00, y=-2.95, dy=5.95, yaw_err=-0.068
[INFO] [1778714560.210558202] [final_warehouse_scan_node]: WARNING: x drift 0.20m from centerline. Stopping before rack entry.
[INFO] [1778714560.249402312] [final_warehouse_scan_node]: Drive to row 1: target_y=3.00, y=-2.95, dy=5.95, yaw_err=-0.068
[INFO] [1778714560.260480464] [final_warehouse_scan_node]: WARNING: x drift 0.20m from centerline. Stopping before rack entry.
[INFO] [1778714560.298853644] [final_warehouse_scan_node]: Drive to row 1: target_y=3.00, y=-2.95, dy=5.95, yaw_err=-0.068
[INFO] [1778714560.305662780] [final_warehouse_scan_node]: WARNING: x drift 0.20m from centerline. Stopping before rack entry.
[INFO] [1778714560.356421747] [final_warehouse_scan_node]: Drive to row 1: target_y=3.00, y=-2.95, dy=5.95, yaw_err=-0.068
[INFO] [1778714560.368627991] [final_warehouse_scan_node]: WARNING: x drift 0.20m from centerline. Stopping before rack entry.
[INFO] [1778714560.406797976] [final_warehouse_scan_node]: Drive to row 1: target_y=3.00, y=-2.95, dy=5.95, yaw_err=-0.068
[INFO] [1778714560.417968820] [final_warehouse_scan_node]: WARNING: x drift 0.20m from centerline. Stopping before rack entry.
[INFO] [1778714560.448933028] [final_warehouse_scan_node]: Drive to row 1: target_y=3.00, y=-2.95, dy=5.95, yaw_err=-0.068
[INFO] [1778714560.471204004] [final_warehouse_scan_node]: WARNING: x drift 0.20m from centerline. Stopping before rack entry.
[INFO] [1778714560.498997439] [final_warehouse_scan_node]: Drive to row 1: target_y=3.00, y=-2.95, dy=5.95, yaw_err=-0.068
[INFO] [1778714560.503961417] [final_warehouse_scan_node]: WARNING: x drift 0.20m from centerline. Stopping before rack entry.
[INFO] [1778714560.549531604] [final_warehouse_scan_node]: Drive to row 1: target_y=3.00, y=-2.95, dy=5.95, yaw_err=-0.068
[INFO] [1778714560.558374170] [final_warehouse_scan_node]: WARNING: x drift 0.20m from centerline. Stopping before rack entry.
[INFO] [1778714560.607114255] [final_warehouse_scan_node]: Drive to row 1: target_y=3.00, y=-2.95, dy=5.95, yaw_err=-0.068
[INFO] [1778714560.613776997] [final_warehouse_scan_node]: WARNING: x drift 0.20m from centerline. Stopping before rack entry.
[INFO] [1778714560.652170195] [final_warehouse_scan_node]: Drive to row 1: target_y=3.00, y=-2.95, dy=5.95, yaw_err=-0.068
[INFO] [1778714560.662583305] [final_warehouse_scan_node]: WARNING: x drift 0.20m from centerline. Stopping before rack entry.
[INFO] [1778714560.710079803] [final_warehouse_scan_node]: Drive to row 1: target_y=3.00, y=-2.95, dy=5.95, yaw_err=-0.068
[INFO] [1778714560.724237280] [final_warehouse_scan_node]: WARNING: x drift 0.20m from centerline. Stopping before rack entry.
[INFO] [1778714560.754669265] [final_warehouse_scan_node]: Drive to row 1: target_y=3.00, y=-2.95, dy=5.95, yaw_err=-0.068
[INFO] [1778714560.765036171] [final_warehouse_scan_node]: WARNING: x drift 0.20m from centerline. Stopping before rack entry.
[INFO] [1778714560.810131579] [final_warehouse_scan_node]: Drive to row 1: target_y=3.00, y=-2.95, dy=5.95, yaw_err=-0.068
[INFO] [1778714560.818208142] [final_warehouse_scan_node]: WARNING: x drift 0.20m from centerline. Stopping before rack entry.
[INFO] [1778714560.850277894] [final_warehouse_scan_node]: Drive to row 1: target_y=3.00, y=-2.95, dy=5.95, yaw_err=-0.068
[INFO] [1778714560.865687308] [final_warehouse_scan_node]: WARNING: x drift 0.20m from centerline. Stopping before rack entry.
[INFO] [1778714560.898472296] [final_warehouse_scan_node]: Drive to row 1: target_y=3.00, y=-2.95, dy=5.95, yaw_err=-0.068
[INFO] [1778714560.904124236] [final_warehouse_scan_node]: WARNING: x drift 0.20m from centerline. Stopping before rack entry.
[INFO] [1778714560.953964526] [final_warehouse_scan_node]: Drive to row 1: target_y=3.00, y=-2.95, dy=5.95, yaw_err=-0.068
[INFO] [1778714560.968638896] [final_warehouse_scan_node]: WARNING: x drift 0.20m from centerline. Stopping before rack entry.
[INFO] [1778714560.999854276] [final_warehouse_scan_node]: Drive to row 1: target_y=3.00, y=-2.95, dy=5.95, yaw_err=-0.068
[INFO] [1778714561.006295794] [final_warehouse_scan_node]: WARNING: x drift 0.20m from centerline. Stopping before rack entry.
[INFO] [1778714561.051440134] [final_warehouse_scan_node]: Drive to row 1: target_y=3.00, y=-2.95, dy=5.95, yaw_err=-0.068
[INFO] [1778714561.059493702] [final_warehouse_scan_node]: WARNING: x drift 0.20m from centerline. Stopping before rack entry.
[INFO] [1778714561.107536867] [final_warehouse_scan_node]: Drive to row 1: target_y=3.00, y=-2.95, dy=5.95, yaw_err=-0.068
[INFO] [1778714561.118715281] [final_warehouse_scan_node]: WARNING: x drift 0.20m from centerline. Stopping before rack entry.
[INFO] [1778714561.149301951] [final_warehouse_scan_node]: Drive to row 1: target_y=3.00, y=-2.95, dy=5.95, yaw_err=-0.068
[INFO] [1778714561.155202521] [final_warehouse_scan_node]: WARNING: x drift 0.20m from centerline. Stopping before rack entry.
[INFO] [1778714561.202048042] [final_warehouse_scan_node]: Drive to row 1: target_y=3.00, y=-2.95, dy=5.95, yaw_err=-0.068
[INFO] [1778714561.209765634] [final_warehouse_scan_node]: WARNING: x drift 0.20m from centerline. Stopping before rack entry.
[INFO] [1778714561.251242835] [final_warehouse_scan_node]: Drive to row 1: target_y=3.00, y=-2.95, dy=5.95, yaw_err=-0.068
[INFO] [1778714561.269083192] [final_warehouse_scan_node]: WARNING: x drift 0.20m from centerline. Stopping before rack entry.
[INFO] [1778714561.301640843] [final_warehouse_scan_node]: Drive to row 1: target_y=3.00, y=-2.95, dy=5.95, yaw_err=-0.068
[INFO] [1778714561.310822225] [final_warehouse_scan_node]: WARNING: x drift 0.20m from centerline. Stopping before rack entry.
[INFO] [1778714561.368307048] [final_warehouse_scan_node]: Drive to row 1: target_y=3.00, y=-2.95, dy=5.95, yaw_err=-0.068
[INFO] [1778714561.383740765] [final_warehouse_scan_node]: WARNING: x drift 0.20m from centerline. Stopping before rack entry.
[INFO] [1778714561.400871572] [final_warehouse_scan_node]: Drive to row 1: target_y=3.00, y=-2.95, dy=5.95, yaw_err=-0.068
[INFO] [1778714561.410094035] [final_warehouse_scan_node]: WARNING: x drift 0.20m from centerline. Stopping before rack entry.
[INFO] [1778714561.459633222] [final_warehouse_scan_node]: Drive to row 1: target_y=3.00, y=-2.95, dy=5.95, yaw_err=-0.068
[INFO] [1778714561.467464221] [final_warehouse_scan_node]: WARNING: x drift 0.20m from centerline. Stopping before rack entry.
[INFO] [1778714561.508643869] [final_warehouse_scan_node]: Drive to row 1: target_y=3.00, y=-2.95, dy=5.95, yaw_err=-0.068
[INFO] [1778714561.521166509] [final_warehouse_scan_node]: WARNING: x drift 0.20m from centerline. Stopping before rack entry.
[INFO] [1778714561.552096100] [final_warehouse_scan_node]: Drive to row 1: target_y=3.00, y=-2.95, dy=5.95, yaw_err=-0.068
[INFO] [1778714561.559162872] [final_warehouse_scan_node]: WARNING: x drift 0.20m from centerline. Stopping before rack entry.
[INFO] [1778714561.600970214] [final_warehouse_scan_node]: Drive to row 1: target_y=3.00, y=-2.95, dy=5.95, yaw_err=-0.068
[INFO] [1778714561.607465156] [final_warehouse_scan_node]: WARNING: x drift 0.20m from centerline. Stopping before rack entry.
[INFO] [1778714561.655428549] [final_warehouse_scan_node]: Drive to row 1: target_y=3.00, y=-2.95, dy=5.95, yaw_err=-0.068
[INFO] [1778714561.670373826] [final_warehouse_scan_node]: WARNING: x drift 0.20m from centerline. Stopping before rack entry.
[INFO] [1778714561.698654114] [final_warehouse_scan_node]: Drive to row 1: target_y=3.00, y=-2.95, dy=5.95, yaw_err=-0.068
[INFO] [1778714561.704456322] [final_warehouse_scan_node]: WARNING: x drift 0.20m from centerline. Stopping before rack entry.
[INFO] [1778714561.748804738] [final_warehouse_scan_node]: Drive to row 1: target_y=3.00, y=-2.95, dy=5.95, yaw_err=-0.068
[INFO] [1778714561.754712109] [final_warehouse_scan_node]: WARNING: x drift 0.20m from centerline. Stopping before rack entry.
[INFO] [1778714561.803731115] [final_warehouse_scan_node]: Drive to row 1: target_y=3.00, y=-2.95, dy=5.95, yaw_err=-0.068
[INFO] [1778714561.810775565] [final_warehouse_scan_node]: WARNING: x drift 0.20m from centerline. Stopping before rack entry.
[INFO] [1778714561.849279389] [final_warehouse_scan_node]: Drive to row 1: target_y=3.00, y=-2.95, dy=5.95, yaw_err=-0.068
[INFO] [1778714561.863339250] [final_warehouse_scan_node]: WARNING: x drift 0.20m from centerline. Stopping before rack entry.
[INFO] [1778714561.898480153] [final_warehouse_scan_node]: Drive to row 1: target_y=3.00, y=-2.95, dy=5.95, yaw_err=-0.068
[INFO] [1778714561.921187926] [final_warehouse_scan_node]: WARNING: x drift 0.20m from centerline. Stopping before rack entry.
[INFO] [1778714561.949115030] [final_warehouse_scan_node]: Drive to row 1: target_y=3.00, y=-2.95, dy=5.95, yaw_err=-0.068
[INFO] [1778714561.955015598] [final_warehouse_scan_node]: WARNING: x drift 0.20m from centerline. Stopping before rack entry.
[INFO] [1778714562.122757656] [final_warehouse_scan_node]: Drive to row 1: target_y=3.00, y=-2.95, dy=5.95, yaw_err=-0.068
[INFO] [1778714562.133050432] [final_warehouse_scan_node]: WARNING: x drift 0.20m from centerline. Stopping before rack entry.
[INFO] [1778714562.170821730] [final_warehouse_scan_node]: Drive to row 1: target_y=3.00, y=-2.95, dy=5.95, yaw_err=-0.068
[INFO] [1778714562.184586184] [final_warehouse_scan_node]: WARNING: x drift 0.20m from centerline. Stopping before rack entry.
[INFO] [1778714562.191001680] [final_warehouse_scan_node]: Drive to row 1: target_y=3.00, y=-2.95, dy=5.95, yaw_err=-0.068
[INFO] [1778714562.197225015] [final_warehouse_scan_node]: WARNING: x drift 0.20m from centerline. Stopping before rack entry.
[INFO] [1778714562.202304204] [final_warehouse_scan_node]: Drive to row 1: target_y=3.00, y=-2.95, dy=5.95, yaw_err=-0.068
[INFO] [1778714562.208320123] [final_warehouse_scan_node]: WARNING: x drift 0.20m from centerline. Stopping before rack entry.
[INFO] [1778714562.247606444] [final_warehouse_scan_node]: Drive to row 1: target_y=3.00, y=-2.95, dy=5.95, yaw_err=-0.068
[INFO] [1778714562.252169569] [final_warehouse_scan_node]: WARNING: x drift 0.20m from centerline. Stopping before rack entry.
[INFO] [1778714562.297693323] [final_warehouse_scan_node]: Drive to row 1: target_y=3.00, y=-2.95, dy=5.95, yaw_err=-0.068
[INFO] [1778714562.302681063] [final_warehouse_scan_node]: WARNING: x drift 0.20m from centerline. Stopping before rack entry.
[INFO] [1778714562.356195539] [final_warehouse_scan_node]: Drive to row 1: target_y=3.00, y=-2.95, dy=5.95, yaw_err=-0.068
[INFO] [1778714562.362945012] [final_warehouse_scan_node]: WARNING: x drift 0.20m from centerline. Stopping before rack entry.
[INFO] [1778714562.404675582] [final_warehouse_scan_node]: Drive to row 1: target_y=3.00, y=-2.95, dy=5.95, yaw_err=-0.068
[INFO] [1778714562.411271804] [final_warehouse_scan_node]: WARNING: x drift 0.20m from centerline. Stopping before rack entry.
[INFO] [1778714562.449991644] [final_warehouse_scan_node]: Drive to row 1: target_y=3.00, y=-2.95, dy=5.95, yaw_err=-0.068
[INFO] [1778714562.463082019] [final_warehouse_scan_node]: WARNING: x drift 0.20m from centerline. Stopping before rack entry.
[INFO] [1778714562.502082207] [final_warehouse_scan_node]: Drive to row 1: target_y=3.00, y=-2.95, dy=5.95, yaw_err=-0.068
[INFO] [1778714562.515142465] [final_warehouse_scan_node]: WARNING: x drift 0.20m from centerline. Stopping before rack entry.
[INFO] [1778714562.551807717] [final_warehouse_scan_node]: Drive to row 1: target_y=3.00, y=-2.95, dy=5.95, yaw_err=-0.068
[INFO] [1778714562.557633725] [final_warehouse_scan_node]: WARNING: x drift 0.20m from centerline. Stopping before rack entry.
[INFO] [1778714562.598537460] [final_warehouse_scan_node]: Drive to row 1: target_y=3.00, y=-2.95, dy=5.95, yaw_err=-0.068
[INFO] [1778714562.610444303] [final_warehouse_scan_node]: WARNING: x drift 0.20m from centerline. Stopping before rack entry.
[INFO] [1778714562.651014720] [final_warehouse_scan_node]: Drive to row 1: target_y=3.00, y=-2.95, dy=5.95, yaw_err=-0.068
[INFO] [1778714562.669362631] [final_warehouse_scan_node]: WARNING: x drift 0.20m from centerline. Stopping before rack entry.
[INFO] [1778714562.701838939] [final_warehouse_scan_node]: Drive to row 1: target_y=3.00, y=-2.95, dy=5.95, yaw_err=-0.068
[INFO] [1778714562.711653548] [final_warehouse_scan_node]: WARNING: x drift 0.20m from centerline. Stopping before rack entry.
[INFO] [1778714562.756252297] [final_warehouse_scan_node]: Drive to row 1: target_y=3.00, y=-2.95, dy=5.95, yaw_err=-0.068
[INFO] [1778714562.763497383] [final_warehouse_scan_node]: WARNING: x drift 0.20m from centerline. Stopping before rack entry.
[INFO] [1778714562.799646584] [final_warehouse_scan_node]: Drive to row 1: target_y=3.00, y=-2.95, dy=5.95, yaw_err=-0.068
[INFO] [1778714562.805467623] [final_warehouse_scan_node]: WARNING: x drift 0.20m from centerline. Stopping before rack entry.
[INFO] [1778714562.847538505] [final_warehouse_scan_node]: Drive to row 1: target_y=3.00, y=-2.95, dy=5.95, yaw_err=-0.068
[INFO] [1778714562.852256673] [final_warehouse_scan_node]: WARNING: x drift 0.20m from centerline. Stopping before rack entry.
[INFO] [1778714562.898976259] [final_warehouse_scan_node]: Drive to row 1: target_y=3.00, y=-2.95, dy=5.95, yaw_err=-0.068
[INFO] [1778714562.908353818] [final_warehouse_scan_node]: WARNING: x drift 0.20m from centerline. Stopping before rack entry.
[INFO] [1778714562.958071408] [final_warehouse_scan_node]: Drive to row 1: target_y=3.00, y=-2.95, dy=5.95, yaw_err=-0.068
[INFO] [1778714562.967729094] [final_warehouse_scan_node]: WARNING: x drift 0.20m from centerline. Stopping before rack entry.
[INFO] [1778714563.000772675] [final_warehouse_scan_node]: Drive to row 1: target_y=3.00, y=-2.95, dy=5.95, yaw_err=-0.068
[INFO] [1778714563.022245309] [final_warehouse_scan_node]: WARNING: x drift 0.20m from centerline. Stopping before rack entry.
[INFO] [1778714563.052949191] [final_warehouse_scan_node]: Drive to row 1: target_y=3.00, y=-2.95, dy=5.95, yaw_err=-0.068
[INFO] [1778714563.062775319] [final_warehouse_scan_node]: WARNING: x drift 0.20m from centerline. Stopping before rack entry.
[INFO] [1778714563.111985789] [final_warehouse_scan_node]: Drive to row 1: target_y=3.00, y=-2.95, dy=5.95, yaw_err=-0.068
[INFO] [1778714563.122361491] [final_warehouse_scan_node]: WARNING: x drift 0.20m from centerline. Stopping before rack entry.
[INFO] [1778714563.153172732] [final_warehouse_scan_node]: Drive to row 1: target_y=3.00, y=-2.95, dy=5.95, yaw_err=-0.068
[INFO] [1778714563.161280750] [final_warehouse_scan_node]: WARNING: x drift 0.20m from centerline. Stopping before rack entry.
[INFO] [1778714563.210665540] [final_warehouse_scan_node]: Drive to row 1: target_y=3.00, y=-2.95, dy=5.95, yaw_err=-0.068
[INFO] [1778714563.218291764] [final_warehouse_scan_node]: WARNING: x drift 0.20m from centerline. Stopping before rack entry.
[INFO] [1778714563.255106313] [final_warehouse_scan_node]: Drive to row 1: target_y=3.00, y=-2.95, dy=5.95, yaw_err=-0.068
[INFO] [1778714563.262378633] [final_warehouse_scan_node]: WARNING: x drift 0.20m from centerline. Stopping before rack entry.
[INFO] [1778714563.299164510] [final_warehouse_scan_node]: Drive to row 1: target_y=3.00, y=-2.95, dy=5.95, yaw_err=-0.068
[INFO] [1778714563.307191120] [final_warehouse_scan_node]: WARNING: x drift 0.20m from centerline. Stopping before rack entry.
[INFO] [1778714563.354457730] [final_warehouse_scan_node]: Drive to row 1: target_y=3.00, y=-2.95, dy=5.95, yaw_err=-0.068
[INFO] [1778714563.366137157] [final_warehouse_scan_node]: WARNING: x drift 0.20m from centerline. Stopping before rack entry.
[INFO] [1778714563.399703373] [final_warehouse_scan_node]: Drive to row 1: target_y=3.00, y=-2.95, dy=5.95, yaw_err=-0.068
[INFO] [1778714563.411451680] [final_warehouse_scan_node]: WARNING: x drift 0.20m from centerline. Stopping before rack entry.
[INFO] [1778714563.450574186] [final_warehouse_scan_node]: Drive to row 1: target_y=3.00, y=-2.95, dy=5.95, yaw_err=-0.068
[INFO] [1778714563.463263380] [final_warehouse_scan_node]: WARNING: x drift 0.20m from centerline. Stopping before rack entry.
[INFO] [1778714563.502207955] [final_warehouse_scan_node]: Drive to row 1: target_y=3.00, y=-2.95, dy=5.95, yaw_err=-0.068
[INFO] [1778714563.513694827] [final_warehouse_scan_node]: WARNING: x drift 0.20m from centerline. Stopping before rack entry.
[INFO] [1778714563.549741595] [final_warehouse_scan_node]: Drive to row 1: target_y=3.00, y=-2.95, dy=5.95, yaw_err=-0.068
[INFO] [1778714563.556810136] [final_warehouse_scan_node]: WARNING: x drift 0.20m from centerline. Stopping before rack entry.
[INFO] [1778714563.604094449] [final_warehouse_scan_node]: Drive to row 1: target_y=3.00, y=-2.95, dy=5.95, yaw_err=-0.068
[INFO] [1778714563.613855386] [final_warehouse_scan_node]: WARNING: x drift 0.20m from centerline. Stopping before rack entry.
[INFO] [1778714563.655039615] [final_warehouse_scan_node]: Drive to row 1: target_y=3.00, y=-2.95, dy=5.95, yaw_err=-0.068
[INFO] [1778714563.668377199] [final_warehouse_scan_node]: WARNING: x drift 0.20m from centerline. Stopping before rack entry.
[INFO] [1778714563.698801670] [final_warehouse_scan_node]: Drive to row 1: target_y=3.00, y=-2.95, dy=5.95, yaw_err=-0.068
[INFO] [1778714563.703627109] [final_warehouse_scan_node]: WARNING: x drift 0.20m from centerline. Stopping before rack entry.
[INFO] [1778714563.749686851] [final_warehouse_scan_node]: Drive to row 1: target_y=3.00, y=-2.95, dy=5.95, yaw_err=-0.068
[INFO] [1778714563.756196902] [final_warehouse_scan_node]: WARNING: x drift 0.20m from centerline. Stopping before rack entry.
[INFO] [1778714563.803071358] [final_warehouse_scan_node]: Drive to row 1: target_y=3.00, y=-2.95, dy=5.95, yaw_err=-0.068
[INFO] [1778714563.814354474] [final_warehouse_scan_node]: WARNING: x drift 0.20m from centerline. Stopping before rack entry.
[INFO] [1778714563.856705433] [final_warehouse_scan_node]: Drive to row 1: target_y=3.00, y=-2.95, dy=5.95, yaw_err=-0.068
[INFO] [1778714563.866790217] [final_warehouse_scan_node]: WARNING: x drift 0.20m from centerline. Stopping before rack entry.
[INFO] [1778714563.913183115] [final_warehouse_scan_node]: Drive to row 1: target_y=3.00, y=-2.95, dy=5.95, yaw_err=-0.068
[INFO] [1778714563.930581072] [final_warehouse_scan_node]: WARNING: x drift 0.20m from centerline. Stopping before rack entry.
[INFO] [1778714563.948646339] [final_warehouse_scan_node]: Drive to row 1: target_y=3.00, y=-2.95, dy=5.95, yaw_err=-0.068
[INFO] [1778714563.954410270] [final_warehouse_scan_node]: WARNING: x drift 0.20m from centerline. Stopping before rack entry.
[INFO] [1778714564.004184748] [final_warehouse_scan_node]: Drive to row 1: target_y=3.00, y=-2.95, dy=5.95, yaw_err=-0.068
[INFO] [1778714564.011725080] [final_warehouse_scan_node]: WARNING: x drift 0.20m from centerline. Stopping before rack entry.
[INFO] [1778714564.050346764] [final_warehouse_scan_node]: Drive to row 1: target_y=3.00, y=-2.95, dy=5.95, yaw_err=-0.068
[INFO] [1778714564.063694609] [final_warehouse_scan_node]: WARNING: x drift 0.20m from centerline. Stopping before rack entry.
[INFO] [1778714564.104750421] [final_warehouse_scan_node]: Drive to row 1: target_y=3.00, y=-2.95, dy=5.95, yaw_err=-0.068
[INFO] [1778714564.117643814] [final_warehouse_scan_node]: WARNING: x drift 0.20m from centerline. Stopping before rack entry.
[INFO] [1778714564.149828676] [final_warehouse_scan_node]: Drive to row 1: target_y=3.00, y=-2.95, dy=5.95, yaw_err=-0.068
[INFO] [1778714564.155404427] [final_warehouse_scan_node]: WARNING: x drift 0.20m from centerline. Stopping before rack entry.
[INFO] [1778714564.198913791] [final_warehouse_scan_node]: Drive to row 1: target_y=3.00, y=-2.95, dy=5.95, yaw_err=-0.068
[INFO] [1778714564.205017022] [final_warehouse_scan_node]: WARNING: x drift 0.20m from centerline. Stopping before rack entry.
[INFO] [1778714564.251207237] [final_warehouse_scan_node]: Drive to row 1: target_y=3.00, y=-2.95, dy=5.95, yaw_err=-0.068
[INFO] [1778714564.256170999] [final_warehouse_scan_node]: WARNING: x drift 0.20m from centerline. Stopping before rack entry.
[INFO] [1778714564.300398956] [final_warehouse_scan_node]: Drive to row 1: target_y=3.00, y=-2.95, dy=5.95, yaw_err=-0.068
[INFO] [1778714564.306978000] [final_warehouse_scan_node]: WARNING: x drift 0.20m from centerline. Stopping before rack entry.
[INFO] [1778714564.352717176] [final_warehouse_scan_node]: Drive to row 1: target_y=3.00, y=-2.95, dy=5.95, yaw_err=-0.068
[INFO] [1778714564.365386411] [final_warehouse_scan_node]: WARNING: x drift 0.20m from centerline. Stopping before rack entry.
[INFO] [1778714564.405665722] [final_warehouse_scan_node]: Drive to row 1: target_y=3.00, y=-2.95, dy=5.95, yaw_err=-0.068
[INFO] [1778714564.414093460] [final_warehouse_scan_node]: WARNING: x drift 0.20m from centerline. Stopping before rack entry.
[INFO] [1778714564.452813819] [final_warehouse_scan_node]: Drive to row 1: target_y=3.00, y=-2.95, dy=5.95, yaw_err=-0.068
[INFO] [1778714564.466814028] [final_warehouse_scan_node]: WARNING: x drift 0.20m from centerline. Stopping before rack entry.
[INFO] [1778714564.500721737] [final_warehouse_scan_node]: Drive to row 1: target_y=3.00, y=-2.95, dy=5.95, yaw_err=-0.068
[INFO] [1778714564.508736732] [final_warehouse_scan_node]: WARNING: x drift 0.20m from centerline. Stopping before rack entry.
[INFO] [1778714564.551028010] [final_warehouse_scan_node]: Drive to row 1: target_y=3.00, y=-2.95, dy=5.95, yaw_err=-0.068
[INFO] [1778714564.556460925] [final_warehouse_scan_node]: WARNING: x drift 0.20m from centerline. Stopping before rack entry.
[INFO] [1778714564.605946383] [final_warehouse_scan_node]: Drive to row 1: target_y=3.00, y=-2.95, dy=5.95, yaw_err=-0.068
[INFO] [1778714564.614186927] [final_warehouse_scan_node]: WARNING: x drift 0.20m from centerline. Stopping before rack entry.
[INFO] [1778714564.655495826] [final_warehouse_scan_node]: Drive to row 1: target_y=3.00, y=-2.95, dy=5.95, yaw_err=-0.068
[INFO] [1778714564.661368499] [final_warehouse_scan_node]: WARNING: x drift 0.20m from centerline. Stopping before rack entry.
[INFO] [1778714564.707462163] [final_warehouse_scan_node]: Drive to row 1: target_y=3.00, y=-2.95, dy=5.95, yaw_err=-0.068
[INFO] [1778714564.724308326] [final_warehouse_scan_node]: WARNING: x drift 0.20m from centerline. Stopping before rack entry.
[INFO] [1778714564.749699758] [final_warehouse_scan_node]: Drive to row 1: target_y=3.00, y=-2.95, dy=5.95, yaw_err=-0.068
[INFO] [1778714564.756010734] [final_warehouse_scan_node]: WARNING: x drift 0.20m from centerline. Stopping before rack entry.
[INFO] [1778714564.800137245] [final_warehouse_scan_node]: Drive to row 1: target_y=3.00, y=-2.95, dy=5.95, yaw_err=-0.068
[INFO] [1778714564.806923535] [final_warehouse_scan_node]: WARNING: x drift 0.20m from centerline. Stopping before rack entry.
[INFO] [1778714564.854291740] [final_warehouse_scan_node]: Drive to row 1: target_y=3.00, y=-2.95, dy=5.95, yaw_err=-0.068
[INFO] [1778714564.864498643] [final_warehouse_scan_node]: WARNING: x drift 0.20m from centerline. Stopping before rack entry.
[INFO] [1778714564.911826352] [final_warehouse_scan_node]: Drive to row 1: target_y=3.00, y=-2.95, dy=5.95, yaw_err=-0.068
[INFO] [1778714564.928490251] [final_warehouse_scan_node]: WARNING: x drift 0.20m from centerline. Stopping before rack entry.
[INFO] [1778714564.950235040] [final_warehouse_scan_node]: Drive to row 1: target_y=3.00, y=-2.95, dy=5.95, yaw_err=-0.068
[INFO] [1778714564.956706043] [final_warehouse_scan_node]: WARNING: x drift 0.20m from centerline. Stopping before rack entry.
[INFO] [1778714565.003223527] [final_warehouse_scan_node]: Drive to row 1: target_y=3.00, y=-2.95, dy=5.95, yaw_err=-0.068
[INFO] [1778714565.009369642] [final_warehouse_scan_node]: WARNING: x drift 0.20m from centerline. Stopping before rack entry.
[INFO] [1778714565.055560890] [final_warehouse_scan_node]: Drive to row 1: target_y=3.00, y=-2.95, dy=5.95, yaw_err=-0.068
[INFO] [1778714565.065949564] [final_warehouse_scan_node]: WARNING: x drift 0.20m from centerline. Stopping before rack entry.
[INFO] [1778714565.108238866] [final_warehouse_scan_node]: Drive to row 1: target_y=3.00, y=-2.95, dy=5.95, yaw_err=-0.068
[INFO] [1778714565.118650956] [final_warehouse_scan_node]: WARNING: x drift 0.20m from centerline. Stopping before rack entry.
[INFO] [1778714565.151024667] [final_warehouse_scan_node]: Drive to row 1: target_y=3.00, y=-2.95, dy=5.95, yaw_err=-0.068
[INFO] [1778714565.157233875] [final_warehouse_scan_node]: WARNING: x drift 0.20m from centerline. Stopping before rack entry.
[INFO] [1778714565.203373700] [final_warehouse_scan_node]: Drive to row 1: target_y=3.00, y=-2.95, dy=5.95, yaw_err=-0.068
[INFO] [1778714565.209542903] [final_warehouse_scan_node]: WARNING: x drift 0.20m from centerline. Stopping before rack entry.
[INFO] [1778714565.256617006] [final_warehouse_scan_node]: Drive to row 1: target_y=3.00, y=-2.95, dy=5.95, yaw_err=-0.068
[INFO] [1778714565.271785326] [final_warehouse_scan_node]: WARNING: x drift 0.20m from centerline. Stopping before rack entry.
[INFO] [1778714565.299229162] [final_warehouse_scan_node]: Drive to row 1: target_y=3.00, y=-2.95, dy=5.95, yaw_err=-0.068
[INFO] [1778714565.316768159] [final_warehouse_scan_node]: WARNING: x drift 0.20m from centerline. Stopping before rack entry.
[INFO] [1778714565.350269506] [final_warehouse_scan_node]: Drive to row 1: target_y=3.00, y=-2.95, dy=5.95, yaw_err=-0.068
[INFO] [1778714565.358046439] [final_warehouse_scan_node]: WARNING: x drift 0.20m from centerline. Stopping before rack entry.
[INFO] [1778714565.401087894] [final_warehouse_scan_node]: Drive to row 1: target_y=3.00, y=-2.95, dy=5.95, yaw_err=-0.068
[INFO] [1778714565.407940109] [final_warehouse_scan_node]: WARNING: x drift 0.20m from centerline. Stopping before rack entry.
[INFO] [1778714565.458780655] [final_warehouse_scan_node]: Drive to row 1: target_y=3.00, y=-2.95, dy=5.95, yaw_err=-0.068
[INFO] [1778714565.466248110] [final_warehouse_scan_node]: WARNING: x drift 0.20m from centerline. Stopping before rack entry.
[INFO] [1778714565.500445721] [final_warehouse_scan_node]: Drive to row 1: target_y=3.00, y=-2.95, dy=5.95, yaw_err=-0.068
[INFO] [1778714565.514381590] [final_warehouse_scan_node]: WARNING: x drift 0.20m from centerline. Stopping before rack entry.
[INFO] [1778714565.548966971] [final_warehouse_scan_node]: Drive to row 1: target_y=3.00, y=-2.95, dy=5.95, yaw_err=-0.068
[INFO] [1778714565.566032863] [final_warehouse_scan_node]: WARNING: x drift 0.20m from centerline. Stopping before rack entry.
[INFO] [1778714565.599612361] [final_warehouse_scan_node]: Drive to row 1: target_y=3.00, y=-2.95, dy=5.95, yaw_err=-0.068
[INFO] [1778714565.605113582] [final_warehouse_scan_node]: WARNING: x drift 0.20m from centerline. Stopping before rack entry.
[INFO] [1778714565.650500318] [final_warehouse_scan_node]: Drive to row 1: target_y=3.00, y=-2.95, dy=5.95, yaw_err=-0.068
[INFO] [1778714565.658954248] [final_warehouse_scan_node]: WARNING: x drift 0.20m from centerline. Stopping before rack entry.
[INFO] [1778714565.702370549] [final_warehouse_scan_node]: Drive to row 1: target_y=3.00, y=-2.95, dy=5.95, yaw_err=-0.068
[INFO] [1778714565.708316556] [final_warehouse_scan_node]: WARNING: x drift 0.20m from centerline. Stopping before rack entry.
[INFO] [1778714565.754362323] [final_warehouse_scan_node]: Drive to row 1: target_y=3.00, y=-2.95, dy=5.95, yaw_err=-0.068
[INFO] [1778714565.769219338] [final_warehouse_scan_node]: WARNING: x drift 0.20m from centerline. Stopping before rack entry.
[INFO] [1778714565.803976162] [final_warehouse_scan_node]: Drive to row 1: target_y=3.00, y=-2.95, dy=5.95, yaw_err=-0.068
[INFO] [1778714565.819871419] [final_warehouse_scan_node]: WARNING: x drift 0.20m from centerline. Stopping before rack entry.
[INFO] [1778714565.851556700] [final_warehouse_scan_node]: Drive to row 1: target_y=3.00, y=-2.95, dy=5.95, yaw_err=-0.068
[INFO] [1778714565.859355451] [final_warehouse_scan_node]: WARNING: x drift 0.20m from centerline. Stopping before rack entry.
[INFO] [1778714565.906031887] [final_warehouse_scan_node]: Drive to row 1: target_y=3.00, y=-2.95, dy=5.95, yaw_err=-0.068
[INFO] [1778714565.913471902] [final_warehouse_scan_node]: WARNING: x drift 0.20m from centerline. Stopping before rack entry.
[INFO] [1778714565.958797808] [final_warehouse_scan_node]: Drive to row 1: target_y=3.00, y=-2.95, dy=5.95, yaw_err=-0.068
[INFO] [1778714565.972737505] [final_warehouse_scan_node]: WARNING: x drift 0.20m from centerline. Stopping before rack entry.
[INFO] [1778714566.001751084] [final_warehouse_scan_node]: Drive to row 1: target_y=3.00, y=-2.95, dy=5.95, yaw_err=-0.068
[INFO] [1778714566.009762650] [final_warehouse_scan_node]: WARNING: x drift 0.20m from centerline. Stopping before rack entry.
[INFO] [1778714566.054932622] [final_warehouse_scan_node]: Drive to row 1: target_y=3.00, y=-2.95, dy=5.95, yaw_err=-0.068
[INFO] [1778714566.060638885] [final_warehouse_scan_node]: WARNING: x drift 0.20m from centerline. Stopping before rack entry.
[INFO] [1778714566.107497583] [final_warehouse_scan_node]: Drive to row 1: target_y=3.00, y=-2.95, dy=5.95, yaw_err=-0.068
[INFO] [1778714566.124290458] [final_warehouse_scan_node]: WARNING: x drift 0.20m from centerline. Stopping before rack entry.
[INFO] [1778714566.151259477] [final_warehouse_scan_node]: Drive to row 1: target_y=3.00, y=-2.95, dy=5.95, yaw_err=-0.068
[INFO] [1778714566.156920776] [final_warehouse_scan_node]: WARNING: x drift 0.20m from centerline. Stopping before rack entry.
[INFO] [1778714566.199512349] [final_warehouse_scan_node]: Drive to row 1: target_y=3.00, y=-2.95, dy=5.95, yaw_err=-0.068
[INFO] [1778714566.205222661] [final_warehouse_scan_node]: WARNING: x drift 0.20m from centerline. Stopping before rack entry.
[INFO] [1778714566.257122773] [final_warehouse_scan_node]: Drive to row 1: target_y=3.00, y=-2.95, dy=5.95, yaw_err=-0.068
[INFO] [1778714566.267973344] [final_warehouse_scan_node]: WARNING: x drift 0.20m from centerline. Stopping before rack entry.
[INFO] [1778714566.302143759] [final_warehouse_scan_node]: Drive to row 1: target_y=3.00, y=-2.95, dy=5.95, yaw_err=-0.068
[INFO] [1778714566.318989397] [final_warehouse_scan_node]: WARNING: x drift 0.20m from centerline. Stopping before rack entry.
[INFO] [1778714566.351698935] [final_warehouse_scan_node]: Drive to row 1: target_y=3.00, y=-2.95, dy=5.95, yaw_err=-0.068
[INFO] [1778714566.359237130] [final_warehouse_scan_node]: WARNING: x drift 0.20m from centerline. Stopping before rack entry.
[INFO] [1778714566.403243176] [final_warehouse_scan_node]: Drive to row 1: target_y=3.00, y=-2.95, dy=5.95, yaw_err=-0.068
[INFO] [1778714566.409682361] [final_warehouse_scan_node]: WARNING: x drift 0.20m from centerline. Stopping before rack entry.
[INFO] [1778714566.454068768] [final_warehouse_scan_node]: Drive to row 1: target_y=3.00, y=-2.95, dy=5.95, yaw_err=-0.068
[INFO] [1778714566.467969033] [final_warehouse_scan_node]: WARNING: x drift 0.20m from centerline. Stopping before rack entry.
[INFO] [1778714566.503516824] [final_warehouse_scan_node]: Drive to row 1: target_y=3.00, y=-2.95, dy=5.95, yaw_err=-0.068
[INFO] [1778714566.508662429] [final_warehouse_scan_node]: WARNING: x drift 0.20m from centerline. Stopping before rack entry.
[INFO] [1778714566.549438745] [final_warehouse_scan_node]: Drive to row 1: target_y=3.00, y=-2.95, dy=5.95, yaw_err=-0.068
[INFO] [1778714566.555208015] [final_warehouse_scan_node]: WARNING: x drift 0.20m from centerline. Stopping before rack entry.
[INFO] [1778714566.599486511] [final_warehouse_scan_node]: Drive to row 1: target_y=3.00, y=-2.95, dy=5.95, yaw_err=-0.068
[INFO] [1778714566.605408254] [final_warehouse_scan_node]: WARNING: x drift 0.20m from centerline. Stopping before rack entry.
[INFO] [1778714566.650731095] [final_warehouse_scan_node]: Drive to row 1: target_y=3.00, y=-2.95, dy=5.95, yaw_err=-0.068
[INFO] [1778714566.657564515] [final_warehouse_scan_node]: WARNING: x drift 0.20m from centerline. Stopping before rack entry.
[INFO] [1778714566.703367327] [final_warehouse_scan_node]: Drive to row 1: target_y=3.00, y=-2.95, dy=5.95, yaw_err=-0.068
[INFO] [1778714566.716764873] [final_warehouse_scan_node]: WARNING: x drift 0.20m from centerline. Stopping before rack entry.
[INFO] [1778714566.750198801] [final_warehouse_scan_node]: Drive to row 1: target_y=3.00, y=-2.95, dy=5.95, yaw_err=-0.068
[INFO] [1778714566.761257634] [final_warehouse_scan_node]: WARNING: x drift 0.20m from centerline. Stopping before rack entry.
[INFO] [1778714566.801688733] [final_warehouse_scan_node]: Drive to row 1: target_y=3.00, y=-2.95, dy=5.95, yaw_err=-0.068
[INFO] [1778714566.808627515] [final_warehouse_scan_node]: WARNING: x drift 0.20m from centerline. Stopping before rack entry.
[INFO] [1778714566.859177129] [final_warehouse_scan_node]: Drive to row 1: target_y=3.00, y=-2.95, dy=5.95, yaw_err=-0.068
[INFO] [1778714566.868391814] [final_warehouse_scan_node]: WARNING: x drift 0.20m from centerline. Stopping before rack entry.
[INFO] [1778714566.900057006] [final_warehouse_scan_node]: Drive to row 1: target_y=3.00, y=-2.95, dy=5.95, yaw_err=-0.068
[INFO] [1778714566.918219898] [final_warehouse_scan_node]: WARNING: x drift 0.20m from centerline. Stopping before rack entry.
[INFO] [1778714566.951712928] [final_warehouse_scan_node]: Drive to row 1: target_y=3.00, y=-2.95, dy=5.95, yaw_err=-0.068
[INFO] [1778714566.958241385] [final_warehouse_scan_node]: WARNING: x drift 0.20m from centerline. Stopping before rack entry.
[INFO] [1778714567.000642706] [final_warehouse_scan_node]: Drive to row 1: target_y=3.00, y=-2.95, dy=5.95, yaw_err=-0.068
[INFO] [1778714567.012485306] [final_warehouse_scan_node]: WARNING: x drift 0.20m from centerline. Stopping before rack entry.
[INFO] [1778714567.057327011] [final_warehouse_scan_node]: Drive to row 1: target_y=3.00, y=-2.95, dy=5.95, yaw_err=-0.068
[INFO] [1778714567.075545092] [final_warehouse_scan_node]: WARNING: x drift 0.20m from centerline. Stopping before rack entry.
[INFO] [1778714567.102772727] [final_warehouse_scan_node]: Drive to row 1: target_y=3.00, y=-2.95, dy=5.95, yaw_err=-0.068
[INFO] [1778714567.107563201] [final_warehouse_scan_node]: WARNING: x drift 0.20m from centerline. Stopping before rack entry.
[INFO] [1778714567.151047046] [final_warehouse_scan_node]: Drive to row 1: target_y=3.00, y=-2.95, dy=5.95, yaw_err=-0.068
[INFO] [1778714567.161186152] [final_warehouse_scan_node]: WARNING: x drift 0.20m from centerline. Stopping before rack entry.
[INFO] [1778714567.214234845] [final_warehouse_scan_node]: Drive to row 1: target_y=3.00, y=-2.95, dy=5.95, yaw_err=-0.068
[INFO] [1778714567.225269582] [final_warehouse_scan_node]: WARNING: x drift 0.20m from centerline. Stopping before rack entry.
[INFO] [1778714567.249424930] [final_warehouse_scan_node]: Drive to row 1: target_y=3.00, y=-2.95, dy=5.95, yaw_err=-0.068
[INFO] [1778714567.257100378] [final_warehouse_scan_node]: WARNING: x drift 0.20m from centerline. Stopping before rack entry.
[INFO] [1778714567.298656839] [final_warehouse_scan_node]: Drive to row 1: target_y=3.00, y=-2.95, dy=5.95, yaw_err=-0.068
[INFO] [1778714567.305372679] [final_warehouse_scan_node]: WARNING: x drift 0.20m from centerline. Stopping before rack entry.
[INFO] [1778714567.350813526] [final_warehouse_scan_node]: Drive to row 1: target_y=3.00, y=-2.95, dy=5.95, yaw_err=-0.068
[INFO] [1778714567.355978671] [final_warehouse_scan_node]: WARNING: x drift 0.20m from centerline. Stopping before rack entry.
[INFO] [1778714567.405950656] [final_warehouse_scan_node]: Drive to row 1: target_y=3.00, y=-2.95, dy=5.95, yaw_err=-0.068
[INFO] [1778714567.414850866] [final_warehouse_scan_node]: WARNING: x drift 0.20m from centerline. Stopping before rack entry.
[INFO] [1778714567.453351985] [final_warehouse_scan_node]: Drive to row 1: target_y=3.00, y=-2.95, dy=5.95, yaw_err=-0.068
[INFO] [1778714567.460448732] [final_warehouse_scan_node]: WARNING: x drift 0.20m from centerline. Stopping before rack entry.
[INFO] [1778714567.499990603] [final_warehouse_scan_node]: Drive to row 1: target_y=3.00, y=-2.95, dy=5.95, yaw_err=-0.068
[INFO] [1778714567.505527699] [final_warehouse_scan_node]: WARNING: x drift 0.20m from centerline. Stopping before rack entry.
[INFO] [1778714567.552387243] [final_warehouse_scan_node]: Drive to row 1: target_y=3.00, y=-2.95, dy=5.95, yaw_err=-0.068
[INFO] [1778714567.559362031] [final_warehouse_scan_node]: WARNING: x drift 0.20m from centerline. Stopping before rack entry.
[INFO] [1778714567.607404175] [final_warehouse_scan_node]: Drive to row 1: target_y=3.00, y=-2.95, dy=5.95, yaw_err=-0.068
[INFO] [1778714567.614105410] [final_warehouse_scan_node]: WARNING: x drift 0.20m from centerline. Stopping before rack entry.
[INFO] [1778714567.658165548] [final_warehouse_scan_node]: Drive to row 1: target_y=3.00, y=-2.95, dy=5.95, yaw_err=-0.068
[INFO] [1778714567.665135869] [final_warehouse_scan_node]: WARNING: x drift 0.20m from centerline. Stopping before rack entry.
[INFO] [1778714567.698716337] [final_warehouse_scan_node]: Drive to row 1: target_y=3.00, y=-2.95, dy=5.95, yaw_err=-0.068
[INFO] [1778714567.708056832] [final_warehouse_scan_node]: WARNING: x drift 0.20m from centerline. Stopping before rack entry.
[INFO] [1778714567.748781159] [final_warehouse_scan_node]: Drive to row 1: target_y=3.00, y=-2.95, dy=5.95, yaw_err=-0.068
[INFO] [1778714567.755345563] [final_warehouse_scan_node]: WARNING: x drift 0.20m from centerline. Stopping before rack entry.
[INFO] [1778714567.798900339] [final_warehouse_scan_node]: Drive to row 1: target_y=3.00, y=-2.95, dy=5.95, yaw_err=-0.068
[INFO] [1778714567.805397371] [final_warehouse_scan_node]: WARNING: x drift 0.20m from centerline. Stopping before rack entry.
[INFO] [1778714567.852278620] [final_warehouse_scan_node]: Drive to row 1: target_y=3.00, y=-2.95, dy=5.95, yaw_err=-0.068
[INFO] [1778714567.863466833] [final_warehouse_scan_node]: WARNING: x drift 0.20m from centerline. Stopping before rack entry.
[INFO] [1778714567.908314102] [final_warehouse_scan_node]: Drive to row 1: target_y=3.00, y=-2.95, dy=5.95, yaw_err=-0.068
[INFO] [1778714567.923894223] [final_warehouse_scan_node]: WARNING: x drift 0.20m from centerline. Stopping before rack entry.
[INFO] [1778714567.953679040] [final_warehouse_scan_node]: Drive to row 1: target_y=3.00, y=-2.95, dy=5.95, yaw_err=-0.068
[INFO] [1778714567.962293375] [final_warehouse_scan_node]: WARNING: x drift 0.20m from centerline. Stopping before rack entry.
[INFO] [1778714568.001292679] [final_warehouse_scan_node]: Drive to row 1: target_y=3.00, y=-2.95, dy=5.95, yaw_err=-0.068
[INFO] [1778714568.009341155] [final_warehouse_scan_node]: WARNING: x drift 0.20m from centerline. Stopping before rack entry.
[INFO] [1778714568.051957439] [final_warehouse_scan_node]: Drive to row 1: target_y=3.00, y=-2.95, dy=5.95, yaw_err=-0.068
[INFO] [1778714568.062223129] [final_warehouse_scan_node]: WARNING: x drift 0.20m from centerline. Stopping before rack entry.
[INFO] [1778714568.109396243] [final_warehouse_scan_node]: Drive to row 1: target_y=3.00, y=-2.95, dy=5.95, yaw_err=-0.068
[INFO] [1778714568.118235429] [final_warehouse_scan_node]: WARNING: x drift 0.20m from centerline. Stopping before rack entry.
[INFO] [1778714568.159144017] [final_warehouse_scan_node]: Drive to row 1: target_y=3.00, y=-2.95, dy=5.95, yaw_err=-0.068
[INFO] [1778714568.174239172] [final_warehouse_scan_node]: WARNING: x drift 0.20m from centerline. Stopping before rack entry.
[INFO] [1778714568.200848585] [final_warehouse_scan_node]: Drive to row 1: target_y=3.00, y=-2.95, dy=5.95, yaw_err=-0.068
[INFO] [1778714568.206220893] [final_warehouse_scan_node]: WARNING: x drift 0.20m from centerline. Stopping before rack entry.
[INFO] [1778714568.247729203] [final_warehouse_scan_node]: Drive to row 1: target_y=3.00, y=-2.95, dy=5.95, yaw_err=-0.068
[INFO] [1778714568.253194670] [final_warehouse_scan_node]: WARNING: x drift 0.20m from centerline. Stopping before rack entry.
[INFO] [1778714568.299911354] [final_warehouse_scan_node]: Drive to row 1: target_y=3.00, y=-2.95, dy=5.95, yaw_err=-0.068
[INFO] [1778714568.305573747] [final_warehouse_scan_node]: WARNING: x drift 0.20m from centerline. Stopping before rack entry.
[INFO] [1778714568.354695088] [final_warehouse_scan_node]: Drive to row 1: target_y=3.00, y=-2.95, dy=5.95, yaw_err=-0.068
[INFO] [1778714568.362137364] [final_warehouse_scan_node]: WARNING: x drift 0.20m from centerline. Stopping before rack entry.
[INFO] [1778714568.404595846] [final_warehouse_scan_node]: Drive to row 1: target_y=3.00, y=-2.95, dy=5.95, yaw_err=-0.068
[INFO] [1778714568.410776084] [final_warehouse_scan_node]: WARNING: x drift 0.20m from centerline. Stopping before rack entry.
[INFO] [1778714568.455445942] [final_warehouse_scan_node]: Drive to row 1: target_y=3.00, y=-2.95, dy=5.95, yaw_err=-0.068
[INFO] [1778714568.463739644] [final_warehouse_scan_node]: WARNING: x drift 0.20m from centerline. Stopping before rack entry.
[INFO] [1778714568.511700545] [final_warehouse_scan_node]: Drive to row 1: target_y=3.00, y=-2.95, dy=5.95, yaw_err=-0.068
[INFO] [1778714568.520836529] [final_warehouse_scan_node]: WARNING: x drift 0.20m from centerline. Stopping before rack entry.
[INFO] [1778714568.549348303] [final_warehouse_scan_node]: Drive to row 1: target_y=3.00, y=-2.95, dy=5.95, yaw_err=-0.068
[INFO] [1778714568.556401782] [final_warehouse_scan_node]: WARNING: x drift 0.20m from centerline. Stopping before rack entry.
[INFO] [1778714568.608283020] [final_warehouse_scan_node]: Drive to row 1: target_y=3.00, y=-2.95, dy=5.95, yaw_err=-0.068
[INFO] [1778714568.615888936] [final_warehouse_scan_node]: WARNING: x drift 0.20m from centerline. Stopping before rack entry.
[INFO] [1778714568.650293323] [final_warehouse_scan_node]: Drive to row 1: target_y=3.00, y=-2.95, dy=5.95, yaw_err=-0.068
[INFO] [1778714568.659202932] [final_warehouse_scan_node]: WARNING: x drift 0.20m from centerline. Stopping before rack entry.
[INFO] [1778714568.704345590] [final_warehouse_scan_node]: Drive to row 1: target_y=3.00, y=-2.95, dy=5.95, yaw_err=-0.068
[INFO] [1778714568.709670549] [final_warehouse_scan_node]: WARNING: x drift 0.20m from centerline. Stopping before rack entry.
[INFO] [1778714568.755860391] [final_warehouse_scan_node]: Drive to row 1: target_y=3.00, y=-2.95, dy=5.95, yaw_err=-0.068
[INFO] [1778714568.767765802] [final_warehouse_scan_node]: WARNING: x drift 0.20m from centerline. Stopping before rack entry.
[INFO] [1778714568.806538094] [final_warehouse_scan_node]: Drive to row 1: target_y=3.00, y=-2.95, dy=5.95, yaw_err=-0.068
[INFO] [1778714568.814461344] [final_warehouse_scan_node]: WARNING: x drift 0.20m from centerline. Stopping before rack entry.
[INFO] [1778714568.863272602] [final_warehouse_scan_node]: Drive to row 1: target_y=3.00, y=-2.95, dy=5.95, yaw_err=-0.068
[INFO] [1778714568.877010895] [final_warehouse_scan_node]: WARNING: x drift 0.20m from centerline. Stopping before rack entry.
[INFO] [1778714568.899763479] [final_warehouse_scan_node]: Drive to row 1: target_y=3.00, y=-2.95, dy=5.95, yaw_err=-0.068
[INFO] [1778714568.907267539] [final_warehouse_scan_node]: WARNING: x drift 0.20m from centerline. Stopping before rack entry.
[INFO] [1778714568.954742283] [final_warehouse_scan_node]: Drive to row 1: target_y=3.00, y=-2.95, dy=5.95, yaw_err=-0.068
[INFO] [1778714568.965611016] [final_warehouse_scan_node]: WARNING: x drift 0.20m from centerline. Stopping before rack entry.
[INFO] [1778714569.000576453] [final_warehouse_scan_node]: Drive to row 1: target_y=3.00, y=-2.95, dy=5.95, yaw_err=-0.068
[INFO] [1778714569.022037896] [final_warehouse_scan_node]: WARNING: x drift 0.20m from centerline. Stopping before rack entry.
[INFO] [1778714569.055959881] [final_warehouse_scan_node]: Drive to row 1: target_y=3.00, y=-2.95, dy=5.95, yaw_err=-0.068
[INFO] [1778714569.063813174] [final_warehouse_scan_node]: WARNING: x drift 0.20m from centerline. Stopping before rack entry.
[INFO] [1778714569.108808187] [final_warehouse_scan_node]: Drive to row 1: target_y=3.00, y=-2.95, dy=5.95, yaw_err=-0.068
[INFO] [1778714569.139512954] [final_warehouse_scan_node]: WARNING: x drift 0.20m from centerline. Stopping before rack entry.
[INFO] [1778714569.150679376] [final_warehouse_scan_node]: Drive to row 1: target_y=3.00, y=-2.95, dy=5.95, yaw_err=-0.068
[INFO] [1778714569.162052747] [final_warehouse_scan_node]: WARNING: x drift 0.20m from centerline. Stopping before rack entry.
[INFO] [1778714569.212262680] [final_warehouse_scan_node]: Drive to row 1: target_y=3.00, y=-2.95, dy=5.95, yaw_err=-0.068
[INFO] [1778714569.228216580] [final_warehouse_scan_node]: WARNING: x drift 0.20m from centerline. Stopping before rack entry.
[INFO] [1778714569.250673211] [final_warehouse_scan_node]: Drive to row 1: target_y=3.00, y=-2.95, dy=5.95, yaw_err=-0.068
[INFO] [1778714569.261119674] [final_warehouse_scan_node]: WARNING: x drift 0.20m from centerline. Stopping before rack entry.
[INFO] [1778714569.306626957] [final_warehouse_scan_node]: Drive to row 1: target_y=3.00, y=-2.95, dy=5.95, yaw_err=-0.068
[INFO] [1778714569.326629266] [final_warehouse_scan_node]: WARNING: x drift 0.20m from centerline. Stopping before rack entry.
[INFO] [1778714569.350325915] [final_warehouse_scan_node]: Drive to row 1: target_y=3.00, y=-2.95, dy=5.95, yaw_err=-0.068
[INFO] [1778714569.358744581] [final_warehouse_scan_node]: WARNING: x drift 0.20m from centerline. Stopping before rack entry.
[INFO] [1778714569.416219436] [final_warehouse_scan_node]: Drive to row 1: target_y=3.00, y=-2.95, dy=5.95, yaw_err=-0.068
[INFO] [1778714569.436881177] [final_warehouse_scan_node]: WARNING: x drift 0.20m from centerline. Stopping before rack entry.
[INFO] [1778714569.452828285] [final_warehouse_scan_node]: Drive to row 1: target_y=3.00, y=-2.95, dy=5.95, yaw_err=-0.068
[INFO] [1778714569.461547402] [final_warehouse_scan_node]: WARNING: x drift 0.20m from centerline. Stopping before rack entry.
[INFO] [1778714569.500174372] [final_warehouse_scan_node]: Drive to row 1: target_y=3.00, y=-2.95, dy=5.95, yaw_err=-0.068
[INFO] [1778714569.512994947] [final_warehouse_scan_node]: WARNING: x drift 0.20m from centerline. Stopping before rack entry.
[INFO] [1778714569.555470037] [final_warehouse_scan_node]: Drive to row 1: target_y=3.00, y=-2.95, dy=5.95, yaw_err=-0.068
[INFO] [1778714569.562038795] [final_warehouse_scan_node]: WARNING: x drift 0.20m from centerline. Stopping before rack entry.
[INFO] [1778714569.610620284] [final_warehouse_scan_node]: Drive to row 1: target_y=3.00, y=-2.95, dy=5.95, yaw_err=-0.068
[INFO] [1778714569.629219851] [final_warehouse_scan_node]: WARNING: x drift 0.20m from centerline. Stopping before rack entry.
[INFO] [1778714569.649682949] [final_warehouse_scan_node]: Drive to row 1: target_y=3.00, y=-2.95, dy=5.95, yaw_err=-0.068
[INFO] [1778714569.658538492] [final_warehouse_scan_node]: WARNING: x drift 0.20m from centerline. Stopping before rack entry.
[INFO] [1778714569.719926201] [final_warehouse_scan_node]: Drive to row 1: target_y=3.00, y=-2.95, dy=5.95, yaw_err=-0.068
[INFO] [1778714569.728821604] [final_warehouse_scan_node]: WARNING: x drift 0.20m from centerline. Stopping before rack entry.
[INFO] [1778714569.750203204] [final_warehouse_scan_node]: Drive to row 1: target_y=3.00, y=-2.95, dy=5.95, yaw_err=-0.068
[INFO] [1778714569.758678234] [final_warehouse_scan_node]: WARNING: x drift 0.20m from centerline. Stopping before rack entry.
[INFO] [1778714569.805032180] [final_warehouse_scan_node]: Drive to row 1: target_y=3.00, y=-2.95, dy=5.95, yaw_err=-0.068
[INFO] [1778714569.824549347] [final_warehouse_scan_node]: WARNING: x drift 0.20m from centerline. Stopping before rack entry.
[INFO] [1778714569.849627720] [final_warehouse_scan_node]: Drive to row 1: target_y=3.00, y=-2.95, dy=5.95, yaw_err=-0.068
[INFO] [1778714569.864332124] [final_warehouse_scan_node]: WARNING: x drift 0.20m from centerline. Stopping before rack entry.
[INFO] [1778714569.905001929] [final_warehouse_scan_node]: Drive to row 1: target_y=3.00, y=-2.95, dy=5.95, yaw_err=-0.068
[INFO] [1778714569.911057716] [final_warehouse_scan_node]: WARNING: x drift 0.20m from centerline. Stopping before rack entry.
[INFO] [1778714569.958939771] [final_warehouse_scan_node]: Drive to row 1: target_y=3.00, y=-2.95, dy=5.95, yaw_err=-0.068
[INFO] [1778714569.966704704] [final_warehouse_scan_node]: WARNING: x drift 0.20m from centerline. Stopping before rack entry.
[INFO] [1778714570.001593353] [final_warehouse_scan_node]: Drive to row 1: target_y=3.00, y=-2.95, dy=5.95, yaw_err=-0.068
[INFO] [1778714570.007219377] [final_warehouse_scan_node]: WARNING: x drift 0.20m from centerline. Stopping before rack entry.
[INFO] [1778714570.047945695] [final_warehouse_scan_node]: Drive to row 1: target_y=3.00, y=-2.95, dy=5.95, yaw_err=-0.068
[INFO] [1778714570.059987797] [final_warehouse_scan_node]: WARNING: x drift 0.20m from centerline. Stopping before rack entry.
[INFO] [1778714570.097512136] [final_warehouse_scan_node]: Drive to row 1: target_y=3.00, y=-2.95, dy=5.95, yaw_err=-0.068
[INFO] [1778714570.102000411] [final_warehouse_scan_node]: WARNING: x drift 0.20m from centerline. Stopping before rack entry.
[INFO] [1778714570.152260754] [final_warehouse_scan_node]: Drive to row 1: target_y=3.00, y=-2.95, dy=5.95, yaw_err=-0.068
[INFO] [1778714570.159106338] [final_warehouse_scan_node]: WARNING: x drift 0.20m from centerline. Stopping before rack entry.
[INFO] [1778714570.200935699] [final_warehouse_scan_node]: Drive to row 1: target_y=3.00, y=-2.95, dy=5.95, yaw_err=-0.068
[INFO] [1778714570.208221833] [final_warehouse_scan_node]: WARNING: x drift 0.20m from centerline. Stopping before rack entry.
[INFO] [1778714570.251164915] [final_warehouse_scan_node]: Drive to row 1: target_y=3.00, y=-2.95, dy=5.95, yaw_err=-0.068
[INFO] [1778714570.263604674] [final_warehouse_scan_node]: WARNING: x drift 0.20m from centerline. Stopping before rack entry.
[INFO] [1778714570.298491689] [final_warehouse_scan_node]: Drive to row 1: target_y=3.00, y=-2.95, dy=5.95, yaw_err=-0.068
[INFO] [1778714570.314778129] [final_warehouse_scan_node]: WARNING: x drift 0.20m from centerline. Stopping before rack entry.
[INFO] [1778714570.347524647] [final_warehouse_scan_node]: Drive to row 1: target_y=3.00, y=-2.95, dy=5.95, yaw_err=-0.068
[INFO] [1778714570.353467795] [final_warehouse_scan_node]: WARNING: x drift 0.20m from centerline. Stopping before rack entry.
[INFO] [1778714570.402741858] [final_warehouse_scan_node]: Drive to row 1: target_y=3.00, y=-2.95, dy=5.95, yaw_err=-0.068
[INFO] [1778714570.407736167] [final_warehouse_scan_node]: WARNING: x drift 0.20m from centerline. Stopping before rack entry.
[INFO] [1778714570.449984987] [final_warehouse_scan_node]: Drive to row 1: target_y=3.00, y=-2.95, dy=5.95, yaw_err=-0.068
[INFO] [1778714570.455213080] [final_warehouse_scan_node]: WARNING: x drift 0.20m from centerline. Stopping before rack entry.
[INFO] [1778714570.502477525] [final_warehouse_scan_node]: Drive to row 1: target_y=3.00, y=-2.95, dy=5.95, yaw_err=-0.068
[INFO] [1778714570.512039777] [final_warehouse_scan_node]: WARNING: x drift 0.20m from centerline. Stopping before rack entry.
[INFO] [1778714570.553414330] [final_warehouse_scan_node]: Drive to row 1: target_y=3.00, y=-2.95, dy=5.95, yaw_err=-0.068
[INFO] [1778714570.559806708] [final_warehouse_scan_node]: WARNING: x drift 0.20m from centerline. Stopping before rack entry.
[INFO] [1778714570.598222632] [final_warehouse_scan_node]: Drive to row 1: target_y=3.00, y=-2.95, dy=5.95, yaw_err=-0.068
[INFO] [1778714570.602852661] [final_warehouse_scan_node]: WARNING: x drift 0.20m from centerline. Stopping before rack entry.
[INFO] [1778714570.647724553] [final_warehouse_scan_node]: Drive to row 1: target_y=3.00, y=-2.95, dy=5.95, yaw_err=-0.068
[INFO] [1778714570.652248008] [final_warehouse_scan_node]: WARNING: x drift 0.20m from centerline. Stopping before rack entry.
[INFO] [1778714570.698920563] [final_warehouse_scan_node]: Drive to row 1: target_y=3.00, y=-2.95, dy=5.95, yaw_err=-0.068
[INFO] [1778714570.704791884] [final_warehouse_scan_node]: WARNING: x drift 0.20m from centerline. Stopping before rack entry.
[INFO] [1778714570.753899473] [final_warehouse_scan_node]: Drive to row 1: target_y=3.00, y=-2.95, dy=5.95, yaw_err=-0.068
[INFO] [1778714570.761244725] [final_warehouse_scan_node]: WARNING: x drift 0.20m from centerline. Stopping before rack entry.
[INFO] [1778714570.804735816] [final_warehouse_scan_node]: Drive to row 1: target_y=3.00, y=-2.95, dy=5.95, yaw_err=-0.068
[INFO] [1778714570.816820578] [final_warehouse_scan_node]: WARNING: x drift 0.20m from centerline. Stopping before rack entry.
[INFO] [1778714570.849216546] [final_warehouse_scan_node]: Drive to row 1: target_y=3.00, y=-2.95, dy=5.95, yaw_err=-0.068
[INFO] [1778714570.854491895] [final_warehouse_scan_node]: WARNING: x drift 0.20m from centerline. Stopping before rack entry.
[INFO] [1778714570.901102764] [final_warehouse_scan_node]: Drive to row 1: target_y=3.00, y=-2.95, dy=5.95, yaw_err=-0.068
[INFO] [1778714570.908078321] [final_warehouse_scan_node]: WARNING: x drift 0.20m from centerline. Stopping before rack entry.
[INFO] [1778714570.953814755] [final_warehouse_scan_node]: Drive to row 1: target_y=3.00, y=-2.95, dy=5.95, yaw_err=-0.068
[INFO] [1778714570.962497445] [final_warehouse_scan_node]: WARNING: x drift 0.20m from centerline. Stopping before rack entry.
[INFO] [1778714571.001952311] [final_warehouse_scan_node]: Drive to row 1: target_y=3.00, y=-2.95, dy=5.95, yaw_err=-0.068
[INFO] [1778714571.014216297] [final_warehouse_scan_node]: WARNING: x drift 0.20m from centerline. Stopping before rack entry.
[INFO] [1778714571.048793398] [final_warehouse_scan_node]: Drive to row 1: target_y=3.00, y=-2.95, dy=5.95, yaw_err=-0.068
[INFO] [1778714571.061814479] [final_warehouse_scan_node]: WARNING: x drift 0.20m from centerline. Stopping before rack entry.
[INFO] [1778714571.099468169] [final_warehouse_scan_node]: Drive to row 1: target_y=3.00, y=-2.95, dy=5.95, yaw_err=-0.068
[INFO] [1778714571.104156919] [final_warehouse_scan_node]: WARNING: x drift 0.20m from centerline. Stopping before rack entry.
[INFO] [1778714571.149150516] [final_warehouse_scan_node]: Drive to row 1: target_y=3.00, y=-2.95, dy=5.95, yaw_err=-0.068
[INFO] [1778714571.157708972] [final_warehouse_scan_node]: WARNING: x drift 0.20m from centerline. Stopping before rack entry.
[INFO] [1778714571.209310138] [final_warehouse_scan_node]: Drive to row 1: target_y=3.00, y=-2.95, dy=5.95, yaw_err=-0.068
[INFO] [1778714571.216812119] [final_warehouse_scan_node]: WARNING: x drift 0.20m from centerline. Stopping before rack entry.
[INFO] [1778714571.255570557] [final_warehouse_scan_node]: Drive to row 1: target_y=3.00, y=-2.95, dy=5.95, yaw_err=-0.068
[INFO] [1778714571.262089684] [final_warehouse_scan_node]: WARNING: x drift 0.20m from centerline. Stopping before rack entry.
[INFO] [1778714571.299692556] [final_warehouse_scan_node]: Drive to row 1: target_y=3.00, y=-2.95, dy=5.95, yaw_err=-0.068
[INFO] [1778714571.304695488] [final_warehouse_scan_node]: WARNING: x drift 0.20m from centerline. Stopping before rack entry.
[INFO] [1778714571.348900340] [final_warehouse_scan_node]: Drive to row 1: target_y=3.00, y=-2.95, dy=5.95, yaw_err=-0.068
[INFO] [1778714571.355597171] [final_warehouse_scan_node]: WARNING: x drift 0.20m from centerline. Stopping before rack entry.
[INFO] [1778714571.406000099] [final_warehouse_scan_node]: Drive to row 1: target_y=3.00, y=-2.95, dy=5.95, yaw_err=-0.068
[INFO] [1778714571.414190824] [final_warehouse_scan_node]: WARNING: x drift 0.20m from centerline. Stopping before rack entry.
[INFO] [1778714571.452227115] [final_warehouse_scan_node]: Drive to row 1: target_y=3.00, y=-2.95, dy=5.95, yaw_err=-0.068
[INFO] [1778714571.468852707] [final_warehouse_scan_node]: WARNING: x drift 0.20m from centerline. Stopping before rack entry.
[INFO] [1778714571.498819853] [final_warehouse_scan_node]: Drive to row 1: target_y=3.00, y=-2.95, dy=5.95, yaw_err=-0.068
[INFO] [1778714571.504273326] [final_warehouse_scan_node]: WARNING: x drift 0.20m from centerline. Stopping before rack entry.
[INFO] [1778714571.549628480] [final_warehouse_scan_node]: Drive to row 1: target_y=3.00, y=-2.95, dy=5.95, yaw_err=-0.068
[INFO] [1778714571.554156162] [final_warehouse_scan_node]: WARNING: x drift 0.20m from centerline. Stopping before rack entry.
[INFO] [1778714571.601853423] [final_warehouse_scan_node]: Drive to row 1: target_y=3.00, y=-2.95, dy=5.95, yaw_err=-0.068
[INFO] [1778714571.609964212] [final_warehouse_scan_node]: WARNING: x drift 0.20m from centerline. Stopping before rack entry.
[INFO] [1778714571.652394152] [final_warehouse_scan_node]: Drive to row 1: target_y=3.00, y=-2.95, dy=5.95, yaw_err=-0.068
[INFO] [1778714571.667262479] [final_warehouse_scan_node]: WARNING: x drift 0.20m from centerline. Stopping before rack entry.
[INFO] [1778714571.704553997] [final_warehouse_scan_node]: Drive to row 1: target_y=3.00, y=-2.95, dy=5.95, yaw_err=-0.068
[INFO] [1778714571.711892540] [final_warehouse_scan_node]: WARNING: x drift 0.20m from centerline. Stopping before rack entry.
[INFO] [1778714571.748394311] [final_warehouse_scan_node]: Drive to row 1: target_y=3.00, y=-2.95, dy=5.95, yaw_err=-0.068
[INFO] [1778714571.753198150] [final_warehouse_scan_node]: WARNING: x drift 0.20m from centerline. Stopping before rack entry.
[INFO] [1778714571.798330101] [final_warehouse_scan_node]: Drive to row 1: target_y=3.00, y=-2.95, dy=5.95, yaw_err=-0.068
[INFO] [1778714571.802933599] [final_warehouse_scan_node]: WARNING: x drift 0.20m from centerline. Stopping before rack entry.
[INFO] [1778714571.853372580] [final_warehouse_scan_node]: Drive to row 1: target_y=3.00, y=-2.95, dy=5.95, yaw_err=-0.068
[INFO] [1778714571.859331700] [final_warehouse_scan_node]: WARNING: x drift 0.20m from centerline. Stopping before rack entry.
[INFO] [1778714571.903099875] [final_warehouse_scan_node]: Drive to row 1: target_y=3.00, y=-2.95, dy=5.95, yaw_err=-0.068
[INFO] [1778714571.915652767] [final_warehouse_scan_node]: WARNING: x drift 0.20m from centerline. Stopping before rack entry.
[INFO] [1778714571.949276126] [final_warehouse_scan_node]: Drive to row 1: target_y=3.00, y=-2.95, dy=5.95, yaw_err=-0.068
[INFO] [1778714571.962483443] [final_warehouse_scan_node]: WARNING: x drift 0.20m from centerline. Stopping before rack entry.
[INFO] [1778714572.002357413] [final_warehouse_scan_node]: Drive to row 1: target_y=3.00, y=-2.95, dy=5.95, yaw_err=-0.068
[INFO] [1778714572.016079801] [final_warehouse_scan_node]: WARNING: x drift 0.20m from centerline. Stopping before rack entry.
[INFO] [1778714572.052305090] [final_warehouse_scan_node]: Drive to row 1: target_y=3.00, y=-2.95, dy=5.95, yaw_err=-0.068
[INFO] [1778714572.061808034] [final_warehouse_scan_node]: WARNING: x drift 0.20m from centerline. Stopping before rack entry.
[INFO] [1778714572.101102936] [final_warehouse_scan_node]: Drive to row 1: target_y=3.00, y=-2.95, dy=5.95, yaw_err=-0.068
[INFO] [1778714572.109987382] [final_warehouse_scan_node]: WARNING: x drift 0.20m from centerline. Stopping before rack entry.
[INFO] [1778714572.150299030] [final_warehouse_scan_node]: Drive to row 1: target_y=3.00, y=-2.95, dy=5.95, yaw_err=-0.068
[INFO] [1778714572.156744096] [final_warehouse_scan_node]: WARNING: x drift 0.20m from centerline. Stopping before rack entry.
[INFO] [1778714572.206096822] [final_warehouse_scan_node]: Drive to row 1: target_y=3.00, y=-2.95, dy=5.95, yaw_err=-0.068
[INFO] [1778714572.212938127] [final_warehouse_scan_node]: WARNING: x drift 0.20m from centerline. Stopping before rack entry.
[INFO] [1778714572.255723331] [final_warehouse_scan_node]: Drive to row 1: target_y=3.00, y=-2.95, dy=5.95, yaw_err=-0.068
[INFO] [1778714572.264485520] [final_warehouse_scan_node]: WARNING: x drift 0.20m from centerline. Stopping before rack entry.
[INFO] [1778714572.303658288] [final_warehouse_scan_node]: Drive to row 1: target_y=3.00, y=-2.95, dy=5.95, yaw_err=-0.068
[INFO] [1778714572.315949426] [final_warehouse_scan_node]: WARNING: x drift 0.20m from centerline. Stopping before rack entry.
[INFO] [1778714572.351457121] [final_warehouse_scan_node]: Drive to row 1: target_y=3.00, y=-2.95, dy=5.95, yaw_err=-0.068
[INFO] [1778714572.365269957] [final_warehouse_scan_node]: WARNING: x drift 0.20m from centerline. Stopping before rack entry.
[INFO] [1778714572.404918056] [final_warehouse_scan_node]: Drive to row 1: target_y=3.00, y=-2.95, dy=5.95, yaw_err=-0.068
[INFO] [1778714572.412898694] [final_warehouse_scan_node]: WARNING: x drift 0.20m from centerline. Stopping before rack entry.
[INFO] [1778714572.451881609] [final_warehouse_scan_node]: Drive to row 1: target_y=3.00, y=-2.95, dy=5.95, yaw_err=-0.068
[INFO] [1778714572.461493148] [final_warehouse_scan_node]: WARNING: x drift 0.20m from centerline. Stopping before rack entry.
[INFO] [1778714572.503206109] [final_warehouse_scan_node]: Drive to row 1: target_y=3.00, y=-2.95, dy=5.95, yaw_err=-0.068
[INFO] [1778714572.508415871] [final_warehouse_scan_node]: WARNING: x drift 0.20m from centerline. Stopping before rack entry.
[INFO] [1778714572.550043774] [final_warehouse_scan_node]: Drive to row 1: target_y=3.00, y=-2.95, dy=5.95, yaw_err=-0.068
[INFO] [1778714572.559218663] [final_warehouse_scan_node]: WARNING: x drift 0.20m from centerline. Stopping before rack entry.
[INFO] [1778714572.610110444] [final_warehouse_scan_node]: Drive to row 1: target_y=3.00, y=-2.95, dy=5.95, yaw_err=-0.068
[INFO] [1778714572.620634054] [final_warehouse_scan_node]: WARNING: x drift 0.20m from centerline. Stopping before rack entry.
[INFO] [1778714572.649815189] [final_warehouse_scan_node]: Drive to row 1: target_y=3.00, y=-2.95, dy=5.95, yaw_err=-0.068
[INFO] [1778714572.660992033] [final_warehouse_scan_node]: WARNING: x drift 0.20m from centerline. Stopping before rack entry.
[INFO] [1778714572.701212166] [final_warehouse_scan_node]: Drive to row 1: target_y=3.00, y=-2.95, dy=5.95, yaw_err=-0.068
[INFO] [1778714572.714175216] [final_warehouse_scan_node]: WARNING: x drift 0.20m from centerline. Stopping before rack entry.
[INFO] [1778714572.751967248] [final_warehouse_scan_node]: Drive to row 1: target_y=3.00, y=-2.95, dy=5.95, yaw_err=-0.068
[INFO] [1778714572.758416560] [final_warehouse_scan_node]: WARNING: x drift 0.20m from centerline. Stopping before rack entry.
[INFO] [1778714572.803362210] [final_warehouse_scan_node]: Drive to row 1: target_y=3.00, y=-2.95, dy=5.95, yaw_err=-0.068
[INFO] [1778714572.808668066] [final_warehouse_scan_node]: WARNING: x drift 0.20m from centerline. Stopping before rack entry.
[INFO] [1778714572.860922904] [final_warehouse_scan_node]: Drive to row 1: target_y=3.00, y=-2.95, dy=5.95, yaw_err=-0.068
[INFO] [1778714572.869540563] [final_warehouse_scan_node]: WARNING: x drift 0.20m from centerline. Stopping before rack entry.
[INFO] [1778714572.907593194] [final_warehouse_scan_node]: Drive to row 1: target_y=3.00, y=-2.95, dy=5.95, yaw_err=-0.068
[INFO] [1778714572.920169138] [final_warehouse_scan_node]: WARNING: x drift 0.20m from centerline. Stopping before rack entry.
[INFO] [1778714572.950741824] [final_warehouse_scan_node]: Drive to row 1: target_y=3.00, y=-2.95, dy=5.95, yaw_err=-0.068
[INFO] [1778714572.962695856] [final_warehouse_scan_node]: WARNING: x drift 0.20m from centerline. Stopping before rack entry.
[INFO] [1778714572.999070000] [final_warehouse_scan_node]: Drive to row 1: target_y=3.00, y=-2.95, dy=5.95, yaw_err=-0.068
[INFO] [1778714573.003156937] [final_warehouse_scan_node]: WARNING: x drift 0.20m from centerline. Stopping before rack entry.
[INFO] [1778714573.054550643] [final_warehouse_scan_node]: Drive to row 1: target_y=3.00, y=-2.95, dy=5.95, yaw_err=-0.068
[INFO] [1778714573.061635438] [final_warehouse_scan_node]: WARNING: x drift 0.20m from centerline. Stopping before rack entry.
[INFO] [1778714573.107405962] [final_warehouse_scan_node]: Drive to row 1: target_y=3.00, y=-2.95, dy=5.95, yaw_err=-0.068
[INFO] [1778714573.119726866] [final_warehouse_scan_node]: WARNING: x drift 0.20m from centerline. Stopping before rack entry.
[INFO] [1778714573.153447324] [final_warehouse_scan_node]: Drive to row 1: target_y=3.00, y=-2.95, dy=5.95, yaw_err=-0.068
[INFO] [1778714573.159863152] [final_warehouse_scan_node]: WARNING: x drift 0.20m from centerline. Stopping before rack entry.
[INFO] [1778714573.210584050] [final_warehouse_scan_node]: Drive to row 1: target_y=3.00, y=-2.95, dy=5.95, yaw_err=-0.068
[INFO] [1778714573.220821856] [final_warehouse_scan_node]: WARNING: x drift 0.20m from centerline. Stopping before rack entry.
[INFO] [1778714573.258021177] [final_warehouse_scan_node]: Drive to row 1: target_y=3.00, y=-2.95, dy=5.95, yaw_err=-0.068
[INFO] [1778714573.270971085] [final_warehouse_scan_node]: WARNING: x drift 0.20m from centerline. Stopping before rack entry.
[INFO] [1778714573.302986484] [final_warehouse_scan_node]: Drive to row 1: target_y=3.00, y=-2.95, dy=5.95, yaw_err=-0.068
[INFO] [1778714573.309299708] [final_warehouse_scan_node]: WARNING: x drift 0.20m from centerline. Stopping before rack entry.
[INFO] [1778714573.354931946] [final_warehouse_scan_node]: Drive to row 1: target_y=3.00, y=-2.95, dy=5.95, yaw_err=-0.068
[INFO] [1778714573.361299653] [final_warehouse_scan_node]: WARNING: x drift 0.20m from centerline. Stopping before rack entry.
[INFO] [1778714573.408627739] [final_warehouse_scan_node]: Drive to row 1: target_y=3.00, y=-2.95, dy=5.95, yaw_err=-0.068
[INFO] [1778714573.422065619] [final_warehouse_scan_node]: WARNING: x drift 0.20m from centerline. Stopping before rack entry.
[INFO] [1778714573.451245843] [final_warehouse_scan_node]: Drive to row 1: target_y=3.00, y=-2.95, dy=5.95, yaw_err=-0.068
[INFO] [1778714573.458554465] [final_warehouse_scan_node]: WARNING: x drift 0.20m from centerline. Stopping before rack entry.
[INFO] [1778714573.508187218] [final_warehouse_scan_node]: Drive to row 1: target_y=3.00, y=-2.95, dy=5.95, yaw_err=-0.068
[INFO] [1778714573.517043494] [final_warehouse_scan_node]: WARNING: x drift 0.20m from centerline. Stopping before rack entry.
[INFO] [1778714573.574551913] [final_warehouse_scan_node]: Drive to row 1: target_y=3.00, y=-2.95, dy=5.95, yaw_err=-0.068
[INFO] [1778714573.604123650] [final_warehouse_scan_node]: WARNING: x drift 0.20m from centerline. Stopping before rack entry.
[INFO] [1778714573.615197736] [final_warehouse_scan_node]: Drive to row 1: target_y=3.00, y=-2.95, dy=5.95, yaw_err=-0.068
[INFO] [1778714573.620955639] [final_warehouse_scan_node]: WARNING: x drift 0.20m from centerline. Stopping before rack entry.
[INFO] [1778714573.653604099] [final_warehouse_scan_node]: Drive to row 1: target_y=3.00, y=-2.95, dy=5.95, yaw_err=-0.068
[INFO] [1778714573.659566055] [final_warehouse_scan_node]: WARNING: x drift 0.20m from centerline. Stopping before rack entry.
[INFO] [1778714573.701885032] [final_warehouse_scan_node]: Drive to row 1: target_y=3.00, y=-2.95, dy=5.95, yaw_err=-0.068
[INFO] [1778714573.711947567] [final_warehouse_scan_node]: WARNING: x drift 0.20m from centerline. Stopping before rack entry.
[INFO] [1778714573.758643747] [final_warehouse_scan_node]: Drive to row 1: target_y=3.00, y=-2.95, dy=5.95, yaw_err=-0.068
[INFO] [1778714573.766379483] [final_warehouse_scan_node]: WARNING: x drift 0.20m from centerline. Stopping before rack entry.
[INFO] [1778714573.808540556] [final_warehouse_scan_node]: Drive to row 1: target_y=3.00, y=-2.95, dy=5.95, yaw_err=-0.068
[INFO] [1778714573.820898282] [final_warehouse_scan_node]: WARNING: x drift 0.20m from centerline. Stopping before rack entry.
[INFO] [1778714573.855723498] [final_warehouse_scan_node]: Drive to row 1: target_y=3.00, y=-2.95, dy=5.95, yaw_err=-0.068
[INFO] [1778714573.870345841] [final_warehouse_scan_node]: WARNING: x drift 0.20m from centerline. Stopping before rack entry.
[INFO] [1778714573.902300681] [final_warehouse_scan_node]: Drive to row 1: target_y=3.00, y=-2.95, dy=5.95, yaw_err=-0.068
[INFO] [1778714573.921286198] [final_warehouse_scan_node]: WARNING: x drift 0.20m from centerline. Stopping before rack entry.
[INFO] [1778714573.953794519] [final_warehouse_scan_node]: Drive to row 1: target_y=3.00, y=-2.95, dy=5.95, yaw_err=-0.068
[INFO] [1778714573.958703678] [final_warehouse_scan_node]: WARNING: x drift 0.20m from centerline. Stopping before rack entry.
[INFO] [1778714574.004592499] [final_warehouse_scan_node]: Drive to row 1: target_y=3.00, y=-2.95, dy=5.95, yaw_err=-0.068
[INFO] [1778714574.010806120] [final_warehouse_scan_node]: WARNING: x drift 0.20m from centerline. Stopping before rack entry.
[INFO] [1778714574.055004722] [final_warehouse_scan_node]: Drive to row 1: target_y=3.00, y=-2.95, dy=5.95, yaw_err=-0.068
[INFO] [1778714574.067601642] [final_warehouse_scan_node]: WARNING: x drift 0.20m from centerline. Stopping before rack entry.
[INFO] [1778714574.100871600] [final_warehouse_scan_node]: Drive to row 1: target_y=3.00, y=-2.95, dy=5.95, yaw_err=-0.068
[INFO] [1778714574.118245680] [final_warehouse_scan_node]: WARNING: x drift 0.20m from centerline. Stopping before rack entry.
[INFO] [1778714574.153358267] [final_warehouse_scan_node]: Drive to row 1: target_y=3.00, y=-2.95, dy=5.95, yaw_err=-0.068
[INFO] [1778714574.158913746] [final_warehouse_scan_node]: WARNING: x drift 0.20m from centerline. Stopping before rack entry.
[INFO] [1778714574.202325610] [final_warehouse_scan_node]: Drive to row 1: target_y=3.00, y=-2.95, dy=5.95, yaw_err=-0.068
[INFO] [1778714574.207069832] [final_warehouse_scan_node]: WARNING: x drift 0.20m from centerline. Stopping before rack entry.
[INFO] [1778714574.252314741] [final_warehouse_scan_node]: Drive to row 1: target_y=3.00, y=-2.95, dy=5.95, yaw_err=-0.068
[INFO] [1778714574.257341335] [final_warehouse_scan_node]: WARNING: x drift 0.20m from centerline. Stopping before rack entry.
[INFO] [1778714574.305448589] [final_warehouse_scan_node]: Drive to row 1: target_y=3.00, y=-2.95, dy=5.95, yaw_err=-0.068
[INFO] [1778714574.314291112] [final_warehouse_scan_node]: WARNING: x drift 0.20m from centerline. Stopping before rack entry.
[INFO] [1778714574.355835473] [final_warehouse_scan_node]: Drive to row 1: target_y=3.00, y=-2.95, dy=5.95, yaw_err=-0.068
[INFO] [1778714574.371758663] [final_warehouse_scan_node]: WARNING: x drift 0.20m from centerline. Stopping before rack entry.
[INFO] [1778714574.412682018] [final_warehouse_scan_node]: Drive to row 1: target_y=3.00, y=-2.95, dy=5.95, yaw_err=-0.068
[INFO] [1778714574.424548464] [final_warehouse_scan_node]: WARNING: x drift 0.20m from centerline. Stopping before rack entry.
[INFO] [1778714574.455137375] [final_warehouse_scan_node]: Drive to row 1: target_y=3.00, y=-2.95, dy=5.95, yaw_err=-0.068
[INFO] [1778714574.461020887] [final_warehouse_scan_node]: WARNING: x drift 0.20m from centerline. Stopping before rack entry.
[INFO] [1778714574.505154904] [final_warehouse_scan_node]: Drive to row 1: target_y=3.00, y=-2.95, dy=5.95, yaw_err=-0.068
[INFO] [1778714574.510966807] [final_warehouse_scan_node]: WARNING: x drift 0.20m from centerline. Stopping before rack entry.
[INFO] [1778714574.551695418] [final_warehouse_scan_node]: Drive to row 1: target_y=3.00, y=-2.95, dy=5.95, yaw_err=-0.068
[INFO] [1778714574.561592345] [final_warehouse_scan_node]: WARNING: x drift 0.20m from centerline. Stopping before rack entry.
[INFO] [1778714574.600246366] [final_warehouse_scan_node]: Drive to row 1: target_y=3.00, y=-2.95, dy=5.95, yaw_err=-0.068
[INFO] [1778714574.607741581] [final_warehouse_scan_node]: WARNING: x drift 0.20m from centerline. Stopping before rack entry.
[INFO] [1778714574.652487256] [final_warehouse_scan_node]: Drive to row 1: target_y=3.00, y=-2.95, dy=5.95, yaw_err=-0.068
[INFO] [1778714574.661226987] [final_warehouse_scan_node]: WARNING: x drift 0.20m from centerline. Stopping before rack entry.
[INFO] [1778714574.700550902] [final_warehouse_scan_node]: Drive to row 1: target_y=3.00, y=-2.95, dy=5.95, yaw_err=-0.068
[INFO] [1778714574.708383377] [final_warehouse_scan_node]: WARNING: x drift 0.20m from centerline. Stopping before rack entry.
[INFO] [1778714574.752687681] [final_warehouse_scan_node]: Drive to row 1: target_y=3.00, y=-2.95, dy=5.95, yaw_err=-0.068
[INFO] [1778714574.763221162] [final_warehouse_scan_node]: WARNING: x drift 0.20m from centerline. Stopping before rack entry.
[INFO] [1778714574.799175584] [final_warehouse_scan_node]: Drive to row 1: target_y=3.00, y=-2.95, dy=5.95, yaw_err=-0.068
[INFO] [1778714574.805380864] [final_warehouse_scan_node]: WARNING: x drift 0.20m from centerline. Stopping before rack entry.
[INFO] [1778714574.850366439] [final_warehouse_scan_node]: Drive to row 1: target_y=3.00, y=-2.95, dy=5.95, yaw_err=-0.068
[INFO] [1778714574.858782246] [final_warehouse_scan_node]: WARNING: x drift 0.20m from centerline. Stopping before rack entry.
[INFO] [1778714574.907341575] [final_warehouse_scan_node]: Drive to row 1: target_y=3.00, y=-2.95, dy=5.95, yaw_err=-0.068
[INFO] [1778714574.920719572] [final_warehouse_scan_node]: WARNING: x drift 0.20m from centerline. Stopping before rack entry.
[INFO] [1778714574.958004022] [final_warehouse_scan_node]: Drive to row 1: target_y=3.00, y=-2.95, dy=5.95, yaw_err=-0.068
[INFO] [1778714574.969338388] [final_warehouse_scan_node]: WARNING: x drift 0.20m from centerline. Stopping before rack entry.
[INFO] [1778714574.999640249] [final_warehouse_scan_node]: Drive to row 1: target_y=3.00, y=-2.95, dy=5.95, yaw_err=-0.068
[INFO] [1778714575.007178632] [final_warehouse_scan_node]: WARNING: x drift 0.20m from centerline. Stopping before rack entry.
[INFO] [1778714575.054139499] [final_warehouse_scan_node]: Drive to row 1: target_y=3.00, y=-2.95, dy=5.95, yaw_err=-0.068
[INFO] [1778714575.062340276] [final_warehouse_scan_node]: WARNING: x drift 0.20m from centerline. Stopping before rack entry.
[INFO] [1778714575.122014342] [final_warehouse_scan_node]: Drive to row 1: target_y=3.00, y=-2.95, dy=5.95, yaw_err=-0.068
[INFO] [1778714575.135220826] [final_warehouse_scan_node]: WARNING: x drift 0.20m from centerline. Stopping before rack entry.
[INFO] [1778714575.150930503] [final_warehouse_scan_node]: Drive to row 1: target_y=3.00, y=-2.95, dy=5.95, yaw_err=-0.068
[INFO] [1778714575.160398398] [final_warehouse_scan_node]: WARNING: x drift 0.20m from centerline. Stopping before rack entry.
[INFO] [1778714575.201881706] [final_warehouse_scan_node]: Drive to row 1: target_y=3.00, y=-2.95, dy=5.95, yaw_err=-0.068
[INFO] [1778714575.220805736] [final_warehouse_scan_node]: WARNING: x drift 0.20m from centerline. Stopping before rack entry.
[INFO] [1778714575.251231034] [final_warehouse_scan_node]: Drive to row 1: target_y=3.00, y=-2.95, dy=5.95, yaw_err=-0.068
[INFO] [1778714575.259753338] [final_warehouse_scan_node]: WARNING: x drift 0.20m from centerline. Stopping before rack entry.
[INFO] [1778714575.301299157] [final_warehouse_scan_node]: Drive to row 1: target_y=3.00, y=-2.95, dy=5.95, yaw_err=-0.068
[INFO] [1778714575.309842256] [final_warehouse_scan_node]: WARNING: x drift 0.20m from centerline. Stopping before rack entry.
[INFO] [1778714575.351128129] [final_warehouse_scan_node]: Drive to row 1: target_y=3.00, y=-2.95, dy=5.95, yaw_err=-0.068
[INFO] [1778714575.366011366] [final_warehouse_scan_node]: WARNING: x drift 0.20m from centerline. Stopping before rack entry.
[INFO] [1778714575.406291188] [final_warehouse_scan_node]: Drive to row 1: target_y=3.00, y=-2.95, dy=5.95, yaw_err=-0.068
[INFO] [1778714575.413353981] [final_warehouse_scan_node]: WARNING: x drift 0.20m from centerline. Stopping before rack entry.
[INFO] [1778714575.455991605] [final_warehouse_scan_node]: Drive to row 1: target_y=3.00, y=-2.95, dy=5.95, yaw_err=-0.068
[INFO] [1778714575.461515338] [final_warehouse_scan_node]: WARNING: x drift 0.20m from centerline. Stopping before rack entry.
[INFO] [1778714575.501627758] [final_warehouse_scan_node]: Drive to row 1: target_y=3.00, y=-2.95, dy=5.95, yaw_err=-0.068
[INFO] [1778714575.516995381] [final_warehouse_scan_node]: WARNING: x drift 0.20m from centerline. Stopping before rack entry.
[INFO] [1778714575.550040790] [final_warehouse_scan_node]: Drive to row 1: target_y=3.00, y=-2.95, dy=5.95, yaw_err=-0.068
[INFO] [1778714575.558208759] [final_warehouse_scan_node]: WARNING: x drift 0.20m from centerline. Stopping before rack entry.
[INFO] [1778714575.601684792] [final_warehouse_scan_node]: Drive to row 1: target_y=3.00, y=-2.95, dy=5.95, yaw_err=-0.068
[INFO] [1778714575.610898239] [final_warehouse_scan_node]: WARNING: x drift 0.20m from centerline. Stopping before rack entry.
[INFO] [1778714575.658916155] [final_warehouse_scan_node]: Drive to row 1: target_y=3.00, y=-2.95, dy=5.95, yaw_err=-0.068
[INFO] [1778714575.666302073] [final_warehouse_scan_node]: WARNING: x drift 0.20m from centerline. Stopping before rack entry.
[INFO] [1778714575.830316055] [final_warehouse_scan_node]: Drive to row 1: target_y=3.00, y=-2.95, dy=5.95, yaw_err=-0.068
[INFO] [1778714575.842800413] [final_warehouse_scan_node]: WARNING: x drift 0.20m from centerline. Stopping before rack entry.
[INFO] [1778714575.873953437] [final_warehouse_scan_node]: Drive to row 1: target_y=3.00, y=-2.95, dy=5.95, yaw_err=-0.068
[INFO] [1778714575.883740292] [final_warehouse_scan_node]: WARNING: x drift 0.20m from centerline. Stopping before rack entry.
[INFO] [1778714575.897965770] [final_warehouse_scan_node]: Drive to row 1: target_y=3.00, y=-2.95, dy=5.95, yaw_err=-0.068
[INFO] [1778714575.908753024] [final_warehouse_scan_node]: WARNING: x drift 0.20m from centerline. Stopping before rack entry.
[INFO] [1778714575.946980849] [final_warehouse_scan_node]: Drive to row 1: target_y=3.00, y=-2.95, dy=5.95, yaw_err=-0.068
[INFO] [1778714575.950751313] [final_warehouse_scan_node]: WARNING: x drift 0.20m from centerline. Stopping before rack entry.
[INFO] [1778714575.998543637] [final_warehouse_scan_node]: Drive to row 1: target_y=3.00, y=-2.95, dy=5.95, yaw_err=-0.068
[INFO] [1778714576.004748598] [final_warehouse_scan_node]: WARNING: x drift 0.20m from centerline. Stopping before rack entry.
[INFO] [1778714576.049789116] [final_warehouse_scan_node]: Drive to row 1: target_y=3.00, y=-2.95, dy=5.95, yaw_err=-0.068
[INFO] [1778714576.056476195] [final_warehouse_scan_node]: WARNING: x drift 0.20m from centerline. Stopping before rack entry.
[INFO] [1778714576.099211240] [final_warehouse_scan_node]: Drive to row 1: target_y=3.00, y=-2.95, dy=5.95, yaw_err=-0.068
[INFO] [1778714576.105009890] [final_warehouse_scan_node]: WARNING: x drift 0.20m from centerline. Stopping before rack entry.
[INFO] [1778714576.158141836] [final_warehouse_scan_node]: Drive to row 1: target_y=3.00, y=-2.95, dy=5.95, yaw_err=-0.068
[INFO] [1778714576.162756874] [final_warehouse_scan_node]: WARNING: x drift 0.20m from centerline. Stopping before rack entry.
[INFO] [1778714576.207192670] [final_warehouse_scan_node]: Drive to row 1: target_y=3.00, y=-2.95, dy=5.95, yaw_err=-0.068
[INFO] [1778714576.216096403] [final_warehouse_scan_node]: WARNING: x drift 0.20m from centerline. Stopping before rack entry.
[INFO] [1778714576.249695116] [final_warehouse_scan_node]: Drive to row 1: target_y=3.00, y=-2.95, dy=5.95, yaw_err=-0.068
[INFO] [1778714576.260888860] [final_warehouse_scan_node]: WARNING: x drift 0.20m from centerline. Stopping before rack entry.
[INFO] [1778714576.297763655] [final_warehouse_scan_node]: Drive to row 1: target_y=3.00, y=-2.95, dy=5.95, yaw_err=-0.068
[INFO] [1778714576.304898812] [final_warehouse_scan_node]: WARNING: x drift 0.20m from centerline. Stopping before rack entry.
[INFO] [1778714576.358419480] [final_warehouse_scan_node]: Drive to row 1: target_y=3.00, y=-2.95, dy=5.95, yaw_err=-0.068
[INFO] [1778714576.369688043] [final_warehouse_scan_node]: WARNING: x drift 0.20m from centerline. Stopping before rack entry.
[INFO] [1778714576.401185394] [final_warehouse_scan_node]: Drive to row 1: target_y=3.00, y=-2.95, dy=5.95, yaw_err=-0.068
[INFO] [1778714576.411926396] [final_warehouse_scan_node]: WARNING: x drift 0.20m from centerline. Stopping before rack entry.
[INFO] [1778714576.447865362] [final_warehouse_scan_node]: Drive to row 1: target_y=3.00, y=-2.95, dy=5.95, yaw_err=-0.068
[INFO] [1778714576.453560265] [final_warehouse_scan_node]: WARNING: x drift 0.20m from centerline. Stopping before rack entry.
[INFO] [1778714576.500703246] [final_warehouse_scan_node]: Drive to row 1: target_y=3.00, y=-2.95, dy=5.95, yaw_err=-0.068
[INFO] [1778714576.509143703] [final_warehouse_scan_node]: WARNING: x drift 0.20m from centerline. Stopping before rack entry.
[INFO] [1778714576.551473046] [final_warehouse_scan_node]: Drive to row 1: target_y=3.00, y=-2.95, dy=5.95, yaw_err=-0.068
[INFO] [1778714576.558240312] [final_warehouse_scan_node]: WARNING: x drift 0.20m from centerline. Stopping before rack entry.
[INFO] [1778714576.602246678] [final_warehouse_scan_node]: Drive to row 1: target_y=3.00, y=-2.95, dy=5.95, yaw_err=-0.068
[INFO] [1778714576.610569399] [final_warehouse_scan_node]: WARNING: x drift 0.20m from centerline. Stopping before rack entry.
[INFO] [1778714576.653152200] [final_warehouse_scan_node]: Drive to row 1: target_y=3.00, y=-2.95, dy=5.95, yaw_err=-0.068
[INFO] [1778714576.661308665] [final_warehouse_scan_node]: WARNING: x drift 0.20m from centerline. Stopping before rack entry.
[INFO] [1778714576.702526013] [final_warehouse_scan_node]: Drive to row 1: target_y=3.00, y=-2.95, dy=5.95, yaw_err=-0.068
[INFO] [1778714576.716096628] [final_warehouse_scan_node]: WARNING: x drift 0.20m from centerline. Stopping before rack entry.
[INFO] [1778714576.751061908] [final_warehouse_scan_node]: Drive to row 1: target_y=3.00, y=-2.95, dy=5.95, yaw_err=-0.068
[INFO] [1778714576.760039305] [final_warehouse_scan_node]: WARNING: x drift 0.20m from centerline. Stopping before rack entry.
[INFO] [1778714576.796933560] [final_warehouse_scan_node]: Drive to row 1: target_y=3.00, y=-2.95, dy=5.95, yaw_err=-0.068
[INFO] [1778714576.800802952] [final_warehouse_scan_node]: WARNING: x drift 0.20m from centerline. Stopping before rack entry.
[INFO] [1778714576.849282016] [final_warehouse_scan_node]: Drive to row 1: target_y=3.00, y=-2.95, dy=5.95, yaw_err=-0.068
[INFO] [1778714576.855412982] [final_warehouse_scan_node]: WARNING: x drift 0.20m from centerline. Stopping before rack entry.
[INFO] [1778714576.905917864] [final_warehouse_scan_node]: Drive to row 1: target_y=3.00, y=-2.95, dy=5.95, yaw_err=-0.068
[INFO] [1778714576.915397865] [final_warehouse_scan_node]: WARNING: x drift 0.20m from centerline. Stopping before rack entry.
[INFO] [1778714576.960031746] [final_warehouse_scan_node]: Drive to row 1: target_y=3.00, y=-2.95, dy=5.95, yaw_err=-0.068
[INFO] [1778714576.972774372] [final_warehouse_scan_node]: WARNING: x drift 0.20m from centerline. Stopping before rack entry.
[INFO] [1778714576.999609157] [final_warehouse_scan_node]: Drive to row 1: target_y=3.00, y=-2.95, dy=5.95, yaw_err=-0.068
[INFO] [1778714577.005495078] [final_warehouse_scan_node]: WARNING: x drift 0.20m from centerline. Stopping before rack entry.
[INFO] [1778714577.050332519] [final_warehouse_scan_node]: Drive to row 1: target_y=3.00, y=-2.95, dy=5.95, yaw_err=-0.068
[INFO] [1778714577.056612293] [final_warehouse_scan_node]: WARNING: x drift 0.20m from centerline. Stopping before rack entry.
[INFO] [1778714577.100560319] [final_warehouse_scan_node]: Drive to row 1: target_y=3.00, y=-2.95, dy=5.95, yaw_err=-0.068
[INFO] [1778714577.108795828] [final_warehouse_scan_node]: WARNING: x drift 0.20m from centerline. Stopping before rack entry.
[INFO] [1778714577.154478137] [final_warehouse_scan_node]: Drive to row 1: target_y=3.00, y=-2.95, dy=5.95, yaw_err=-0.068
[INFO] [1778714577.162127287] [final_warehouse_scan_node]: WARNING: x drift 0.20m from centerline. Stopping before rack entry.
[INFO] [1778714577.200235585] [final_warehouse_scan_node]: Drive to row 1: target_y=3.00, y=-2.95, dy=5.95, yaw_err=-0.068
[INFO] [1778714577.213164012] [final_warehouse_scan_node]: WARNING: x drift 0.20m from centerline. Stopping before rack entry.
[INFO] [1778714577.253189765] [final_warehouse_scan_node]: Drive to row 1: target_y=3.00, y=-2.95, dy=5.95, yaw_err=-0.068
[INFO] [1778714577.263044764] [final_warehouse_scan_node]: WARNING: x drift 0.20m from centerline. Stopping before rack entry.
[INFO] [1778714577.299004508] [final_warehouse_scan_node]: Drive to row 1: target_y=3.00, y=-2.95, dy=5.95, yaw_err=-0.068
[INFO] [1778714577.304568188] [final_warehouse_scan_node]: WARNING: x drift 0.20m from centerline. Stopping before rack entry.
[INFO] [1778714577.349379859] [final_warehouse_scan_node]: Drive to row 1: target_y=3.00, y=-2.95, dy=5.95, yaw_err=-0.068
[INFO] [1778714577.356115432] [final_warehouse_scan_node]: WARNING: x drift 0.20m from centerline. Stopping before rack entry.
[INFO] [1778714577.401307471] [final_warehouse_scan_node]: Drive to row 1: target_y=3.00, y=-2.95, dy=5.95, yaw_err=-0.068
[INFO] [1778714577.407586323] [final_warehouse_scan_node]: WARNING: x drift 0.20m from centerline. Stopping before rack entry.
[INFO] [1778714577.451068458] [final_warehouse_scan_node]: Drive to row 1: target_y=3.00, y=-2.95, dy=5.95, yaw_err=-0.068
[INFO] [1778714577.464022569] [final_warehouse_scan_node]: WARNING: x drift 0.20m from centerline. Stopping before rack entry.
[INFO] [1778714577.499086207] [final_warehouse_scan_node]: Drive to row 1: target_y=3.00, y=-2.95, dy=5.95, yaw_err=-0.068
[INFO] [1778714577.506451088] [final_warehouse_scan_node]: WARNING: x drift 0.20m from centerline. Stopping before rack entry.
[INFO] [1778714577.549184142] [final_warehouse_scan_node]: Drive to row 1: target_y=3.00, y=-2.95, dy=5.95, yaw_err=-0.068
[INFO] [1778714577.554803549] [final_warehouse_scan_node]: WARNING: x drift 0.20m from centerline. Stopping before rack entry.
[INFO] [1778714577.599124619] [final_warehouse_scan_node]: Drive to row 1: target_y=3.00, y=-2.95, dy=5.95, yaw_err=-0.068
[INFO] [1778714577.604323489] [final_warehouse_scan_node]: WARNING: x drift 0.20m from centerline. Stopping before rack entry.
[INFO] [1778714577.652755789] [final_warehouse_scan_node]: Drive to row 1: target_y=3.00, y=-2.95, dy=5.95, yaw_err=-0.068
[INFO] [1778714577.661497056] [final_warehouse_scan_node]: WARNING: x drift 0.20m from centerline. Stopping before rack entry.
[INFO] [1778714577.700724492] [final_warehouse_scan_node]: Drive to row 1: target_y=3.00, y=-2.95, dy=5.95, yaw_err=-0.068
[INFO] [1778714577.715232989] [final_warehouse_scan_node]: WARNING: x drift 0.20m from centerline. Stopping before rack entry.
[INFO] [1778714577.750428016] [final_warehouse_scan_node]: Drive to row 1: target_y=3.00, y=-2.95, dy=5.95, yaw_err=-0.068
[INFO] [1778714577.760856528] [final_warehouse_scan_node]: WARNING: x drift 0.20m from centerline. Stopping before rack entry.
[INFO] [1778714577.798564397] [final_warehouse_scan_node]: Drive to row 1: target_y=3.00, y=-2.95, dy=5.95, yaw_err=-0.068
[INFO] [1778714577.804307269] [final_warehouse_scan_node]: WARNING: x drift 0.20m from centerline. Stopping before rack entry.
[INFO] [1778714577.850334541] [final_warehouse_scan_node]: Drive to row 1: target_y=3.00, y=-2.95, dy=5.95, yaw_err=-0.068
[INFO] [1778714577.856836970] [final_warehouse_scan_node]: WARNING: x drift 0.20m from centerline. Stopping before rack entry.
[INFO] [1778714577.905102080] [final_warehouse_scan_node]: Drive to row 1: target_y=3.00, y=-2.95, dy=5.95, yaw_err=-0.068
[INFO] [1778714577.914382915] [final_warehouse_scan_node]: WARNING: x drift 0.20m from centerline. Stopping before rack entry.
[INFO] [1778714577.950144061] [final_warehouse_scan_node]: Drive to row 1: target_y=3.00, y=-2.95, dy=5.95, yaw_err=-0.068
[INFO] [1778714577.958348386] [final_warehouse_scan_node]: WARNING: x drift 0.20m from centerline. Stopping before rack entry.
[INFO] [1778714577.999720587] [final_warehouse_scan_node]: Drive to row 1: target_y=3.00, y=-2.95, dy=5.95, yaw_err=-0.068
[INFO] [1778714578.003741909] [final_warehouse_scan_node]: WARNING: x drift 0.20m from centerline. Stopping before rack entry.
[INFO] [1778714578.047966929] [final_warehouse_scan_node]: Drive to row 1: target_y=3.00, y=-2.95, dy=5.95, yaw_err=-0.068
[INFO] [1778714578.053122497] [final_warehouse_scan_node]: WARNING: x drift 0.20m from centerline. Stopping before rack entry.
[INFO] [1778714578.103641121] [final_warehouse_scan_node]: Drive to row 1: target_y=3.00, y=-2.95, dy=5.95, yaw_err=-0.068
[INFO] [1778714578.111498272] [final_warehouse_scan_node]: WARNING: x drift 0.20m from centerline. Stopping before rack entry.
[INFO] [1778714578.147220595] [final_warehouse_scan_node]: Drive to row 1: target_y=3.00, y=-2.95, dy=5.95, yaw_err=-0.068
[INFO] [1778714578.150845395] [final_warehouse_scan_node]: WARNING: x drift 0.20m from centerline. Stopping before rack entry.
[INFO] [1778714578.198110460] [final_warehouse_scan_node]: Drive to row 1: target_y=3.00, y=-2.95, dy=5.95, yaw_err=-0.068
[INFO] [1778714578.203515497] [final_warehouse_scan_node]: WARNING: x drift 0.20m from centerline. Stopping before rack entry.
[INFO] [1778714578.248422873] [final_warehouse_scan_node]: Drive to row 1: target_y=3.00, y=-2.95, dy=5.95, yaw_err=-0.068
[INFO] [1778714578.254330032] [final_warehouse_scan_node]: WARNING: x drift 0.20m from centerline. Stopping before rack entry.
[INFO] [1778714578.303882973] [final_warehouse_scan_node]: Drive to row 1: target_y=3.00, y=-2.95, dy=5.95, yaw_err=-0.068
[INFO] [1778714578.309867620] [final_warehouse_scan_node]: WARNING: x drift 0.20m from centerline. Stopping before rack entry.
[INFO] [1778714578.352398261] [final_warehouse_scan_node]: Drive to row 1: target_y=3.00, y=-2.95, dy=5.95, yaw_err=-0.068
[INFO] [1778714578.359258277] [final_warehouse_scan_node]: WARNING: x drift 0.20m from centerline. Stopping before rack entry.
[INFO] [1778714578.409198556] [final_warehouse_scan_node]: Drive to row 1: target_y=3.00, y=-2.95, dy=5.95, yaw_err=-0.068
[INFO] [1778714578.419234526] [final_warehouse_scan_node]: WARNING: x drift 0.20m from centerline. Stopping before rack entry.
[INFO] [1778714578.448194710] [final_warehouse_scan_node]: Drive to row 1: target_y=3.00, y=-2.95, dy=5.95, yaw_err=-0.068
[INFO] [1778714578.453354430] [final_warehouse_scan_node]: WARNING: x drift 0.20m from centerline. Stopping before rack entry.
[INFO] [1778714578.498409882] [final_warehouse_scan_node]: Drive to row 1: target_y=3.00, y=-2.95, dy=5.95, yaw_err=-0.068
[INFO] [1778714578.512842898] [final_warehouse_scan_node]: WARNING: x drift 0.20m from centerline. Stopping before rack entry.
[INFO] [1778714578.547779844] [final_warehouse_scan_node]: Drive to row 1: target_y=3.00, y=-2.95, dy=5.95, yaw_err=-0.068
[INFO] [1778714578.553135201] [final_warehouse_scan_node]: WARNING: x drift 0.20m from centerline. Stopping before rack entry.
[INFO] [1778714578.598026824] [final_warehouse_scan_node]: Drive to row 1: target_y=3.00, y=-2.95, dy=5.95, yaw_err=-0.068
[INFO] [1778714578.602275667] [final_warehouse_scan_node]: WARNING: x drift 0.20m from centerline. Stopping before rack entry.
[INFO] [1778714578.655255281] [final_warehouse_scan_node]: Drive to row 1: target_y=3.00, y=-2.95, dy=5.95, yaw_err=-0.068
[INFO] [1778714578.660209807] [final_warehouse_scan_node]: WARNING: x drift 0.20m from centerline. Stopping before rack entry.
[INFO] [1778714578.702086522] [final_warehouse_scan_node]: Drive to row 1: target_y=3.00, y=-2.95, dy=5.95, yaw_err=-0.068
[INFO] [1778714578.707354315] [final_warehouse_scan_node]: WARNING: x drift 0.20m from centerline. Stopping before rack entry.
[INFO] [1778714578.755336110] [final_warehouse_scan_node]: Drive to row 1: target_y=3.00, y=-2.95, dy=5.95, yaw_err=-0.068
[INFO] [1778714578.764452484] [final_warehouse_scan_node]: WARNING: x drift 0.20m from centerline. Stopping before rack entry.
[INFO] [1778714578.805139778] [final_warehouse_scan_node]: Drive to row 1: target_y=3.00, y=-2.95, dy=5.95, yaw_err=-0.068
[INFO] [1778714578.816869262] [final_warehouse_scan_node]: WARNING: x drift 0.20m from centerline. Stopping before rack entry.
[INFO] [1778714578.851552806] [final_warehouse_scan_node]: Drive to row 1: target_y=3.00, y=-2.95, dy=5.95, yaw_err=-0.068
[INFO] [1778714578.858688656] [final_warehouse_scan_node]: WARNING: x drift 0.20m from centerline. Stopping before rack entry.
[INFO] [1778714578.907158555] [final_warehouse_scan_node]: Drive to row 1: target_y=3.00, y=-2.95, dy=5.95, yaw_err=-0.068
[INFO] [1778714578.919926814] [final_warehouse_scan_node]: WARNING: x drift 0.20m from centerline. Stopping before rack entry.
[INFO] [1778714578.960402737] [final_warehouse_scan_node]: Drive to row 1: target_y=3.00, y=-2.95, dy=5.95, yaw_err=-0.068
[INFO] [1778714578.972219826] [final_warehouse_scan_node]: WARNING: x drift 0.20m from centerline. Stopping before rack entry.
[INFO] [1778714579.004563433] [final_warehouse_scan_node]: Drive to row 1: target_y=3.00, y=-2.95, dy=5.95, yaw_err=-0.068
[INFO] [1778714579.013750947] [final_warehouse_scan_node]: WARNING: x drift 0.20m from centerline. Stopping before rack entry.
[INFO] [1778714579.048680042] [final_warehouse_scan_node]: Drive to row 1: target_y=3.00, y=-2.95, dy=5.95, yaw_err=-0.068
[INFO] [1778714579.053024367] [final_warehouse_scan_node]: WARNING: x drift 0.20m from centerline. Stopping before rack entry.
[INFO] [1778714579.103493531] [final_warehouse_scan_node]: Drive to row 1: target_y=3.00, y=-2.95, dy=5.95, yaw_err=-0.068
[INFO] [1778714579.109381943] [final_warehouse_scan_node]: WARNING: x drift 0.20m from centerline. Stopping before rack entry.
[INFO] [1778714579.153727499] [final_warehouse_scan_node]: Drive to row 1: target_y=3.00, y=-2.95, dy=5.95, yaw_err=-0.068
[INFO] [1778714579.163235913] [final_warehouse_scan_node]: WARNING: x drift 0.20m from centerline. Stopping before rack entry.
[INFO] [1778714579.207658728] [final_warehouse_scan_node]: Drive to row 1: target_y=3.00, y=-2.95, dy=5.95, yaw_err=-0.068
[INFO] [1778714579.221449136] [final_warehouse_scan_node]: WARNING: x drift 0.20m from centerline. Stopping before rack entry.
[INFO] [1778714579.250932176] [final_warehouse_scan_node]: Drive to row 1: target_y=3.00, y=-2.95, dy=5.95, yaw_err=-0.068
[INFO] [1778714579.258018551] [final_warehouse_scan_node]: WARNING: x drift 0.20m from centerline. Stopping before rack entry.
[INFO] [1778714579.304302471] [final_warehouse_scan_node]: Drive to row 1: target_y=3.00, y=-2.95, dy=5.95, yaw_err=-0.068
[INFO] [1778714579.314689766] [final_warehouse_scan_node]: WARNING: x drift 0.20m from centerline. Stopping before rack entry.
[INFO] [1778714579.363539550] [final_warehouse_scan_node]: Drive to row 1: target_y=3.00, y=-2.95, dy=5.95, yaw_err=-0.068
[INFO] [1778714579.378558354] [final_warehouse_scan_node]: WARNING: x drift 0.20m from centerline. Stopping before rack entry.
[INFO] [1778714579.400731495] [final_warehouse_scan_node]: Drive to row 1: target_y=3.00, y=-2.95, dy=5.95, yaw_err=-0.068
[INFO] [1778714579.405958246] [final_warehouse_scan_node]: WARNING: x drift 0.20m from centerline. Stopping before rack entry.
[INFO] [1778714579.450701275] [final_warehouse_scan_node]: Drive to row 1: target_y=3.00, y=-2.95, dy=5.95, yaw_err=-0.068
[INFO] [1778714579.455714603] [final_warehouse_scan_node]: WARNING: x drift 0.20m from centerline. Stopping before rack entry.
[INFO] [1778714579.517392747] [final_warehouse_scan_node]: Drive to row 1: target_y=3.00, y=-2.95, dy=5.95, yaw_err=-0.068
[INFO] [1778714579.532266480] [final_warehouse_scan_node]: WARNING: x drift 0.20m from centerline. Stopping before rack entry.
[INFO] [1778714579.555551274] [final_warehouse_scan_node]: Drive to row 1: target_y=3.00, y=-2.95, dy=5.95, yaw_err=-0.068
[INFO] [1778714579.564096409] [final_warehouse_scan_node]: WARNING: x drift 0.20m from centerline. Stopping before rack entry.
[INFO] [1778714579.611711819] [final_warehouse_scan_node]: Drive to row 1: target_y=3.00, y=-2.95, dy=5.95, yaw_err=-0.068
[INFO] [1778714579.619047280] [final_warehouse_scan_node]: WARNING: x drift 0.20m from centerline. Stopping before rack entry.
[INFO] [1778714579.650175895] [final_warehouse_scan_node]: Drive to row 1: target_y=3.00, y=-2.95, dy=5.95, yaw_err=-0.068
[INFO] [1778714579.656975253] [final_warehouse_scan_node]: WARNING: x drift 0.20m from centerline. Stopping before rack entry.
[INFO] [1778714579.702887727] [final_warehouse_scan_node]: Drive to row 1: target_y=3.00, y=-2.95, dy=5.95, yaw_err=-0.068
[INFO] [1778714579.709724947] [final_warehouse_scan_node]: WARNING: x drift 0.20m from centerline. Stopping before rack entry.
[INFO] [1778714579.755478694] [final_warehouse_scan_node]: Drive to row 1: target_y=3.00, y=-2.95, dy=5.95, yaw_err=-0.068
[INFO] [1778714579.770889758] [final_warehouse_scan_node]: WARNING: x drift 0.20m from centerline. Stopping before rack entry.
[INFO] [1778714579.803511676] [final_warehouse_scan_node]: Drive to row 1: target_y=3.00, y=-2.95, dy=5.95, yaw_err=-0.068
[INFO] [1778714579.808143948] [final_warehouse_scan_node]: WARNING: x drift 0.20m from centerline. Stopping before rack entry.
[INFO] [1778714579.859488460] [final_warehouse_scan_node]: Drive to row 1: target_y=3.00, y=-2.95, dy=5.95, yaw_err=-0.068
[INFO] [1778714579.866752993] [final_warehouse_scan_node]: WARNING: x drift 0.20m from centerline. Stopping before rack entry.
[INFO] [1778714579.906837708] [final_warehouse_scan_node]: Drive to row 1: target_y=3.00, y=-2.95, dy=5.95, yaw_err=-0.068
[INFO] [1778714579.913241280] [final_warehouse_scan_node]: WARNING: x drift 0.20m from centerline. Stopping before rack entry.
[INFO] [1778714579.954197355] [final_warehouse_scan_node]: Drive to row 1: target_y=3.00, y=-2.95, dy=5.95, yaw_err=-0.068
[INFO] [1778714579.963289439] [final_warehouse_scan_node]: WARNING: x drift 0.20m from centerline. Stopping before rack entry.
[INFO] [1778714579.999524016] [final_warehouse_scan_node]: Drive to row 1: target_y=3.00, y=-2.95, dy=5.95, yaw_err=-0.068
[INFO] [1778714580.004306141] [final_warehouse_scan_node]: WARNING: x drift 0.20m from centerline. Stopping before rack entry.
[INFO] [1778714580.051084601] [final_warehouse_scan_node]: Drive to row 1: target_y=3.00, y=-2.95, dy=5.95, yaw_err=-0.068
[INFO] [1778714580.058201996] [final_warehouse_scan_node]: WARNING: x drift 0.20m from centerline. Stopping before rack entry.
[INFO] [1778714580.101327202] [final_warehouse_scan_node]: Drive to row 1: target_y=3.00, y=-2.95, dy=5.95, yaw_err=-0.068
[INFO] [1778714580.109171782] [final_warehouse_scan_node]: WARNING: x drift 0.20m from centerline. Stopping before rack entry.
[INFO] [1778714580.156941590] [final_warehouse_scan_node]: Drive to row 1: target_y=3.00, y=-2.95, dy=5.95, yaw_err=-0.068
[INFO] [1778714580.166501140] [final_warehouse_scan_node]: WARNING: x drift 0.20m from centerline. Stopping before rack entry.
[INFO] [1778714580.200027804] [final_warehouse_scan_node]: Drive to row 1: target_y=3.00, y=-2.95, dy=5.95, yaw_err=-0.068
[INFO] [1778714580.207932038] [final_warehouse_scan_node]: WARNING: x drift 0.20m from centerline. Stopping before rack entry.
[INFO] [1778714580.249577697] [final_warehouse_scan_node]: Drive to row 1: target_y=3.00, y=-2.95, dy=5.95, yaw_err=-0.068
[INFO] [1778714580.254939533] [final_warehouse_scan_node]: WARNING: x drift 0.20m from centerline. Stopping before rack entry.
[INFO] [1778714580.298972142] [final_warehouse_scan_node]: Drive to row 1: target_y=3.00, y=-2.95, dy=5.95, yaw_err=-0.068
[INFO] [1778714580.304252347] [final_warehouse_scan_node]: WARNING: x drift 0.20m from centerline. Stopping before rack entry.
[INFO] [1778714580.350572557] [final_warehouse_scan_node]: Drive to row 1: target_y=3.00, y=-2.95, dy=5.95, yaw_err=-0.068
[INFO] [1778714580.356912684] [final_warehouse_scan_node]: WARNING: x drift 0.20m from centerline. Stopping before rack entry.
[INFO] [1778714580.403751899] [final_warehouse_scan_node]: Drive to row 1: target_y=3.00, y=-2.95, dy=5.95, yaw_err=-0.068
[INFO] [1778714580.409915052] [final_warehouse_scan_node]: WARNING: x drift 0.20m from centerline. Stopping before rack entry.
[INFO] [1778714580.459528214] [final_warehouse_scan_node]: Drive to row 1: target_y=3.00, y=-2.95, dy=5.95, yaw_err=-0.068
[INFO] [1778714580.467736477] [final_warehouse_scan_node]: WARNING: x drift 0.20m from centerline. Stopping before rack entry.
[INFO] [1778714580.509240571] [final_warehouse_scan_node]: Drive to row 1: target_y=3.00, y=-2.95, dy=5.95, yaw_err=-0.068
[INFO] [1778714580.526204724] [final_warehouse_scan_node]: WARNING: x drift 0.20m from centerline. Stopping before rack entry.
[INFO] [1778714580.551612335] [final_warehouse_scan_node]: Drive to row 1: target_y=3.00, y=-2.95, dy=5.95, yaw_err=-0.068
[INFO] [1778714580.556769955] [final_warehouse_scan_node]: WARNING: x drift 0.20m from centerline. Stopping before rack entry.
[INFO] [1778714580.599003934] [final_warehouse_scan_node]: Drive to row 1: target_y=3.00, y=-2.95, dy=5.95, yaw_err=-0.068
[INFO] [1778714580.604173431] [final_warehouse_scan_node]: WARNING: x drift 0.20m from centerline. Stopping before rack entry.
[INFO] [1778714580.650676309] [final_warehouse_scan_node]: Drive to row 1: target_y=3.00, y=-2.95, dy=5.95, yaw_err=-0.068
[INFO] [1778714580.658140341] [final_warehouse_scan_node]: WARNING: x drift 0.20m from centerline. Stopping before rack entry.
[INFO] [1778714580.706681240] [final_warehouse_scan_node]: Drive to row 1: target_y=3.00, y=-2.95, dy=5.95, yaw_err=-0.068
[INFO] [1778714580.713208405] [final_warehouse_scan_node]: WARNING: x drift 0.20m from centerline. Stopping before rack entry.
[INFO] [1778714580.756364327] [final_warehouse_scan_node]: Drive to row 1: target_y=3.00, y=-2.95, dy=5.95, yaw_err=-0.068
[INFO] [1778714580.762689240] [final_warehouse_scan_node]: WARNING: x drift 0.20m from centerline. Stopping before rack entry.
[INFO] [1778714580.807133337] [final_warehouse_scan_node]: Drive to row 1: target_y=3.00, y=-2.95, dy=5.95, yaw_err=-0.068
[INFO] [1778714580.824650365] [final_warehouse_scan_node]: WARNING: x drift 0.20m from centerline. Stopping before rack entry.
[INFO] [1778714580.852879801] [final_warehouse_scan_node]: Drive to row 1: target_y=3.00, y=-2.95, dy=5.95, yaw_err=-0.068
[INFO] [1778714580.860097925] [final_warehouse_scan_node]: WARNING: x drift 0.20m from centerline. Stopping before rack entry.
[INFO] [1778714580.899897539] [final_warehouse_scan_node]: Drive to row 1: target_y=3.00, y=-2.95, dy=5.95, yaw_err=-0.068
[INFO] [1778714580.908010463] [final_warehouse_scan_node]: WARNING: x drift 0.20m from centerline. Stopping before rack entry.
[INFO] [1778714580.950748918] [final_warehouse_scan_node]: Drive to row 1: target_y=3.00, y=-2.95, dy=5.95, yaw_err=-0.068
[INFO] [1778714580.955583602] [final_warehouse_scan_node]: WARNING: x drift 0.20m from centerline. Stopping before rack entry.
[INFO] [1778714581.000099708] [final_warehouse_scan_node]: Drive to row 1: target_y=3.00, y=-2.95, dy=5.95, yaw_err=-0.068
[INFO] [1778714581.006147363] [final_warehouse_scan_node]: WARNING: x drift 0.20m from centerline. Stopping before rack entry.
[INFO] [1778714581.058644140] [final_warehouse_scan_node]: Drive to row 1: target_y=3.00, y=-2.95, dy=5.95, yaw_err=-0.068
[INFO] [1778714581.065950477] [final_warehouse_scan_node]: WARNING: x drift 0.20m from centerline. Stopping before rack entry.
[INFO] [1778714581.100363212] [final_warehouse_scan_node]: Drive to row 1: target_y=3.00, y=-2.95, dy=5.95, yaw_err=-0.068
[INFO] [1778714581.108452842] [final_warehouse_scan_node]: WARNING: x drift 0.20m from centerline. Stopping before rack entry.
[INFO] [1778714581.155423089] [final_warehouse_scan_node]: Drive to row 1: target_y=3.00, y=-2.95, dy=5.95, yaw_err=-0.068
[INFO] [1778714581.162456192] [final_warehouse_scan_node]: WARNING: x drift 0.20m from centerline. Stopping before rack entry.
[INFO] [1778714581.199806124] [final_warehouse_scan_node]: Drive to row 1: target_y=3.00, y=-2.95, dy=5.95, yaw_err=-0.068
[INFO] [1778714581.214426637] [final_warehouse_scan_node]: WARNING: x drift 0.20m from centerline. Stopping before rack entry.
[INFO] [1778714581.252211546] [final_warehouse_scan_node]: Drive to row 1: target_y=3.00, y=-2.95, dy=5.95, yaw_err=-0.068
[INFO] [1778714581.258944261] [final_warehouse_scan_node]: WARNING: x drift 0.20m from centerline. Stopping before rack entry.
[INFO] [1778714581.304575056] [final_warehouse_scan_node]: Drive to row 1: target_y=3.00, y=-2.95, dy=5.95, yaw_err=-0.068
[INFO] [1778714581.314930639] [final_warehouse_scan_node]: WARNING: x drift 0.20m from centerline. Stopping before rack entry.
[INFO] [1778714581.352774599] [final_warehouse_scan_node]: Drive to row 1: target_y=3.00, y=-2.95, dy=5.95, yaw_err=-0.068
[INFO] [1778714581.367774563] [final_warehouse_scan_node]: WARNING: x drift 0.20m from centerline. Stopping before rack entry.
[INFO] [1778714581.400393892] [final_warehouse_scan_node]: Drive to row 1: target_y=3.00, y=-2.95, dy=5.95, yaw_err=-0.068
[INFO] [1778714581.406266359] [final_warehouse_scan_node]: WARNING: x drift 0.20m from centerline. Stopping before rack entry.
[INFO] [1778714581.453594076] [final_warehouse_scan_node]: Drive to row 1: target_y=3.00, y=-2.95, dy=5.95, yaw_err=-0.068
[INFO] [1778714581.460439504] [final_warehouse_scan_node]: WARNING: x drift 0.20m from centerline. Stopping before rack entry.
[INFO] [1778714581.501499590] [final_warehouse_scan_node]: Drive to row 1: target_y=3.00, y=-2.95, dy=5.95, yaw_err=-0.068
[INFO] [1778714581.519575342] [final_warehouse_scan_node]: WARNING: x drift 0.20m from centerline. Stopping before rack entry.
[INFO] [1778714581.550152013] [final_warehouse_scan_node]: Drive to row 1: target_y=3.00, y=-2.95, dy=5.95, yaw_err=-0.068
[INFO] [1778714581.555531763] [final_warehouse_scan_node]: WARNING: x drift 0.20m from centerline. Stopping before rack entry.
[INFO] [1778714581.603851250] [final_warehouse_scan_node]: Drive to row 1: target_y=3.00, y=-2.95, dy=5.95, yaw_err=-0.068
[INFO] [1778714581.610717174] [final_warehouse_scan_node]: WARNING: x drift 0.20m from centerline. Stopping before rack entry.
[INFO] [1778714581.662743295] [final_warehouse_scan_node]: Drive to row 1: target_y=3.00, y=-2.95, dy=5.95, yaw_err=-0.068
[INFO] [1778714581.675574795] [final_warehouse_scan_node]: WARNING: x drift 0.20m from centerline. Stopping before rack entry.
[INFO] [1778714581.700027633] [final_warehouse_scan_node]: Drive to row 1: target_y=3.00, y=-2.95, dy=5.95, yaw_err=-0.068
[INFO] [1778714581.706653326] [final_warehouse_scan_node]: WARNING: x drift 0.20m from centerline. Stopping before rack entry.
[INFO] [1778714581.752243613] [final_warehouse_scan_node]: Drive to row 1: target_y=3.00, y=-2.95, dy=5.95, yaw_err=-0.068
[INFO] [1778714581.759769193] [final_warehouse_scan_node]: WARNING: x drift 0.20m from centerline. Stopping before rack entry.
[INFO] [1778714581.807619778] [final_warehouse_scan_node]: Drive to row 1: target_y=3.00, y=-2.95, dy=5.95, yaw_err=-0.068
[INFO] [1778714581.814144941] [final_warehouse_scan_node]: WARNING: x drift 0.20m from centerline. Stopping before rack entry.
[INFO] [1778714581.854428521] [final_warehouse_scan_node]: Drive to row 1: target_y=3.00, y=-2.95, dy=5.95, yaw_err=-0.068
[INFO] [1778714581.865843908] [final_warehouse_scan_node]: WARNING: x drift 0.20m from centerline. Stopping before rack entry.
[INFO] [1778714581.897672934] [final_warehouse_scan_node]: Drive to row 1: target_y=3.00, y=-2.95, dy=5.95, yaw_err=-0.068
[INFO] [1778714581.912106116] [final_warehouse_scan_node]: WARNING: x drift 0.20m from centerline. Stopping before rack entry.
[INFO] [1778714581.948026419] [final_warehouse_scan_node]: Drive to row 1: target_y=3.00, y=-2.95, dy=5.95, yaw_err=-0.068
[INFO] [1778714581.953088689] [final_warehouse_scan_node]: WARNING: x drift 0.20m from centerline. Stopping before rack entry.
[INFO] [1778714581.998669294] [final_warehouse_scan_node]: Drive to row 1: target_y=3.00, y=-2.95, dy=5.95, yaw_err=-0.068
[INFO] [1778714582.006483165] [final_warehouse_scan_node]: WARNING: x drift 0.20m from centerline. Stopping before rack entry.
[INFO] [1778714582.054785560] [final_warehouse_scan_node]: Drive to row 1: target_y=3.00, y=-2.95, dy=5.95, yaw_err=-0.068
[INFO] [1778714582.062360859] [final_warehouse_scan_node]: WARNING: x drift 0.20m from centerline. Stopping before rack entry.
[INFO] [1778714582.103100332] [final_warehouse_scan_node]: Drive to row 1: target_y=3.00, y=-2.95, dy=5.95, yaw_err=-0.068
[INFO] [1778714582.114771901] [final_warehouse_scan_node]: WARNING: x drift 0.20m from centerline. Stopping before rack entry.
[INFO] [1778714582.156321154] [final_warehouse_scan_node]: Drive to row 1: target_y=3.00, y=-2.95, dy=5.95, yaw_err=-0.068
[INFO] [1778714582.165241796] [final_warehouse_scan_node]: WARNING: x drift 0.20m from centerline. Stopping before rack entry.
[INFO] [1778714582.201541734] [final_warehouse_scan_node]: Drive to row 1: target_y=3.00, y=-2.95, dy=5.95, yaw_err=-0.068
[INFO] [1778714582.210418636] [final_warehouse_scan_node]: WARNING: x drift 0.20m from centerline. Stopping before rack entry.
[INFO] [1778714582.251457720] [final_warehouse_scan_node]: Drive to row 1: target_y=3.00, y=-2.95, dy=5.95, yaw_err=-0.068
[INFO] [1778714582.256322359] [final_warehouse_scan_node]: WARNING: x drift 0.20m from centerline. Stopping before rack entry.
[INFO] [1778714582.297309060] [final_warehouse_scan_node]: Drive to row 1: target_y=3.00, y=-2.95, dy=5.95, yaw_err=-0.068
[INFO] [1778714582.305181966] [final_warehouse_scan_node]: WARNING: x drift 0.20m from centerline. Stopping before rack entry.
[INFO] [1778714582.350427302] [final_warehouse_scan_node]: Drive to row 1: target_y=3.00, y=-2.95, dy=5.95, yaw_err=-0.068
[INFO] [1778714582.356270897] [final_warehouse_scan_node]: WARNING: x drift 0.20m from centerline. Stopping before rack entry.
[INFO] [1778714582.403712120] [final_warehouse_scan_node]: Drive to row 1: target_y=3.00, y=-2.95, dy=5.95, yaw_err=-0.068
[INFO] [1778714582.409828015] [final_warehouse_scan_node]: WARNING: x drift 0.20m from centerline. Stopping before rack entry.
[INFO] [1778714582.454106076] [final_warehouse_scan_node]: Drive to row 1: target_y=3.00, y=-2.95, dy=5.95, yaw_err=-0.068
[INFO] [1778714582.464007355] [final_warehouse_scan_node]: WARNING: x drift 0.20m from centerline. Stopping before rack entry.
[INFO] [1778714582.508440850] [final_warehouse_scan_node]: Drive to row 1: target_y=3.00, y=-2.95, dy=5.95, yaw_err=-0.068
[INFO] [1778714582.524146285] [final_warehouse_scan_node]: WARNING: x drift 0.20m from centerline. Stopping before rack entry.
[INFO] [1778714582.548935731] [final_warehouse_scan_node]: Drive to row 1: target_y=3.00, y=-2.95, dy=5.95, yaw_err=-0.068
[INFO] [1778714582.553983963] [final_warehouse_scan_node]: WARNING: x drift 0.20m from centerline. Stopping before rack entry.
[INFO] [1778714582.600605585] [final_warehouse_scan_node]: Drive to row 1: target_y=3.00, y=-2.95, dy=5.95, yaw_err=-0.068
[INFO] [1778714582.606842772] [final_warehouse_scan_node]: WARNING: x drift 0.20m from centerline. Stopping before rack entry.
[INFO] [1778714582.649254346] [final_warehouse_scan_node]: Drive to row 1: target_y=3.00, y=-2.95, dy=5.95, yaw_err=-0.068
[INFO] [1778714582.653574045] [final_warehouse_scan_node]: WARNING: x drift 0.20m from centerline. Stopping before rack entry.
[INFO] [1778714582.700931330] [final_warehouse_scan_node]: Drive to row 1: target_y=3.00, y=-2.95, dy=5.95, yaw_err=-0.068
[INFO] [1778714582.705770865] [final_warehouse_scan_node]: WARNING: x drift 0.20m from centerline. Stopping before rack entry.
[INFO] [1778714582.750158350] [final_warehouse_scan_node]: Drive to row 1: target_y=3.00, y=-2.95, dy=5.95, yaw_err=-0.068
[INFO] [1778714582.755109758] [final_warehouse_scan_node]: WARNING: x drift 0.20m from centerline. Stopping before rack entry.
[INFO] [1778714582.800868855] [final_warehouse_scan_node]: Drive to row 1: target_y=3.00, y=-2.95, dy=5.95, yaw_err=-0.068
[INFO] [1778714582.805215405] [final_warehouse_scan_node]: WARNING: x drift 0.20m from centerline. Stopping before rack entry.
[INFO] [1778714582.852178998] [final_warehouse_scan_node]: Drive to row 1: target_y=3.00, y=-2.95, dy=5.95, yaw_err=-0.068
[INFO] [1778714582.859989611] [final_warehouse_scan_node]: WARNING: x drift 0.20m from centerline. Stopping before rack entry.
[INFO] [1778714582.907894223] [final_warehouse_scan_node]: Drive to row 1: target_y=3.00, y=-2.95, dy=5.95, yaw_err=-0.068
[INFO] [1778714582.916330919] [final_warehouse_scan_node]: WARNING: x drift 0.20m from centerline. Stopping before rack entry.
[INFO] [1778714582.950030754] [final_warehouse_scan_node]: Drive to row 1: target_y=3.00, y=-2.95, dy=5.95, yaw_err=-0.068
[INFO] [1778714582.957566655] [final_warehouse_scan_node]: WARNING: x drift 0.20m from centerline. Stopping before rack entry.
[INFO] [1778714582.999251731] [final_warehouse_scan_node]: Drive to row 1: target_y=3.00, y=-2.95, dy=5.95, yaw_err=-0.068
[INFO] [1778714583.004402821] [final_warehouse_scan_node]: WARNING: x drift 0.20m from centerline. Stopping before rack entry.
[INFO] [1778714583.048894457] [final_warehouse_scan_node]: Drive to row 1: target_y=3.00, y=-2.95, dy=5.95, yaw_err=-0.068
[INFO] [1778714583.055462212] [final_warehouse_scan_node]: WARNING: x drift 0.20m from centerline. Stopping before rack entry.
[INFO] [1778714583.105666788] [final_warehouse_scan_node]: Drive to row 1: target_y=3.00, y=-2.95, dy=5.95, yaw_err=-0.068
[INFO] [1778714583.111897830] [final_warehouse_scan_node]: WARNING: x drift 0.20m from centerline. Stopping before rack entry.
[INFO] [1778714583.148168051] [final_warehouse_scan_node]: Drive to row 1: target_y=3.00, y=-2.95, dy=5.95, yaw_err=-0.068
[INFO] [1778714583.155526174] [final_warehouse_scan_node]: WARNING: x drift 0.20m from centerline. Stopping before rack entry.
[INFO] [1778714583.199803019] [final_warehouse_scan_node]: Drive to row 1: target_y=3.00, y=-2.95, dy=5.95, yaw_err=-0.068
[INFO] [1778714583.212203136] [final_warehouse_scan_node]: WARNING: x drift 0.20m from centerline. Stopping before rack entry.
[INFO] [1778714583.250794864] [final_warehouse_scan_node]: Drive to row 1: target_y=3.00, y=-2.95, dy=5.95, yaw_err=-0.068
[INFO] [1778714583.254759657] [final_warehouse_scan_node]: WARNING: x drift 0.20m from centerline. Stopping before rack entry.
[INFO] [1778714583.300763370] [final_warehouse_scan_node]: Drive to row 1: target_y=3.00, y=-2.95, dy=5.95, yaw_err=-0.068
[INFO] [1778714583.307029860] [final_warehouse_scan_node]: WARNING: x drift 0.20m from centerline. Stopping before rack entry.
[INFO] [1778714583.359183526] [final_warehouse_scan_node]: Drive to row 1: target_y=3.00, y=-2.95, dy=5.95, yaw_err=-0.068
[INFO] [1778714583.371043060] [final_warehouse_scan_node]: WARNING: x drift 0.20m from centerline. Stopping before rack entry.
[INFO] [1778714583.398436252] [final_warehouse_scan_node]: Drive to row 1: target_y=3.00, y=-2.95, dy=5.95, yaw_err=-0.068
[INFO] [1778714583.411555575] [final_warehouse_scan_node]: WARNING: x drift 0.20m from centerline. Stopping before rack entry.
[INFO] [1778714583.448457890] [final_warehouse_scan_node]: Drive to row 1: target_y=3.00, y=-2.95, dy=5.95, yaw_err=-0.068
[INFO] [1778714583.453988953] [final_warehouse_scan_node]: WARNING: x drift 0.20m from centerline. Stopping before rack entry.
[INFO] [1778714583.514790839] [final_warehouse_scan_node]: Drive to row 1: target_y=3.00, y=-2.95, dy=5.95, yaw_err=-0.068
[INFO] [1778714583.525217680] [final_warehouse_scan_node]: WARNING: x drift 0.20m from centerline. Stopping before rack entry.
[INFO] [1778714583.550468858] [final_warehouse_scan_node]: Drive to row 1: target_y=3.00, y=-2.95, dy=5.95, yaw_err=-0.068
[INFO] [1778714583.559657738] [final_warehouse_scan_node]: WARNING: x drift 0.20m from centerline. Stopping before rack entry.
[INFO] [1778714583.604074735] [final_warehouse_scan_node]: Drive to row 1: target_y=3.00, y=-2.95, dy=5.95, yaw_err=-0.068
[INFO] [1778714583.610627542] [final_warehouse_scan_node]: WARNING: x drift 0.20m from centerline. Stopping before rack entry.
[INFO] [1778714583.663128226] [final_warehouse_scan_node]: Drive to row 1: target_y=3.00, y=-2.95, dy=5.95, yaw_err=-0.068
[INFO] [1778714583.681922044] [final_warehouse_scan_node]: WARNING: x drift 0.20m from centerline. Stopping before rack entry.
[INFO] [1778714583.703181121] [final_warehouse_scan_node]: Drive to row 1: target_y=3.00, y=-2.95, dy=5.95, yaw_err=-0.068
[INFO] [1778714583.710146183] [final_warehouse_scan_node]: WARNING: x drift 0.20m from centerline. Stopping before rack entry.
[INFO] [1778714583.760107829] [final_warehouse_scan_node]: Drive to row 1: target_y=3.00, y=-2.95, dy=5.95, yaw_err=-0.068
[INFO] [1778714583.771467228] [final_warehouse_scan_node]: WARNING: x drift 0.20m from centerline. Stopping before rack entry.
[INFO] [1778714583.802594092] [final_warehouse_scan_node]: Drive to row 1: target_y=3.00, y=-2.95, dy=5.95, yaw_err=-0.068
[INFO] [1778714583.815972352] [final_warehouse_scan_node]: WARNING: x drift 0.20m from centerline. Stopping before rack entry.
[INFO] [1778714583.850652955] [final_warehouse_scan_node]: Drive to row 1: target_y=3.00, y=-2.95, dy=5.95, yaw_err=-0.068
[INFO] [1778714583.857971327] [final_warehouse_scan_node]: WARNING: x drift 0.20m from centerline. Stopping before rack entry.
[INFO] [1778714583.910303517] [final_warehouse_scan_node]: Drive to row 1: target_y=3.00, y=-2.95, dy=5.95, yaw_err=-0.068
[INFO] [1778714583.926289968] [final_warehouse_scan_node]: WARNING: x drift 0.20m from centerline. Stopping before rack entry.
[INFO] [1778714583.951583080] [final_warehouse_scan_node]: Drive to row 1: target_y=3.00, y=-2.95, dy=5.95, yaw_err=-0.068
[INFO] [1778714583.958886444] [final_warehouse_scan_node]: WARNING: x drift 0.20m from centerline. Stopping before rack entry.
[INFO] [1778714584.008615421] [final_warehouse_scan_node]: Drive to row 1: target_y=3.00, y=-2.95, dy=5.95, yaw_err=-0.068
[INFO] [1778714584.015470617] [final_warehouse_scan_node]: WARNING: x drift 0.20m from centerline. Stopping before rack entry.
[INFO] [1778714584.062824583] [final_warehouse_scan_node]: Drive to row 1: target_y=3.00, y=-2.95, dy=5.95, yaw_err=-0.068
[INFO] [1778714584.080112549] [final_warehouse_scan_node]: WARNING: x drift 0.20m from centerline. Stopping before rack entry.
[INFO] [1778714584.104039081] [final_warehouse_scan_node]: Drive to row 1: target_y=3.00, y=-2.95, dy=5.95, yaw_err=-0.068
[INFO] [1778714584.110037394] [final_warehouse_scan_node]: WARNING: x drift 0.20m from centerline. Stopping before rack entry.
[INFO] [1778714584.157324297] [final_warehouse_scan_node]: Drive to row 1: target_y=3.00, y=-2.95, dy=5.95, yaw_err=-0.068
[INFO] [1778714584.164323147] [final_warehouse_scan_node]: WARNING: x drift 0.20m from centerline. Stopping before rack entry.
[INFO] [1778714584.204780218] [final_warehouse_scan_node]: Drive to row 1: target_y=3.00, y=-2.95, dy=5.95, yaw_err=-0.068
[INFO] [1778714584.212131811] [final_warehouse_scan_node]: WARNING: x drift 0.20m from centerline. Stopping before rack entry.
[INFO] [1778714584.250475847] [final_warehouse_scan_node]: Drive to row 1: target_y=3.00, y=-2.95, dy=5.95, yaw_err=-0.068
[INFO] [1778714584.272125440] [final_warehouse_scan_node]: WARNING: x drift 0.20m from centerline. Stopping before rack entry.
[INFO] [1778714584.303600037] [final_warehouse_scan_node]: Drive to row 1: target_y=3.00, y=-2.95, dy=5.95, yaw_err=-0.068
[INFO] [1778714584.313284779] [final_warehouse_scan_node]: WARNING: x drift 0.20m from centerline. Stopping before rack entry.
[INFO] [1778714584.349968164] [final_warehouse_scan_node]: Drive to row 1: target_y=3.00, y=-2.95, dy=5.95, yaw_err=-0.068
[INFO] [1778714584.359062828] [final_warehouse_scan_node]: WARNING: x drift 0.20m from centerline. Stopping before rack entry.
[INFO] [1778714584.401377535] [final_warehouse_scan_node]: Drive to row 1: target_y=3.00, y=-2.95, dy=5.95, yaw_err=-0.068
[INFO] [1778714584.409009757] [final_warehouse_scan_node]: WARNING: x drift 0.20m from centerline. Stopping before rack entry.
[INFO] [1778714584.458243379] [final_warehouse_scan_node]: Drive to row 1: target_y=3.00, y=-2.95, dy=5.95, yaw_err=-0.068
[INFO] [1778714584.473535164] [final_warehouse_scan_node]: WARNING: x drift 0.20m from centerline. Stopping before rack entry.
[INFO] [1778714584.505977799] [final_warehouse_scan_node]: Drive to row 1: target_y=3.00, y=-2.95, dy=5.95, yaw_err=-0.068
[INFO] [1778714584.521472908] [final_warehouse_scan_node]: WARNING: x drift 0.20m from centerline. Stopping before rack entry.
[INFO] [1778714584.561126333] [final_warehouse_scan_node]: Drive to row 1: target_y=3.00, y=-2.95, dy=5.95, yaw_err=-0.068
[INFO] [1778714584.570279193] [final_warehouse_scan_node]: WARNING: x drift 0.20m from centerline. Stopping before rack entry.
[INFO] [1778714584.600418306] [final_warehouse_scan_node]: Drive to row 1: target_y=3.00, y=-2.95, dy=5.95, yaw_err=-0.068
[INFO] [1778714584.607877011] [final_warehouse_scan_node]: WARNING: x drift 0.20m from centerline. Stopping before rack entry.
[INFO] [1778714584.649357250] [final_warehouse_scan_node]: Drive to row 1: target_y=3.00, y=-2.95, dy=5.95, yaw_err=-0.068
[INFO] [1778714584.655236235] [final_warehouse_scan_node]: WARNING: x drift 0.20m from centerline. Stopping before rack entry.
[INFO] [1778714584.709174421] [final_warehouse_scan_node]: Drive to row 1: target_y=3.00, y=-2.95, dy=5.95, yaw_err=-0.068
[INFO] [1778714584.719026899] [final_warehouse_scan_node]: WARNING: x drift 0.20m from centerline. Stopping before rack entry.
[INFO] [1778714584.752535925] [final_warehouse_scan_node]: Drive to row 1: target_y=3.00, y=-2.95, dy=5.95, yaw_err=-0.068
[INFO] [1778714584.763718869] [final_warehouse_scan_node]: WARNING: x drift 0.20m from centerline. Stopping before rack entry.
[INFO] [1778714584.800484336] [final_warehouse_scan_node]: Drive to row 1: target_y=3.00, y=-2.95, dy=5.95, yaw_err=-0.068
[INFO] [1778714584.805705869] [final_warehouse_scan_node]: WARNING: x drift 0.20m from centerline. Stopping before rack entry.
[INFO] [1778714584.850520193] [final_warehouse_scan_node]: Drive to row 1: target_y=3.00, y=-2.95, dy=5.95, yaw_err=-0.068
[INFO] [1778714584.856923267] [final_warehouse_scan_node]: WARNING: x drift 0.20m from centerline. Stopping before rack entry.
[INFO] [1778714584.906078509] [final_warehouse_scan_node]: Drive to row 1: target_y=3.00, y=-2.95, dy=5.95, yaw_err=-0.068
[INFO] [1778714584.918307517] [final_warehouse_scan_node]: WARNING: x drift 0.20m from centerline. Stopping before rack entry.
[INFO] [1778714584.949746909] [final_warehouse_scan_node]: Drive to row 1: target_y=3.00, y=-2.95, dy=5.95, yaw_err=-0.068
[INFO] [1778714584.962375877] [final_warehouse_scan_node]: WARNING: x drift 0.20m from centerline. Stopping before rack entry.
[INFO] [1778714585.000496728] [final_warehouse_scan_node]: Drive to row 1: target_y=3.00, y=-2.95, dy=5.95, yaw_err=-0.068
[INFO] [1778714585.006293772] [final_warehouse_scan_node]: WARNING: x drift 0.20m from centerline. Stopping before rack entry.
[INFO] [1778714585.053044107] [final_warehouse_scan_node]: Drive to row 1: target_y=3.00, y=-2.95, dy=5.95, yaw_err=-0.068
[INFO] [1778714585.062983434] [final_warehouse_scan_node]: WARNING: x drift 0.20m from centerline. Stopping before rack entry.
[INFO] [1778714585.097979904] [final_warehouse_scan_node]: Drive to row 1: target_y=3.00, y=-2.95, dy=5.95, yaw_err=-0.068
[INFO] [1778714585.106665549] [final_warehouse_scan_node]: WARNING: x drift 0.20m from centerline. Stopping before rack entry.
[INFO] [1778714585.149089380] [final_warehouse_scan_node]: Drive to row 1: target_y=3.00, y=-2.95, dy=5.95, yaw_err=-0.068
[INFO] [1778714585.154171389] [final_warehouse_scan_node]: WARNING: x drift 0.20m from centerline. Stopping before rack entry.
[INFO] [1778714585.204644654] [final_warehouse_scan_node]: Drive to row 1: target_y=3.00, y=-2.95, dy=5.95, yaw_err=-0.068
[INFO] [1778714585.213681588] [final_warehouse_scan_node]: WARNING: x drift 0.20m from centerline. Stopping before rack entry.
[INFO] [1778714585.253297941] [final_warehouse_scan_node]: Drive to row 1: target_y=3.00, y=-2.95, dy=5.95, yaw_err=-0.068
[INFO] [1778714585.270733829] [final_warehouse_scan_node]: WARNING: x drift 0.20m from centerline. Stopping before rack entry.
[INFO] [1778714585.297689586] [final_warehouse_scan_node]: Drive to row 1: target_y=3.00, y=-2.95, dy=5.95, yaw_err=-0.068
[INFO] [1778714585.302489890] [final_warehouse_scan_node]: WARNING: x drift 0.20m from centerline. Stopping before rack entry.
[INFO] [1778714585.349439639] [final_warehouse_scan_node]: Drive to row 1: target_y=3.00, y=-2.95, dy=5.95, yaw_err=-0.068
[INFO] [1778714585.355243797] [final_warehouse_scan_node]: WARNING: x drift 0.20m from centerline. Stopping before rack entry.
[INFO] [1778714585.414133772] [final_warehouse_scan_node]: Drive to row 1: target_y=3.00, y=-2.95, dy=5.95, yaw_err=-0.068
[INFO] [1778714585.421748526] [final_warehouse_scan_node]: WARNING: x drift 0.20m from centerline. Stopping before rack entry.
[INFO] [1778714585.448608662] [final_warehouse_scan_node]: Drive to row 1: target_y=3.00, y=-2.95, dy=5.95, yaw_err=-0.068
[INFO] [1778714585.463695350] [final_warehouse_scan_node]: WARNING: x drift 0.20m from centerline. Stopping before rack entry.
[INFO] [1778714585.499788535] [final_warehouse_scan_node]: Drive to row 1: target_y=3.00, y=-2.95, dy=5.95, yaw_err=-0.068
[INFO] [1778714585.505365906] [final_warehouse_scan_node]: WARNING: x drift 0.20m from centerline. Stopping before rack entry.
[INFO] [1778714585.595824210] [final_warehouse_scan_node]: Drive to row 1: target_y=3.00, y=-2.95, dy=5.95, yaw_err=-0.068
[INFO] [1778714585.603494469] [final_warehouse_scan_node]: WARNING: x drift 0.20m from centerline. Stopping before rack entry.
[INFO] [1778714585.613812365] [final_warehouse_scan_node]: Drive to row 1: target_y=3.00, y=-2.95, dy=5.95, yaw_err=-0.068
[INFO] [1778714585.620150214] [final_warehouse_scan_node]: WARNING: x drift 0.20m from centerline. Stopping before rack entry.
[INFO] [1778714585.663921626] [final_warehouse_scan_node]: Drive to row 1: target_y=3.00, y=-2.95, dy=5.95, yaw_err=-0.068
[INFO] [1778714585.673461557] [final_warehouse_scan_node]: WARNING: x drift 0.20m from centerline. Stopping before rack entry.
[INFO] [1778714585.701304389] [final_warehouse_scan_node]: Drive to row 1: target_y=3.00, y=-2.95, dy=5.95, yaw_err=-0.068
[INFO] [1778714585.715849917] [final_warehouse_scan_node]: WARNING: x drift 0.20m from centerline. Stopping before rack entry.
[INFO] [1778714585.761838867] [final_warehouse_scan_node]: Drive to row 1: target_y=3.00, y=-2.95, dy=5.95, yaw_err=-0.068
[INFO] [1778714585.769366975] [final_warehouse_scan_node]: WARNING: x drift 0.20m from centerline. Stopping before rack entry.
[INFO] [1778714585.800395045] [final_warehouse_scan_node]: Drive to row 1: target_y=3.00, y=-2.95, dy=5.95, yaw_err=-0.068
[INFO] [1778714585.826483459] [final_warehouse_scan_node]: WARNING: x drift 0.20m from centerline. Stopping before rack entry.
[INFO] [1778714585.850390878] [final_warehouse_scan_node]: Drive to row 1: target_y=3.00, y=-2.95, dy=5.95, yaw_err=-0.068
[INFO] [1778714585.859739888] [final_warehouse_scan_node]: WARNING: x drift 0.20m from centerline. Stopping before rack entry.
[INFO] [1778714585.900471070] [final_warehouse_scan_node]: Drive to row 1: target_y=3.00, y=-2.95, dy=5.95, yaw_err=-0.068
[INFO] [1778714585.919475993] [final_warehouse_scan_node]: WARNING: x drift 0.20m from centerline. Stopping before rack entry.
[INFO] [1778714586.135095378] [final_warehouse_scan_node]: Drive to row 1: target_y=3.00, y=-2.95, dy=5.95, yaw_err=-0.068
[INFO] [1778714586.153248445] [final_warehouse_scan_node]: WARNING: x drift 0.20m from centerline. Stopping before rack entry.
[INFO] [1778714586.194601986] [final_warehouse_scan_node]: Drive to row 1: target_y=3.00, y=-2.95, dy=5.95, yaw_err=-0.068
[INFO] [1778714586.211168544] [final_warehouse_scan_node]: WARNING: x drift 0.20m from centerline. Stopping before rack entry.
[INFO] [1778714586.227598921] [final_warehouse_scan_node]: Drive to row 1: target_y=3.00, y=-2.95, dy=5.95, yaw_err=-0.068
[INFO] [1778714586.240653956] [final_warehouse_scan_node]: WARNING: x drift 0.20m from centerline. Stopping before rack entry.
[INFO] [1778714586.248022006] [final_warehouse_scan_node]: Drive to row 1: target_y=3.00, y=-2.95, dy=5.95, yaw_err=-0.068
[INFO] [1778714586.255918812] [final_warehouse_scan_node]: WARNING: x drift 0.20m from centerline. Stopping before rack entry.
[INFO] [1778714586.300719514] [final_warehouse_scan_node]: Drive to row 1: target_y=3.00, y=-2.95, dy=5.95, yaw_err=-0.068
[INFO] [1778714586.308545470] [final_warehouse_scan_node]: WARNING: x drift 0.20m from centerline. Stopping before rack entry.
[INFO] [1778714586.361053124] [final_warehouse_scan_node]: Drive to row 1: target_y=3.00, y=-2.95, dy=5.95, yaw_err=-0.068
[INFO] [1778714586.389966264] [final_warehouse_scan_node]: WARNING: x drift 0.20m from centerline. Stopping before rack entry.
[INFO] [1778714586.399061808] [final_warehouse_scan_node]: Drive to row 1: target_y=3.00, y=-2.95, dy=5.95, yaw_err=-0.068
[INFO] [1778714586.406644471] [final_warehouse_scan_node]: WARNING: x drift 0.20m from centerline. Stopping before rack entry.
[INFO] [1778714586.455006781] [final_warehouse_scan_node]: Drive to row 1: target_y=3.00, y=-2.95, dy=5.95, yaw_err=-0.068
[INFO] [1778714586.478977798] [final_warehouse_scan_node]: WARNING: x drift 0.20m from centerline. Stopping before rack entry.
[INFO] [1778714586.500510581] [final_warehouse_scan_node]: Drive to row 1: target_y=3.00, y=-2.95, dy=5.95, yaw_err=-0.068
[INFO] [1778714586.513525969] [final_warehouse_scan_node]: WARNING: x drift 0.20m from centerline. Stopping before rack entry.
[INFO] [1778714586.554634605] [final_warehouse_scan_node]: Drive to row 1: target_y=3.00, y=-2.95, dy=5.95, yaw_err=-0.068
[INFO] [1778714586.564868726] [final_warehouse_scan_node]: WARNING: x drift 0.20m from centerline. Stopping before rack entry.
[INFO] [1778714586.604315576] [final_warehouse_scan_node]: Drive to row 1: target_y=3.00, y=-2.95, dy=5.95, yaw_err=-0.068
[INFO] [1778714586.617872742] [final_warehouse_scan_node]: WARNING: x drift 0.20m from centerline. Stopping before rack entry.
[INFO] [1778714586.662142194] [final_warehouse_scan_node]: Drive to row 1: target_y=3.00, y=-2.95, dy=5.95, yaw_err=-0.068
[INFO] [1778714586.671220499] [final_warehouse_scan_node]: WARNING: x drift 0.20m from centerline. Stopping before rack entry.
[INFO] [1778714586.701545815] [final_warehouse_scan_node]: Drive to row 1: target_y=3.00, y=-2.95, dy=5.95, yaw_err=-0.068
[INFO] [1778714586.712792205] [final_warehouse_scan_node]: WARNING: x drift 0.20m from centerline. Stopping before rack entry.
[INFO] [1778714586.753694992] [final_warehouse_scan_node]: Drive to row 1: target_y=3.00, y=-2.95, dy=5.95, yaw_err=-0.068
[INFO] [1778714586.763762263] [final_warehouse_scan_node]: WARNING: x drift 0.20m from centerline. Stopping before rack entry.
[INFO] [1778714586.804165714] [final_warehouse_scan_node]: Drive to row 1: target_y=3.00, y=-2.95, dy=5.95, yaw_err=-0.068
[INFO] [1778714586.810902032] [final_warehouse_scan_node]: WARNING: x drift 0.20m from centerline. Stopping before rack entry.
[INFO] [1778714586.860107770] [final_warehouse_scan_node]: Drive to row 1: target_y=3.00, y=-2.95, dy=5.95, yaw_err=-0.068
[INFO] [1778714586.869998085] [final_warehouse_scan_node]: WARNING: x drift 0.20m from centerline. Stopping before rack entry.
[INFO] [1778714586.900742903] [final_warehouse_scan_node]: Drive to row 1: target_y=3.00, y=-2.95, dy=5.95, yaw_err=-0.068
[INFO] [1778714586.919496943] [final_warehouse_scan_node]: WARNING: x drift 0.20m from centerline. Stopping before rack entry.
[INFO] [1778714586.950678078] [final_warehouse_scan_node]: Drive to row 1: target_y=3.00, y=-2.95, dy=5.95, yaw_err=-0.068
[INFO] [1778714586.986028100] [final_warehouse_scan_node]: WARNING: x drift 0.20m from centerline. Stopping before rack entry.
[INFO] [1778714587.001774455] [final_warehouse_scan_node]: Drive to row 1: target_y=3.00, y=-2.95, dy=5.95, yaw_err=-0.068
[INFO] [1778714587.011096551] [final_warehouse_scan_node]: WARNING: x drift 0.20m from centerline. Stopping before rack entry.
[INFO] [1778714587.054197422] [final_warehouse_scan_node]: Drive to row 1: target_y=3.00, y=-2.95, dy=5.95, yaw_err=-0.068
[INFO] [1778714587.061196486] [final_warehouse_scan_node]: WARNING: x drift 0.20m from centerline. Stopping before rack entry.
[INFO] [1778714587.102127004] [final_warehouse_scan_node]: Drive to row 1: target_y=3.00, y=-2.95, dy=5.95, yaw_err=-0.068
[INFO] [1778714587.118592930] [final_warehouse_scan_node]: WARNING: x drift 0.20m from centerline. Stopping before rack entry.
[INFO] [1778714587.151484334] [final_warehouse_scan_node]: Drive to row 1: target_y=3.00, y=-2.95, dy=5.95, yaw_err=-0.068
[INFO] [1778714587.178168761] [final_warehouse_scan_node]: WARNING: x drift 0.20m from centerline. Stopping before rack entry.
[INFO] [1778714587.208059460] [final_warehouse_scan_node]: Drive to row 1: target_y=3.00, y=-2.95, dy=5.95, yaw_err=-0.068
[INFO] [1778714587.216495503] [final_warehouse_scan_node]: WARNING: x drift 0.20m from centerline. Stopping before rack entry.
[INFO] [1778714587.254809029] [final_warehouse_scan_node]: Drive to row 1: target_y=3.00, y=-2.95, dy=5.95, yaw_err=-0.068
[INFO] [1778714587.268277361] [final_warehouse_scan_node]: WARNING: x drift 0.20m from centerline. Stopping before rack entry.
[INFO] [1778714587.301286568] [final_warehouse_scan_node]: Drive to row 1: target_y=3.00, y=-2.95, dy=5.95, yaw_err=-0.068
[INFO] [1778714587.306837850] [final_warehouse_scan_node]: WARNING: x drift 0.20m from centerline. Stopping before rack entry.
[INFO] [1778714587.354983091] [final_warehouse_scan_node]: Drive to row 1: target_y=3.00, y=-2.95, dy=5.95, yaw_err=-0.068
[INFO] [1778714587.362509147] [final_warehouse_scan_node]: WARNING: x drift 0.20m from centerline. Stopping before rack entry.
[INFO] [1778714587.408359814] [final_warehouse_scan_node]: Drive to row 1: target_y=3.00, y=-2.95, dy=5.95, yaw_err=-0.068
[INFO] [1778714587.424809199] [final_warehouse_scan_node]: WARNING: x drift 0.20m from centerline. Stopping before rack entry.
[INFO] [1778714587.452430675] [final_warehouse_scan_node]: Drive to row 1: target_y=3.00, y=-2.95, dy=5.95, yaw_err=-0.068
[INFO] [1778714587.459768164] [final_warehouse_scan_node]: WARNING: x drift 0.20m from centerline. Stopping before rack entry.
[INFO] [1778714587.508167798] [final_warehouse_scan_node]: Drive to row 1: target_y=3.00, y=-2.95, dy=5.95, yaw_err=-0.068
[INFO] [1778714587.523878434] [final_warehouse_scan_node]: WARNING: x drift 0.20m from centerline. Stopping before rack entry.
[INFO] [1778714587.550588660] [final_warehouse_scan_node]: Drive to row 1: target_y=3.00, y=-2.95, dy=5.95, yaw_err=-0.068
[INFO] [1778714587.556187181] [final_warehouse_scan_node]: WARNING: x drift 0.20m from centerline. Stopping before rack entry.
[INFO] [1778714587.604406406] [final_warehouse_scan_node]: Drive to row 1: target_y=3.00, y=-2.95, dy=5.95, yaw_err=-0.068
[INFO] [1778714587.612264651] [final_warehouse_scan_node]: WARNING: x drift 0.20m from centerline. Stopping before rack entry.
[INFO] [1778714587.654146681] [final_warehouse_scan_node]: Drive to row 1: target_y=3.00, y=-2.95, dy=5.95, yaw_err=-0.068
[INFO] [1778714587.667099063] [final_warehouse_scan_node]: WARNING: x drift 0.20m from centerline. Stopping before rack entry.
[INFO] [1778714587.706178045] [final_warehouse_scan_node]: Drive to row 1: target_y=3.00, y=-2.95, dy=5.95, yaw_err=-0.068
[INFO] [1778714587.716510844] [final_warehouse_scan_node]: WARNING: x drift 0.20m from centerline. Stopping before rack entry.
[INFO] [1778714587.759704139] [final_warehouse_scan_node]: Drive to row 1: target_y=3.00, y=-2.95, dy=5.95, yaw_err=-0.068
[INFO] [1778714587.778311625] [final_warehouse_scan_node]: WARNING: x drift 0.20m from centerline. Stopping before rack entry.
[INFO] [1778714587.804298337] [final_warehouse_scan_node]: Drive to row 1: target_y=3.00, y=-2.95, dy=5.95, yaw_err=-0.068
[INFO] [1778714587.812913804] [final_warehouse_scan_node]: WARNING: x drift 0.20m from centerline. Stopping before rack entry.
[INFO] [1778714587.854319905] [final_warehouse_scan_node]: Drive to row 1: target_y=3.00, y=-2.95, dy=5.95, yaw_err=-0.068
[INFO] [1778714587.863888328] [final_warehouse_scan_node]: WARNING: x drift 0.20m from centerline. Stopping before rack entry.
[INFO] [1778714587.903178917] [final_warehouse_scan_node]: Drive to row 1: target_y=3.00, y=-2.95, dy=5.95, yaw_err=-0.068
[INFO] [1778714587.909815700] [final_warehouse_scan_node]: WARNING: x drift 0.20m from centerline. Stopping before rack entry.
[INFO] [1778714587.968625349] [final_warehouse_scan_node]: Drive to row 1: target_y=3.00, y=-2.95, dy=5.95, yaw_err=-0.068
[INFO] [1778714587.988660513] [final_warehouse_scan_node]: WARNING: x drift 0.20m from centerline. Stopping before rack entry.
[INFO] [1778714588.004600481] [final_warehouse_scan_node]: Drive to row 1: target_y=3.00, y=-2.95, dy=5.95, yaw_err=-0.068
[INFO] [1778714588.013040645] [final_warehouse_scan_node]: WARNING: x drift 0.20m from centerline. Stopping before rack entry.
[INFO] [1778714588.065860765] [final_warehouse_scan_node]: Drive to row 1: target_y=3.00, y=-2.95, dy=5.95, yaw_err=-0.068
[INFO] [1778714588.075999739] [final_warehouse_scan_node]: WARNING: x drift 0.20m from centerline. Stopping before rack entry.
[INFO] [1778714588.104355702] [final_warehouse_scan_node]: Drive to row 1: target_y=3.00, y=-2.95, dy=5.95, yaw_err=-0.068
[INFO] [1778714588.119998753] [final_warehouse_scan_node]: WARNING: x drift 0.20m from centerline. Stopping before rack entry.
[INFO] [1778714588.157612185] [final_warehouse_scan_node]: Drive to row 1: target_y=3.00, y=-2.95, dy=5.95, yaw_err=-0.068
[INFO] [1778714588.168628381] [final_warehouse_scan_node]: WARNING: x drift 0.20m from centerline. Stopping before rack entry.
[INFO] [1778714588.208729650] [final_warehouse_scan_node]: Drive to row 1: target_y=3.00, y=-2.95, dy=5.95, yaw_err=-0.068
[INFO] [1778714588.224255786] [final_warehouse_scan_node]: WARNING: x drift 0.20m from centerline. Stopping before rack entry.
[INFO] [1778714588.252235455] [final_warehouse_scan_node]: Drive to row 1: target_y=3.00, y=-2.95, dy=5.95, yaw_err=-0.068
[INFO] [1778714588.258581157] [final_warehouse_scan_node]: WARNING: x drift 0.20m from centerline. Stopping before rack entry.
[INFO] [1778714588.324185626] [final_warehouse_scan_node]: Drive to row 1: target_y=3.00, y=-2.95, dy=5.95, yaw_err=-0.068
[INFO] [1778714588.331461974] [final_warehouse_scan_node]: WARNING: x drift 0.20m from centerline. Stopping before rack entry.
[INFO] [1778714588.353314138] [final_warehouse_scan_node]: Drive to row 1: target_y=3.00, y=-2.95, dy=5.95, yaw_err=-0.068
[INFO] [1778714588.358587047] [final_warehouse_scan_node]: WARNING: x drift 0.20m from centerline. Stopping before rack entry.
[INFO] [1778714588.399689568] [final_warehouse_scan_node]: Drive to row 1: target_y=3.00, y=-2.95, dy=5.95, yaw_err=-0.068
[INFO] [1778714588.406932507] [final_warehouse_scan_node]: WARNING: x drift 0.20m from centerline. Stopping before rack entry.
[INFO] [1778714588.466046616] [final_warehouse_scan_node]: Drive to row 1: target_y=3.00, y=-2.95, dy=5.95, yaw_err=-0.068
[INFO] [1778714588.478553501] [final_warehouse_scan_node]: WARNING: x drift 0.20m from centerline. Stopping before rack entry.
[INFO] [1778714588.503046342] [final_warehouse_scan_node]: Drive to row 1: target_y=3.00, y=-2.95, dy=5.95, yaw_err=-0.068
[INFO] [1778714588.509670042] [final_warehouse_scan_node]: WARNING: x drift 0.20m from centerline. Stopping before rack entry.
[INFO] [1778714588.557647902] [final_warehouse_scan_node]: Drive to row 1: target_y=3.00, y=-2.95, dy=5.95, yaw_err=-0.068
[INFO] [1778714588.566317340] [final_warehouse_scan_node]: WARNING: x drift 0.20m from centerline. Stopping before rack entry.
[INFO] [1778714588.604653274] [final_warehouse_scan_node]: Drive to row 1: target_y=3.00, y=-2.95, dy=5.95, yaw_err=-0.068
[INFO] [1778714588.623801675] [final_warehouse_scan_node]: WARNING: x drift 0.20m from centerline. Stopping before rack entry.
[INFO] [1778714588.651950711] [final_warehouse_scan_node]: Drive to row 1: target_y=3.00, y=-2.95, dy=5.95, yaw_err=-0.068
[INFO] [1778714588.657893377] [final_warehouse_scan_node]: WARNING: x drift 0.20m from centerline. Stopping before rack entry.
[INFO] [1778714588.702570799] [final_warehouse_scan_node]: Drive to row 1: target_y=3.00, y=-2.95, dy=5.95, yaw_err=-0.068
[INFO] [1778714588.712848043] [final_warehouse_scan_node]: WARNING: x drift 0.20m from centerline. Stopping before rack entry.
[INFO] [1778714588.752718582] [final_warehouse_scan_node]: Drive to row 1: target_y=3.00, y=-2.95, dy=5.95, yaw_err=-0.068
[INFO] [1778714588.769738239] [final_warehouse_scan_node]: WARNING: x drift 0.20m from centerline. Stopping before rack entry.
[INFO] [1778714588.802157701] [final_warehouse_scan_node]: Drive to row 1: target_y=3.00, y=-2.95, dy=5.95, yaw_err=-0.068
[INFO] [1778714588.807197953] [final_warehouse_scan_node]: WARNING: x drift 0.20m from centerline. Stopping before rack entry.
[INFO] [1778714588.851120313] [final_warehouse_scan_node]: Drive to row 1: target_y=3.00, y=-2.95, dy=5.95, yaw_err=-0.068
[INFO] [1778714588.857433343] [final_warehouse_scan_node]: WARNING: x drift 0.20m from centerline. Stopping before rack entry.
[INFO] [1778714588.907693516] [final_warehouse_scan_node]: Drive to row 1: target_y=3.00, y=-2.95, dy=5.95, yaw_err=-0.068
[INFO] [1778714588.917014880] [final_warehouse_scan_node]: WARNING: x drift 0.20m from centerline. Stopping before rack entry.
[INFO] [1778714588.952828720] [final_warehouse_scan_node]: Drive to row 1: target_y=3.00, y=-2.95, dy=5.95, yaw_err=-0.068
[INFO] [1778714588.957611032] [final_warehouse_scan_node]: WARNING: x drift 0.20m from centerline. Stopping before rack entry.
[INFO] [1778714589.000510483] [final_warehouse_scan_node]: Drive to row 1: target_y=3.00, y=-2.95, dy=5.95, yaw_err=-0.068
[INFO] [1778714589.006199823] [final_warehouse_scan_node]: WARNING: x drift 0.20m from centerline. Stopping before rack entry.
[INFO] [1778714589.060050121] [final_warehouse_scan_node]: Drive to row 1: target_y=3.00, y=-2.95, dy=5.95, yaw_err=-0.068
[INFO] [1778714589.069818163] [final_warehouse_scan_node]: WARNING: x drift 0.20m from centerline. Stopping before rack entry.
[INFO] [1778714589.107116503] [final_warehouse_scan_node]: Drive to row 1: target_y=3.00, y=-2.95, dy=5.95, yaw_err=-0.068
[INFO] [1778714589.129377500] [final_warehouse_scan_node]: WARNING: x drift 0.20m from centerline. Stopping before rack entry.
[INFO] [1778714589.148005942] [final_warehouse_scan_node]: Drive to row 1: target_y=3.00, y=-2.95, dy=5.95, yaw_err=-0.068
[INFO] [1778714589.153343043] [final_warehouse_scan_node]: WARNING: x drift 0.20m from centerline. Stopping before rack entry.
[INFO] [1778714589.202379220] [final_warehouse_scan_node]: Drive to row 1: target_y=3.00, y=-2.95, dy=5.95, yaw_err=-0.068
[INFO] [1778714589.214637980] [final_warehouse_scan_node]: WARNING: x drift 0.20m from centerline. Stopping before rack entry.
[INFO] [1778714589.254078144] [final_warehouse_scan_node]: Drive to row 1: target_y=3.00, y=-2.95, dy=5.95, yaw_err=-0.068
[INFO] [1778714589.274398201] [final_warehouse_scan_node]: WARNING: x drift 0.20m from centerline. Stopping before rack entry.
[INFO] [1778714589.297952179] [final_warehouse_scan_node]: Drive to row 1: target_y=3.00, y=-2.95, dy=5.95, yaw_err=-0.068
[INFO] [1778714589.303011494] [final_warehouse_scan_node]: WARNING: x drift 0.20m from centerline. Stopping before rack entry.
[INFO] [1778714589.348429743] [final_warehouse_scan_node]: Drive to row 1: target_y=3.00, y=-2.95, dy=5.95, yaw_err=-0.068
[INFO] [1778714589.354098483] [final_warehouse_scan_node]: WARNING: x drift 0.20m from centerline. Stopping before rack entry.
[INFO] [1778714589.398430958] [final_warehouse_scan_node]: Drive to row 1: target_y=3.00, y=-2.95, dy=5.95, yaw_err=-0.068
[INFO] [1778714589.405616631] [final_warehouse_scan_node]: WARNING: x drift 0.20m from centerline. Stopping before rack entry.
[INFO] [1778714589.448847082] [final_warehouse_scan_node]: Drive to row 1: target_y=3.00, y=-2.95, dy=5.95, yaw_err=-0.068
[INFO] [1778714589.455823054] [final_warehouse_scan_node]: WARNING: x drift 0.20m from centerline. Stopping before rack entry.
[INFO] [1778714589.499555190] [final_warehouse_scan_node]: Drive to row 1: target_y=3.00, y=-2.95, dy=5.95, yaw_err=-0.068
[INFO] [1778714589.507494530] [final_warehouse_scan_node]: WARNING: x drift 0.20m from centerline. Stopping before rack entry.
[INFO] [1778714589.549128195] [final_warehouse_scan_node]: Drive to row 1: target_y=3.00, y=-2.95, dy=5.95, yaw_err=-0.068
[INFO] [1778714589.557861963] [final_warehouse_scan_node]: WARNING: x drift 0.20m from centerline. Stopping before rack entry.
[INFO] [1778714589.598415556] [final_warehouse_scan_node]: Drive to row 1: target_y=3.00, y=-2.95, dy=5.95, yaw_err=-0.068
[INFO] [1778714589.604490947] [final_warehouse_scan_node]: WARNING: x drift 0.20m from centerline. Stopping before rack entry.
[INFO] [1778714589.649770757] [final_warehouse_scan_node]: Drive to row 1: target_y=3.00, y=-2.95, dy=5.95, yaw_err=-0.068
[INFO] [1778714589.657390476] [final_warehouse_scan_node]: WARNING: x drift 0.20m from centerline. Stopping before rack entry.
[INFO] [1778714589.699523778] [final_warehouse_scan_node]: Drive to row 1: target_y=3.00, y=-2.95, dy=5.95, yaw_err=-0.068
[INFO] [1778714589.707835951] [final_warehouse_scan_node]: WARNING: x drift 0.20m from centerline. Stopping before rack entry.
[INFO] [1778714589.749799968] [final_warehouse_scan_node]: Drive to row 1: target_y=3.00, y=-2.95, dy=5.95, yaw_err=-0.068
[INFO] [1778714589.758016355] [final_warehouse_scan_node]: WARNING: x drift 0.20m from centerline. Stopping before rack entry.
[INFO] [1778714589.798314141] [final_warehouse_scan_node]: Drive to row 1: target_y=3.00, y=-2.95, dy=5.95, yaw_err=-0.068
[INFO] [1778714589.805797597] [final_warehouse_scan_node]: WARNING: x drift 0.20m from centerline. Stopping before rack entry.
[INFO] [1778714589.849052640] [final_warehouse_scan_node]: Drive to row 1: target_y=3.00, y=-2.95, dy=5.95, yaw_err=-0.068
[INFO] [1778714589.857495846] [final_warehouse_scan_node]: WARNING: x drift 0.20m from centerline. Stopping before rack entry.
[INFO] [1778714589.898256199] [final_warehouse_scan_node]: Drive to row 1: target_y=3.00, y=-2.95, dy=5.95, yaw_err=-0.068
[INFO] [1778714589.904383121] [final_warehouse_scan_node]: WARNING: x drift 0.20m from centerline. Stopping before rack entry.
[INFO] [1778714589.951168381] [final_warehouse_scan_node]: Drive to row 1: target_y=3.00, y=-2.95, dy=5.95, yaw_err=-0.068
[INFO] [1778714589.959488122] [final_warehouse_scan_node]: WARNING: x drift 0.20m from centerline. Stopping before rack entry.
[INFO] [1778714590.000041887] [final_warehouse_scan_node]: Drive to row 1: target_y=3.00, y=-2.95, dy=5.95, yaw_err=-0.068
[INFO] [1778714590.008488177] [final_warehouse_scan_node]: WARNING: x drift 0.20m from centerline. Stopping before rack entry.
[INFO] [1778714590.051078357] [final_warehouse_scan_node]: Drive to row 1: target_y=3.00, y=-2.95, dy=5.95, yaw_err=-0.068
[INFO] [1778714590.060065775] [final_warehouse_scan_node]: WARNING: x drift 0.20m from centerline. Stopping before rack entry.
[INFO] [1778714590.098168377] [final_warehouse_scan_node]: Drive to row 1: target_y=3.00, y=-2.95, dy=5.95, yaw_err=-0.068
[INFO] [1778714590.106030461] [final_warehouse_scan_node]: WARNING: x drift 0.20m from centerline. Stopping before rack entry.
[INFO] [1778714590.148856451] [final_warehouse_scan_node]: Drive to row 1: target_y=3.00, y=-2.95, dy=5.95, yaw_err=-0.068
[INFO] [1778714590.156679521] [final_warehouse_scan_node]: WARNING: x drift 0.20m from centerline. Stopping before rack entry.
[INFO] [1778714590.201640907] [final_warehouse_scan_node]: Drive to row 1: target_y=3.00, y=-2.95, dy=5.95, yaw_err=-0.068
[INFO] [1778714590.216093811] [final_warehouse_scan_node]: WARNING: x drift 0.20m from centerline. Stopping before rack entry.
[INFO] [1778714590.256511652] [final_warehouse_scan_node]: Drive to row 1: target_y=3.00, y=-2.95, dy=5.95, yaw_err=-0.068
[INFO] [1778714590.266655826] [final_warehouse_scan_node]: WARNING: x drift 0.20m from centerline. Stopping before rack entry.
[INFO] [1778714590.301851322] [final_warehouse_scan_node]: Drive to row 1: target_y=3.00, y=-2.95, dy=5.95, yaw_err=-0.068
[INFO] [1778714590.312005112] [final_warehouse_scan_node]: WARNING: x drift 0.20m from centerline. Stopping before rack entry.
[INFO] [1778714590.349456982] [final_warehouse_scan_node]: Drive to row 1: target_y=3.00, y=-2.95, dy=5.95, yaw_err=-0.068
[INFO] [1778714590.357215888] [final_warehouse_scan_node]: WARNING: x drift 0.20m from centerline. Stopping before rack entry.
[INFO] [1778714590.398064716] [final_warehouse_scan_node]: Drive to row 1: target_y=3.00, y=-2.95, dy=5.95, yaw_err=-0.068
[INFO] [1778714590.403211255] [final_warehouse_scan_node]: WARNING: x drift 0.20m from centerline. Stopping before rack entry.
[INFO] [1778714590.448792194] [final_warehouse_scan_node]: Drive to row 1: target_y=3.00, y=-2.95, dy=5.95, yaw_err=-0.068
[INFO] [1778714590.456711559] [final_warehouse_scan_node]: WARNING: x drift 0.20m from centerline. Stopping before rack entry.
[INFO] [1778714590.499107021] [final_warehouse_scan_node]: Drive to row 1: target_y=3.00, y=-2.95, dy=5.95, yaw_err=-0.068
[INFO] [1778714590.505703821] [final_warehouse_scan_node]: WARNING: x drift 0.20m from centerline. Stopping before rack entry.
[INFO] [1778714590.551231228] [final_warehouse_scan_node]: Drive to row 1: target_y=3.00, y=-2.95, dy=5.95, yaw_err=-0.068
[INFO] [1778714590.557657050] [final_warehouse_scan_node]: WARNING: x drift 0.20m from centerline. Stopping before rack entry.
[INFO] [1778714590.597007578] [final_warehouse_scan_node]: Drive to row 1: target_y=3.00, y=-2.95, dy=5.95, yaw_err=-0.068
[INFO] [1778714590.600942653] [final_warehouse_scan_node]: WARNING: x drift 0.20m from centerline. Stopping before rack entry.
[INFO] [1778714590.649309339] [final_warehouse_scan_node]: Drive to row 1: target_y=3.00, y=-2.95, dy=5.95, yaw_err=-0.068
[INFO] [1778714590.653769874] [final_warehouse_scan_node]: WARNING: x drift 0.20m from centerline. Stopping before rack entry.
[INFO] [1778714590.700042301] [final_warehouse_scan_node]: Drive to row 1: target_y=3.00, y=-2.95, dy=5.95, yaw_err=-0.068
[INFO] [1778714590.709069634] [final_warehouse_scan_node]: WARNING: x drift 0.20m from centerline. Stopping before rack entry.
[INFO] [1778714590.752062494] [final_warehouse_scan_node]: Drive to row 1: target_y=3.00, y=-2.95, dy=5.95, yaw_err=-0.068
[INFO] [1778714590.759559105] [final_warehouse_scan_node]: WARNING: x drift 0.20m from centerline. Stopping before rack entry.
[INFO] [1778714590.801387082] [final_warehouse_scan_node]: Drive to row 1: target_y=3.00, y=-2.95, dy=5.95, yaw_err=-0.068
[INFO] [1778714590.811061256] [final_warehouse_scan_node]: WARNING: x drift 0.20m from centerline. Stopping before rack entry.
[INFO] [1778714590.847233782] [final_warehouse_scan_node]: Drive to row 1: target_y=3.00, y=-2.95, dy=5.95, yaw_err=-0.068
[INFO] [1778714590.852007211] [final_warehouse_scan_node]: WARNING: x drift 0.20m from centerline. Stopping before rack entry.
[INFO] [1778714590.898782499] [final_warehouse_scan_node]: Drive to row 1: target_y=3.00, y=-2.95, dy=5.95, yaw_err=-0.068
[INFO] [1778714590.903354876] [final_warehouse_scan_node]: WARNING: x drift 0.20m from centerline. Stopping before rack entry.
[INFO] [1778714590.949729113] [final_warehouse_scan_node]: Drive to row 1: target_y=3.00, y=-2.95, dy=5.95, yaw_err=-0.068
[INFO] [1778714590.957068978] [final_warehouse_scan_node]: WARNING: x drift 0.20m from centerline. Stopping before rack entry.
[INFO] [1778714590.998239846] [final_warehouse_scan_node]: Drive to row 1: target_y=3.00, y=-2.95, dy=5.95, yaw_err=-0.068
[INFO] [1778714591.005976821] [final_warehouse_scan_node]: WARNING: x drift 0.20m from centerline. Stopping before rack entry.
[INFO] [1778714591.048794223] [final_warehouse_scan_node]: Drive to row 1: target_y=3.00, y=-2.95, dy=5.95, yaw_err=-0.068
[INFO] [1778714591.054942800] [final_warehouse_scan_node]: WARNING: x drift 0.20m from centerline. Stopping before rack entry.
[INFO] [1778714591.101319888] [final_warehouse_scan_node]: Drive to row 1: target_y=3.00, y=-2.95, dy=5.95, yaw_err=-0.068
[INFO] [1778714591.111072643] [final_warehouse_scan_node]: WARNING: x drift 0.20m from centerline. Stopping before rack entry.
[INFO] [1778714591.150308294] [final_warehouse_scan_node]: Drive to row 1: target_y=3.00, y=-2.95, dy=5.95, yaw_err=-0.068
[INFO] [1778714591.156318219] [final_warehouse_scan_node]: WARNING: x drift 0.20m from centerline. Stopping before rack entry.
[INFO] [1778714591.201255969] [final_warehouse_scan_node]: Drive to row 1: target_y=3.00, y=-2.95, dy=5.95, yaw_err=-0.068
[INFO] [1778714591.213490016] [final_warehouse_scan_node]: WARNING: x drift 0.20m from centerline. Stopping before rack entry.
[INFO] [1778714591.250637733] [final_warehouse_scan_node]: Drive to row 1: target_y=3.00, y=-2.95, dy=5.95, yaw_err=-0.068
[INFO] [1778714591.261643921] [final_warehouse_scan_node]: WARNING: x drift 0.20m from centerline. Stopping before rack entry.
[INFO] [1778714591.301687553] [final_warehouse_scan_node]: Drive to row 1: target_y=3.00, y=-2.95, dy=5.95, yaw_err=-0.068
[INFO] [1778714591.311138708] [final_warehouse_scan_node]: WARNING: x drift 0.20m from centerline. Stopping before rack entry.
[INFO] [1778714591.348725573] [final_warehouse_scan_node]: Drive to row 1: target_y=3.00, y=-2.95, dy=5.95, yaw_err=-0.068
[INFO] [1778714591.354953772] [final_warehouse_scan_node]: WARNING: x drift 0.20m from centerline. Stopping before rack entry.
[INFO] [1778714591.401228459] [final_warehouse_scan_node]: Drive to row 1: target_y=3.00, y=-2.95, dy=5.95, yaw_err=-0.068
[INFO] [1778714591.408539638] [final_warehouse_scan_node]: WARNING: x drift 0.20m from centerline. Stopping before rack entry.
[INFO] [1778714591.451587706] [final_warehouse_scan_node]: Drive to row 1: target_y=3.00, y=-2.95, dy=5.95, yaw_err=-0.068
[INFO] [1778714591.458237018] [final_warehouse_scan_node]: WARNING: x drift 0.20m from centerline. Stopping before rack entry.
[INFO] [1778714591.502558199] [final_warehouse_scan_node]: Drive to row 1: target_y=3.00, y=-2.95, dy=5.95, yaw_err=-0.068
[INFO] [1778714591.510646606] [final_warehouse_scan_node]: WARNING: x drift 0.20m from centerline. Stopping before rack entry.
[INFO] [1778714591.552844459] [final_warehouse_scan_node]: Drive to row 1: target_y=3.00, y=-2.95, dy=5.95, yaw_err=-0.068
[INFO] [1778714591.562856624] [final_warehouse_scan_node]: WARNING: x drift 0.20m from centerline. Stopping before rack entry.
[INFO] [1778714591.600515589] [final_warehouse_scan_node]: Drive to row 1: target_y=3.00, y=-2.95, dy=5.95, yaw_err=-0.068
[INFO] [1778714591.609857857] [final_warehouse_scan_node]: WARNING: x drift 0.20m from centerline. Stopping before rack entry.
[INFO] [1778714591.648402357] [final_warehouse_scan_node]: Drive to row 1: target_y=3.00, y=-2.95, dy=5.95, yaw_err=-0.068
[INFO] [1778714591.654721029] [final_warehouse_scan_node]: WARNING: x drift 0.20m from centerline. Stopping before rack entry.
[INFO] [1778714591.699281686] [final_warehouse_scan_node]: Drive to row 1: target_y=3.00, y=-2.95, dy=5.95, yaw_err=-0.068
[INFO] [1778714591.708000074] [final_warehouse_scan_node]: WARNING: x drift 0.20m from centerline. Stopping before rack entry.
[INFO] [1778714591.752125305] [final_warehouse_scan_node]: Drive to row 1: target_y=3.00, y=-2.95, dy=5.95, yaw_err=-0.068
[INFO] [1778714591.761249978] [final_warehouse_scan_node]: WARNING: x drift 0.20m from centerline. Stopping before rack entry.
[INFO] [1778714591.798714300] [final_warehouse_scan_node]: Drive to row 1: target_y=3.00, y=-2.95, dy=5.95, yaw_err=-0.068
[INFO] [1778714591.805128801] [final_warehouse_scan_node]: WARNING: x drift 0.20m from centerline. Stopping before rack entry.
[INFO] [1778714591.848944321] [final_warehouse_scan_node]: Drive to row 1: target_y=3.00, y=-2.95, dy=5.95, yaw_err=-0.068
[INFO] [1778714591.859711842] [final_warehouse_scan_node]: WARNING: x drift 0.20m from centerline. Stopping before rack entry.
[INFO] [1778714591.901249950] [final_warehouse_scan_node]: Drive to row 1: target_y=3.00, y=-2.95, dy=5.95, yaw_err=-0.068
[INFO] [1778714591.909627098] [final_warehouse_scan_node]: WARNING: x drift 0.20m from centerline. Stopping before rack entry.
[INFO] [1778714591.950014442] [final_warehouse_scan_node]: Drive to row 1: target_y=3.00, y=-2.95, dy=5.95, yaw_err=-0.068
[INFO] [1778714591.959785794] [final_warehouse_scan_node]: WARNING: x drift 0.20m from centerline. Stopping before rack entry.
[INFO] [1778714592.000327439] [final_warehouse_scan_node]: Drive to row 1: target_y=3.00, y=-2.95, dy=5.95, yaw_err=-0.068
[INFO] [1778714592.008746331] [final_warehouse_scan_node]: WARNING: x drift 0.20m from centerline. Stopping before rack entry.
[INFO] [1778714592.048745371] [final_warehouse_scan_node]: Drive to row 1: target_y=3.00, y=-2.95, dy=5.95, yaw_err=-0.068
[INFO] [1778714592.056740224] [final_warehouse_scan_node]: WARNING: x drift 0.20m from centerline. Stopping before rack entry.
[INFO] [1778714592.098158883] [final_warehouse_scan_node]: Drive to row 1: target_y=3.00, y=-2.95, dy=5.95, yaw_err=-0.068
[INFO] [1778714592.107430248] [final_warehouse_scan_node]: WARNING: x drift 0.20m from centerline. Stopping before rack entry.
[INFO] [1778714592.147158500] [final_warehouse_scan_node]: Drive to row 1: target_y=3.00, y=-2.95, dy=5.95, yaw_err=-0.068
[INFO] [1778714592.152628201] [final_warehouse_scan_node]: WARNING: x drift 0.20m from centerline. Stopping before rack entry.
[INFO] [1778714592.197989874] [final_warehouse_scan_node]: Drive to row 1: target_y=3.00, y=-2.95, dy=5.95, yaw_err=-0.068
[INFO] [1778714592.203562269] [final_warehouse_scan_node]: WARNING: x drift 0.20m from centerline. Stopping before rack entry.
[INFO] [1778714592.252274620] [final_warehouse_scan_node]: Drive to row 1: target_y=3.00, y=-2.95, dy=5.95, yaw_err=-0.068
[INFO] [1778714592.260218865] [final_warehouse_scan_node]: WARNING: x drift 0.20m from centerline. Stopping before rack entry.
[INFO] [1778714592.299433448] [final_warehouse_scan_node]: Drive to row 1: target_y=3.00, y=-2.95, dy=5.95, yaw_err=-0.068
[INFO] [1778714592.306343709] [final_warehouse_scan_node]: WARNING: x drift 0.20m from centerline. Stopping before rack entry.
[INFO] [1778714592.355091028] [final_warehouse_scan_node]: Drive to row 1: target_y=3.00, y=-2.95, dy=5.95, yaw_err=-0.068
[INFO] [1778714592.363193541] [final_warehouse_scan_node]: WARNING: x drift 0.20m from centerline. Stopping before rack entry.
[INFO] [1778714592.398609652] [final_warehouse_scan_node]: Drive to row 1: target_y=3.00, y=-2.95, dy=5.95, yaw_err=-0.068
[INFO] [1778714592.406424767] [final_warehouse_scan_node]: WARNING: x drift 0.20m from centerline. Stopping before rack entry.
[INFO] [1778714592.450455102] [final_warehouse_scan_node]: Drive to row 1: target_y=3.00, y=-2.95, dy=5.95, yaw_err=-0.068
[INFO] [1778714592.459557425] [final_warehouse_scan_node]: WARNING: x drift 0.20m from centerline. Stopping before rack entry.
[INFO] [1778714592.500701713] [final_warehouse_scan_node]: Drive to row 1: target_y=3.00, y=-2.95, dy=5.95, yaw_err=-0.068
[INFO] [1778714592.509541381] [final_warehouse_scan_node]: WARNING: x drift 0.20m from centerline. Stopping before rack entry.
[INFO] [1778714592.548219134] [final_warehouse_scan_node]: Drive to row 1: target_y=3.00, y=-2.95, dy=5.95, yaw_err=-0.068
[INFO] [1778714592.554383575] [final_warehouse_scan_node]: WARNING: x drift 0.20m from centerline. Stopping before rack entry.
[INFO] [1778714592.596525284] [final_warehouse_scan_node]: Drive to row 1: target_y=3.00, y=-2.95, dy=5.95, yaw_err=-0.068
[INFO] [1778714592.599889782] [final_warehouse_scan_node]: WARNING: x drift 0.20m from centerline. Stopping before rack entry.
[INFO] [1778714592.649028908] [final_warehouse_scan_node]: Drive to row 1: target_y=3.00, y=-2.95, dy=5.95, yaw_err=-0.068
[INFO] [1778714592.654753006] [final_warehouse_scan_node]: WARNING: x drift 0.20m from centerline. Stopping before rack entry.
[INFO] [1778714592.699240818] [final_warehouse_scan_node]: Drive to row 1: target_y=3.00, y=-2.95, dy=5.95, yaw_err=-0.068
[INFO] [1778714592.706295496] [final_warehouse_scan_node]: WARNING: x drift 0.20m from centerline. Stopping before rack entry.
[INFO] [1778714592.748207691] [final_warehouse_scan_node]: Drive to row 1: target_y=3.00, y=-2.95, dy=5.95, yaw_err=-0.068
[INFO] [1778714592.754729044] [final_warehouse_scan_node]: WARNING: x drift 0.20m from centerline. Stopping before rack entry.
[INFO] [1778714592.798676705] [final_warehouse_scan_node]: Drive to row 1: target_y=3.00, y=-2.95, dy=5.95, yaw_err=-0.068
[INFO] [1778714592.805452347] [final_warehouse_scan_node]: WARNING: x drift 0.20m from centerline. Stopping before rack entry.
[INFO] [1778714592.847919379] [final_warehouse_scan_node]: Drive to row 1: target_y=3.00, y=-2.95, dy=5.95, yaw_err=-0.068
[INFO] [1778714592.854037560] [final_warehouse_scan_node]: WARNING: x drift 0.20m from centerline. Stopping before rack entry.
[INFO] [1778714592.898525273] [final_warehouse_scan_node]: Drive to row 1: target_y=3.00, y=-2.95, dy=5.95, yaw_err=-0.068
[INFO] [1778714592.905068494] [final_warehouse_scan_node]: WARNING: x drift 0.20m from centerline. Stopping before rack entry.
[INFO] [1778714592.948696867] [final_warehouse_scan_node]: Drive to row 1: target_y=3.00, y=-2.95, dy=5.95, yaw_err=-0.068
[INFO] [1778714592.956331803] [final_warehouse_scan_node]: WARNING: x drift 0.20m from centerline. Stopping before rack entry.
[INFO] [1778714592.998867225] [final_warehouse_scan_node]: Drive to row 1: target_y=3.00, y=-2.95, dy=5.95, yaw_err=-0.068
[INFO] [1778714593.006113420] [final_warehouse_scan_node]: WARNING: x drift 0.20m from centerline. Stopping before rack entry.
[INFO] [1778714593.049977283] [final_warehouse_scan_node]: Drive to row 1: target_y=3.00, y=-2.95, dy=5.95, yaw_err=-0.068
[INFO] [1778714593.060849567] [final_warehouse_scan_node]: WARNING: x drift 0.20m from centerline. Stopping before rack entry.
